collected_on,origin,destination,travel_date,days_ahead,price_raw
2026-08-31,DEL,BOM,2026-09-01,1,"₹15,869"
2026-08-31,DEL,BOM,2026-09-01,1,"₹15,869"
2026-08-31,DEL,BOM,2026-09-01,1,"₹15,909"
2026-08-31,DEL,BOM,2026-09-01,1,"₹15,909"
2026-08-31,DEL,BOM,2026-09-01,1,"₹15,909"
2026-08-31,DEL,BOM,2026-09-01,1,"₹15,909"
2026-08-31,DEL,BOM,2026-09-01,1,"₹15,933"
2026-08-31,DEL,BOM,2026-09-01,1,"₹15,933"
2026-08-31,DEL,BOM,2026-09-01,1,"₹16,056"
2026-08-31,DEL,BOM,2026-09-01,1,"₹16,056"
2026-08-31,DEL,BOM,2026-09-01,1,"₹16,056"
2026-08-31,DEL,BOM,2026-09-01,1,"₹16,056"
2026-08-31,DEL,BOM,2026-09-01,1,"₹16,189"
2026-08-31,DEL,BOM,2026-09-01,1,"₹16,189"
2026-08-31,DEL,BOM,2026-09-07,7,"₹6,179"
2026-08-31,DEL,BOM,2026-09-07,7,"₹6,179"
2026-08-31,DEL,BOM,2026-09-07,7,"₹6,179"
2026-08-31,DEL,BOM,2026-09-07,7,"₹6,179"
2026-08-31,DEL,BOM,2026-09-07,7,"₹6,179"
2026-08-31,DEL,BOM,2026-09-07,7,"₹6,179"
2026-08-31,DEL,BOM,2026-09-07,7,"₹6,179"
2026-08-31,DEL,BOM,2026-09-07,7,"₹6,179"
2026-08-31,DEL,BOM,2026-09-07,7,"₹7,159"
2026-08-31,DEL,BOM,2026-09-07,7,"₹7,159"
2026-08-31,DEL,BOM,2026-09-07,7,"₹7,159"
2026-08-31,DEL,BOM,2026-09-07,7,"₹7,159"
2026-08-31,DEL,BOM,2026-09-07,7,"₹7,159"
2026-08-31,DEL,BOM,2026-09-07,7,"₹7,159"
2026-08-31,DEL,BOM,2026-09-15,15,"₹6,626"
2026-08-31,DEL,BOM,2026-09-15,15,"₹6,626"
2026-08-31,DEL,BOM,2026-09-15,15,"₹7,000"
2026-08-31,DEL,BOM,2026-09-15,15,"₹7,000"
2026-08-31,DEL,BOM,2026-09-15,15,"₹6,735"
2026-08-31,DEL,BOM,2026-09-15,15,"₹6,735"
2026-08-31,DEL,BOM,2026-09-15,15,"₹7,159"
2026-08-31,DEL,BOM,2026-09-15,15,"₹7,159"
2026-08-31,DEL,BOM,2026-09-15,15,"₹7,159"
2026-08-31,DEL,BOM,2026-09-15,15,"₹7,159"
2026-08-31,DEL,BOM,2026-09-15,15,"₹7,159"
2026-08-31,DEL,BOM,2026-09-15,15,"₹7,159"
2026-08-31,DEL,BOM,2026-09-15,15,"₹7,159"
2026-08-31,DEL,BOM,2026-09-15,15,"₹7,159"
2026-08-31,DEL,BOM,2026-09-30,30,"₹6,898"
2026-08-31,DEL,BOM,2026-09-30,30,"₹6,898"
2026-08-31,DEL,BOM,2026-09-30,30,"₹6,898"
2026-08-31,DEL,BOM,2026-09-30,30,"₹6,898"
2026-08-31,DEL,BOM,2026-09-30,30,"₹7,159"
2026-08-31,DEL,BOM,2026-09-30,30,"₹7,159"
2026-08-31,DEL,BOM,2026-09-30,30,"₹7,159"
2026-08-31,DEL,BOM,2026-09-30,30,"₹7,159"
2026-08-31,DEL,BOM,2026-09-30,30,"₹7,159"
2026-08-31,DEL,BOM,2026-09-30,30,"₹7,159"
2026-08-31,DEL,BOM,2026-09-30,30,"₹7,159"
2026-08-31,DEL,BOM,2026-09-30,30,"₹7,159"
2026-08-31,DEL,BOM,2026-09-30,30,"₹7,159"
2026-08-31,DEL,BOM,2026-09-30,30,"₹7,159"
2026-08-31,DEL,BOM,2026-10-15,45,"₹7,000"
2026-08-31,DEL,BOM,2026-10-15,45,"₹7,000"
2026-08-31,DEL,BOM,2026-10-15,45,"₹7,000"
2026-08-31,DEL,BOM,2026-10-15,45,"₹7,000"
2026-08-31,DEL,BOM,2026-10-15,45,"₹7,000"
2026-08-31,DEL,BOM,2026-10-15,45,"₹7,000"
2026-08-31,DEL,BOM,2026-10-15,45,"₹7,000"
2026-08-31,DEL,BOM,2026-10-15,45,"₹7,000"
2026-08-31,DEL,BOM,2026-10-15,45,"₹7,000"
2026-08-31,DEL,BOM,2026-10-15,45,"₹7,000"
2026-08-31,DEL,BOM,2026-10-15,45,"₹7,243"
2026-08-31,DEL,BOM,2026-10-15,45,"₹7,243"
2026-08-31,DEL,BOM,2026-10-15,45,"₹7,243"
2026-08-31,DEL,BOM,2026-10-15,45,"₹7,243"
2026-08-31,DEL,BLR,2026-09-01,1,"₹13,266"
2026-08-31,DEL,BLR,2026-09-01,1,"₹13,266"
2026-08-31,DEL,BLR,2026-09-01,1,"₹13,266"
2026-08-31,DEL,BLR,2026-09-01,1,"₹13,266"
2026-08-31,DEL,BLR,2026-09-01,1,"₹13,266"
2026-08-31,DEL,BLR,2026-09-01,1,"₹13,266"
2026-08-31,DEL,BLR,2026-09-01,1,"₹13,266"
2026-08-31,DEL,BLR,2026-09-01,1,"₹13,266"
2026-08-31,DEL,BLR,2026-09-01,1,"₹13,266"
2026-08-31,DEL,BLR,2026-09-01,1,"₹13,266"
2026-08-31,DEL,BLR,2026-09-01,1,"₹13,266"
2026-08-31,DEL,BLR,2026-09-01,1,"₹13,266"
2026-08-31,DEL,BLR,2026-09-01,1,"₹13,266"
2026-08-31,DEL,BLR,2026-09-01,1,"₹13,266"
2026-08-31,DEL,BLR,2026-09-07,7,"₹9,894"
2026-08-31,DEL,BLR,2026-09-07,7,"₹9,894"
2026-08-31,DEL,BLR,2026-09-07,7,"₹9,126"
2026-08-31,DEL,BLR,2026-09-07,7,"₹9,126"
2026-08-31,DEL,BLR,2026-09-07,7,"₹10,884"
2026-08-31,DEL,BLR,2026-09-07,7,"₹10,884"
2026-08-31,DEL,BLR,2026-09-07,7,"₹9,963"
2026-08-31,DEL,BLR,2026-09-07,7,"₹9,963"
2026-08-31,DEL,BLR,2026-09-07,7,"₹9,963"
2026-08-31,DEL,BLR,2026-09-07,7,"₹9,963"
2026-08-31,DEL,BLR,2026-09-07,7,"₹9,963"
2026-08-31,DEL,BLR,2026-09-07,7,"₹9,963"
2026-08-31,DEL,BLR,2026-09-07,7,"₹9,999"
2026-08-31,DEL,BLR,2026-09-07,7,"₹9,999"
2026-08-31,DEL,BLR,2026-09-15,15,"₹10,094"
2026-08-31,DEL,BLR,2026-09-15,15,"₹10,094"
2026-08-31,DEL,BLR,2026-09-15,15,"₹10,094"
2026-08-31,DEL,BLR,2026-09-15,15,"₹10,094"
2026-08-31,DEL,BLR,2026-09-15,15,"₹10,094"
2026-08-31,DEL,BLR,2026-09-15,15,"₹10,094"
2026-08-31,DEL,BLR,2026-09-15,15,"₹10,094"
2026-08-31,DEL,BLR,2026-09-15,15,"₹10,094"
2026-08-31,DEL,BLR,2026-09-15,15,"₹10,094"
2026-08-31,DEL,BLR,2026-09-15,15,"₹10,094"
2026-08-31,DEL,BLR,2026-09-15,15,"₹10,137"
2026-08-31,DEL,BLR,2026-09-15,15,"₹10,137"
2026-08-31,DEL,BLR,2026-09-15,15,"₹10,268"
2026-08-31,DEL,BLR,2026-09-15,15,"₹10,268"
2026-08-31,DEL,BLR,2026-09-30,30,"₹8,786"
2026-08-31,DEL,BLR,2026-09-30,30,"₹8,786"
2026-08-31,DEL,BLR,2026-09-30,30,"₹9,126"
2026-08-31,DEL,BLR,2026-09-30,30,"₹9,126"
2026-08-31,DEL,BLR,2026-09-30,30,"₹9,126"
2026-08-31,DEL,BLR,2026-09-30,30,"₹9,126"
2026-08-31,DEL,BLR,2026-09-30,30,"₹9,126"
2026-08-31,DEL,BLR,2026-09-30,30,"₹9,126"
2026-08-31,DEL,BLR,2026-09-30,30,"₹9,126"
2026-08-31,DEL,BLR,2026-09-30,30,"₹9,126"
2026-08-31,DEL,BLR,2026-09-30,30,"₹10,094"
2026-08-31,DEL,BLR,2026-09-30,30,"₹10,094"
2026-08-31,DEL,BLR,2026-09-30,30,"₹10,137"
2026-08-31,DEL,BLR,2026-09-30,30,"₹10,137"
2026-08-31,DEL,BLR,2026-10-15,45,"₹10,671"
2026-08-31,DEL,BLR,2026-10-15,45,"₹10,671"
2026-08-31,DEL,BLR,2026-10-15,45,"₹9,767"
2026-08-31,DEL,BLR,2026-10-15,45,"₹9,767"
2026-08-31,DEL,BLR,2026-10-15,45,"₹10,894"
2026-08-31,DEL,BLR,2026-10-15,45,"₹10,894"
2026-08-31,DEL,BLR,2026-10-15,45,"₹10,870"
2026-08-31,DEL,BLR,2026-10-15,45,"₹10,870"
2026-08-31,DEL,BLR,2026-10-15,45,"₹9,894"
2026-08-31,DEL,BLR,2026-10-15,45,"₹9,894"
2026-08-31,DEL,BLR,2026-10-15,45,"₹9,931"
2026-08-31,DEL,BLR,2026-10-15,45,"₹9,931"
2026-08-31,DEL,BLR,2026-10-15,45,"₹9,933"
2026-08-31,DEL,BLR,2026-10-15,45,"₹9,933"
2026-08-31,BOM,BLR,2026-09-01,1,"₹10,596"
2026-08-31,BOM,BLR,2026-09-01,1,"₹10,596"
2026-08-31,BOM,BLR,2026-09-01,1,"₹9,843"
2026-08-31,BOM,BLR,2026-09-01,1,"₹9,843"
2026-08-31,BOM,BLR,2026-09-01,1,"₹10,053"
2026-08-31,BOM,BLR,2026-09-01,1,"₹10,053"
2026-08-31,BOM,BLR,2026-09-01,1,"₹10,677"
2026-08-31,BOM,BLR,2026-09-01,1,"₹10,677"
2026-08-31,BOM,BLR,2026-09-01,1,"₹10,677"
2026-08-31,BOM,BLR,2026-09-01,1,"₹10,677"
2026-08-31,BOM,BLR,2026-09-01,1,"₹10,677"
2026-08-31,BOM,BLR,2026-09-01,1,"₹10,677"
2026-08-31,BOM,BLR,2026-09-01,1,"₹10,677"
2026-08-31,BOM,BLR,2026-09-01,1,"₹10,677"
2026-08-31,BOM,BLR,2026-09-07,7,"₹6,914"
2026-08-31,BOM,BLR,2026-09-07,7,"₹6,914"
2026-08-31,BOM,BLR,2026-09-07,7,"₹6,914"
2026-08-31,BOM,BLR,2026-09-07,7,"₹6,914"
2026-08-31,BOM,BLR,2026-09-07,7,"₹7,051"
2026-08-31,BOM,BLR,2026-09-07,7,"₹7,051"
2026-08-31,BOM,BLR,2026-09-07,7,"₹6,145"
2026-08-31,BOM,BLR,2026-09-07,7,"₹6,145"
2026-08-31,BOM,BLR,2026-09-07,7,"₹6,145"
2026-08-31,BOM,BLR,2026-09-07,7,"₹6,145"
2026-08-31,BOM,BLR,2026-09-07,7,"₹6,145"
2026-08-31,BOM,BLR,2026-09-07,7,"₹6,145"
2026-08-31,BOM,BLR,2026-09-15,15,"₹6,487"
2026-08-31,BOM,BLR,2026-09-15,15,"₹6,487"
2026-08-31,BOM,BLR,2026-09-15,15,"₹6,487"
2026-08-31,BOM,BLR,2026-09-15,15,"₹6,487"
2026-08-31,BOM,BLR,2026-09-15,15,"₹6,487"
2026-08-31,BOM,BLR,2026-09-15,15,"₹6,487"
2026-08-31,BOM,BLR,2026-09-15,15,"₹6,487"
2026-08-31,BOM,BLR,2026-09-15,15,"₹6,487"
2026-08-31,BOM,BLR,2026-09-15,15,"₹6,487"
2026-08-31,BOM,BLR,2026-09-15,15,"₹6,487"
2026-08-31,BOM,BLR,2026-09-15,15,"₹6,487"
2026-08-31,BOM,BLR,2026-09-15,15,"₹6,487"
2026-08-31,BOM,BLR,2026-09-15,15,"₹6,487"
2026-08-31,BOM,BLR,2026-09-15,15,"₹6,487"
2026-08-31,BOM,BLR,2026-09-30,30,"₹7,312"
2026-08-31,BOM,BLR,2026-09-30,30,"₹7,312"
2026-08-31,BOM,BLR,2026-09-30,30,"₹8,252"
2026-08-31,BOM,BLR,2026-09-30,30,"₹8,252"
2026-08-31,BOM,BLR,2026-09-30,30,"₹7,522"
2026-08-31,BOM,BLR,2026-09-30,30,"₹7,522"
2026-08-31,BOM,BLR,2026-09-30,30,"₹7,956"
2026-08-31,BOM,BLR,2026-09-30,30,"₹7,956"
2026-08-31,BOM,BLR,2026-09-30,30,"₹7,956"
2026-08-31,BOM,BLR,2026-09-30,30,"₹7,956"
2026-08-31,BOM,BLR,2026-09-30,30,"₹7,956"
2026-08-31,BOM,BLR,2026-09-30,30,"₹7,956"
2026-08-31,BOM,BLR,2026-09-30,30,"₹7,956"
2026-08-31,BOM,BLR,2026-09-30,30,"₹7,956"
2026-08-31,BOM,BLR,2026-10-15,45,"₹7,353"
2026-08-31,BOM,BLR,2026-10-15,45,"₹7,353"
2026-08-31,BOM,BLR,2026-10-15,45,"₹7,544"
2026-08-31,BOM,BLR,2026-10-15,45,"₹7,544"
2026-08-31,BOM,BLR,2026-10-15,45,"₹7,544"
2026-08-31,BOM,BLR,2026-10-15,45,"₹7,544"
2026-08-31,BOM,BLR,2026-10-15,45,"₹7,544"
2026-08-31,BOM,BLR,2026-10-15,45,"₹7,544"
2026-08-31,BOM,BLR,2026-10-15,45,"₹7,650"
2026-08-31,BOM,BLR,2026-10-15,45,"₹7,650"
2026-08-31,BOM,BLR,2026-10-15,45,"₹7,692"
2026-08-31,BOM,BLR,2026-10-15,45,"₹7,692"
2026-08-31,BOM,BLR,2026-10-15,45,"₹7,692"
2026-08-31,BOM,BLR,2026-10-15,45,"₹7,692"
2026-08-31,DEL,HYD,2026-09-01,1,"₹11,777"
2026-08-31,DEL,HYD,2026-09-01,1,"₹11,777"
2026-08-31,DEL,HYD,2026-09-01,1,"₹12,787"
2026-08-31,DEL,HYD,2026-09-01,1,"₹12,787"
2026-08-31,DEL,HYD,2026-09-01,1,"₹11,823"
2026-08-31,DEL,HYD,2026-09-01,1,"₹11,823"
2026-08-31,DEL,HYD,2026-09-01,1,"₹12,212"
2026-08-31,DEL,HYD,2026-09-01,1,"₹12,212"
2026-08-31,DEL,HYD,2026-09-01,1,"₹12,212"
2026-08-31,DEL,HYD,2026-09-01,1,"₹12,212"
2026-08-31,DEL,HYD,2026-09-01,1,"₹12,212"
2026-08-31,DEL,HYD,2026-09-01,1,"₹12,212"
2026-08-31,DEL,HYD,2026-09-01,1,"₹12,212"
2026-08-31,DEL,HYD,2026-09-01,1,"₹12,212"
2026-08-31,DEL,HYD,2026-09-07,7,"₹9,883"
2026-08-31,DEL,HYD,2026-09-07,7,"₹9,883"
2026-08-31,DEL,HYD,2026-09-07,7,"₹10,422"
2026-08-31,DEL,HYD,2026-09-07,7,"₹10,422"
2026-08-31,DEL,HYD,2026-09-07,7,"₹11,505"
2026-08-31,DEL,HYD,2026-09-07,7,"₹11,505"
2026-08-31,DEL,HYD,2026-09-07,7,"₹11,505"
2026-08-31,DEL,HYD,2026-09-07,7,"₹11,505"
2026-08-31,DEL,HYD,2026-09-07,7,"₹11,671"
2026-08-31,DEL,HYD,2026-09-07,7,"₹11,671"
2026-08-31,DEL,HYD,2026-09-07,7,"₹11,789"
2026-08-31,DEL,HYD,2026-09-07,7,"₹11,789"
2026-08-31,DEL,HYD,2026-09-07,7,"₹12,250"
2026-08-31,DEL,HYD,2026-09-07,7,"₹12,250"
2026-08-31,DEL,HYD,2026-09-15,15,"₹9,119"
2026-08-31,DEL,HYD,2026-09-15,15,"₹9,119"
2026-08-31,DEL,HYD,2026-09-15,15,"₹9,179"
2026-08-31,DEL,HYD,2026-09-15,15,"₹9,179"
2026-08-31,DEL,HYD,2026-09-15,15,"₹9,427"
2026-08-31,DEL,HYD,2026-09-15,15,"₹9,427"
2026-08-31,DEL,HYD,2026-09-15,15,"₹8,688"
2026-08-31,DEL,HYD,2026-09-15,15,"₹8,688"
2026-08-31,DEL,HYD,2026-09-15,15,"₹8,692"
2026-08-31,DEL,HYD,2026-09-15,15,"₹8,692"
2026-08-31,DEL,HYD,2026-09-15,15,"₹8,692"
2026-08-31,DEL,HYD,2026-09-15,15,"₹8,692"
2026-08-31,DEL,HYD,2026-09-15,15,"₹8,692"
2026-08-31,DEL,HYD,2026-09-15,15,"₹8,692"
2026-08-31,DEL,HYD,2026-09-30,30,"₹8,111"
2026-08-31,DEL,HYD,2026-09-30,30,"₹8,111"
2026-08-31,DEL,HYD,2026-09-30,30,"₹9,278"
2026-08-31,DEL,HYD,2026-09-30,30,"₹9,278"
2026-08-31,DEL,HYD,2026-09-30,30,"₹8,404"
2026-08-31,DEL,HYD,2026-09-30,30,"₹8,404"
2026-08-31,DEL,HYD,2026-09-30,30,"₹9,497"
2026-08-31,DEL,HYD,2026-09-30,30,"₹9,497"
2026-08-31,DEL,HYD,2026-09-30,30,"₹9,497"
2026-08-31,DEL,HYD,2026-09-30,30,"₹9,497"
2026-08-31,DEL,HYD,2026-09-30,30,"₹9,497"
2026-08-31,DEL,HYD,2026-09-30,30,"₹9,497"
2026-08-31,DEL,HYD,2026-09-30,30,"₹8,561"
2026-08-31,DEL,HYD,2026-09-30,30,"₹8,561"
2026-08-31,DEL,HYD,2026-10-15,45,"₹8,768"
2026-08-31,DEL,HYD,2026-10-15,45,"₹8,768"
2026-08-31,DEL,HYD,2026-10-15,45,"₹9,850"
2026-08-31,DEL,HYD,2026-10-15,45,"₹9,850"
2026-08-31,DEL,HYD,2026-10-15,45,"₹8,899"
2026-08-31,DEL,HYD,2026-10-15,45,"₹8,899"
2026-08-31,DEL,HYD,2026-10-15,45,"₹10,091"
2026-08-31,DEL,HYD,2026-10-15,45,"₹10,091"
2026-08-31,DEL,HYD,2026-10-15,45,"₹9,109"
2026-08-31,DEL,HYD,2026-10-15,45,"₹9,109"
2026-08-31,DEL,HYD,2026-10-15,45,"₹10,270"
2026-08-31,DEL,HYD,2026-10-15,45,"₹10,270"
2026-08-31,DEL,HYD,2026-10-15,45,"₹10,337"
2026-08-31,DEL,HYD,2026-10-15,45,"₹10,337"
2026-08-31,BOM,CCU,2026-09-01,1,"₹12,534"
2026-08-31,BOM,CCU,2026-09-01,1,"₹12,534"
2026-08-31,BOM,CCU,2026-09-01,1,"₹12,729"
2026-08-31,BOM,CCU,2026-09-01,1,"₹12,729"
2026-08-31,BOM,CCU,2026-09-01,1,"₹12,859"
2026-08-31,BOM,CCU,2026-09-01,1,"₹12,859"
2026-08-31,BOM,CCU,2026-09-01,1,"₹13,057"
2026-08-31,BOM,CCU,2026-09-01,1,"₹13,057"
2026-08-31,BOM,CCU,2026-09-01,1,"₹13,069"
2026-08-31,BOM,CCU,2026-09-01,1,"₹13,069"
2026-08-31,BOM,CCU,2026-09-01,1,"₹13,263"
2026-08-31,BOM,CCU,2026-09-01,1,"₹13,263"
2026-08-31,BOM,CCU,2026-09-01,1,"₹13,694"
2026-08-31,BOM,CCU,2026-09-01,1,"₹13,694"
2026-08-31,BOM,CCU,2026-09-07,7,"₹8,502"
2026-08-31,BOM,CCU,2026-09-07,7,"₹8,502"
2026-08-31,BOM,CCU,2026-09-07,7,"₹8,657"
2026-08-31,BOM,CCU,2026-09-07,7,"₹8,657"
2026-08-31,BOM,CCU,2026-09-07,7,"₹8,657"
2026-08-31,BOM,CCU,2026-09-07,7,"₹8,657"
2026-08-31,BOM,CCU,2026-09-07,7,"₹9,546"
2026-08-31,BOM,CCU,2026-09-07,7,"₹9,546"
2026-08-31,BOM,CCU,2026-09-07,7,"₹8,712"
2026-08-31,BOM,CCU,2026-09-07,7,"₹8,712"
2026-08-31,BOM,CCU,2026-09-07,7,"₹8,712"
2026-08-31,BOM,CCU,2026-09-07,7,"₹8,712"
2026-08-31,BOM,CCU,2026-09-07,7,"₹9,195"
2026-08-31,BOM,CCU,2026-09-07,7,"₹9,195"
2026-08-31,BOM,CCU,2026-09-15,15,"₹10,761"
2026-08-31,BOM,CCU,2026-09-15,15,"₹10,761"
2026-08-31,BOM,CCU,2026-09-15,15,"₹10,761"
2026-08-31,BOM,CCU,2026-09-15,15,"₹10,761"
2026-08-31,BOM,CCU,2026-09-15,15,"₹10,761"
2026-08-31,BOM,CCU,2026-09-15,15,"₹10,761"
2026-08-31,BOM,CCU,2026-09-15,15,"₹10,761"
2026-08-31,BOM,CCU,2026-09-15,15,"₹10,761"
2026-08-31,BOM,CCU,2026-09-15,15,"₹10,761"
2026-08-31,BOM,CCU,2026-09-15,15,"₹10,761"
2026-08-31,BOM,CCU,2026-09-15,15,"₹11,540"
2026-08-31,BOM,CCU,2026-09-15,15,"₹11,540"
2026-08-31,BOM,CCU,2026-09-15,15,"₹11,521"
2026-08-31,BOM,CCU,2026-09-15,15,"₹11,521"
2026-08-31,BOM,CCU,2026-09-30,30,"₹11,053"
2026-08-31,BOM,CCU,2026-09-30,30,"₹11,053"
2026-08-31,BOM,CCU,2026-09-30,30,"₹10,438"
2026-08-31,BOM,CCU,2026-09-30,30,"₹10,438"
2026-08-31,BOM,CCU,2026-09-30,30,"₹10,648"
2026-08-31,BOM,CCU,2026-09-30,30,"₹10,648"
2026-08-31,BOM,CCU,2026-09-30,30,"₹11,007"
2026-08-31,BOM,CCU,2026-09-30,30,"₹11,007"
2026-08-31,BOM,CCU,2026-09-30,30,"₹11,217"
2026-08-31,BOM,CCU,2026-09-30,30,"₹11,217"
2026-08-31,BOM,CCU,2026-09-30,30,"₹11,389"
2026-08-31,BOM,CCU,2026-09-30,30,"₹11,389"
2026-08-31,BOM,CCU,2026-09-30,30,"₹11,637"
2026-08-31,BOM,CCU,2026-09-30,30,"₹11,637"
2026-08-31,BOM,CCU,2026-10-15,45,"₹21,785"
2026-08-31,BOM,CCU,2026-10-15,45,"₹21,785"
2026-08-31,BOM,CCU,2026-10-15,45,"₹21,097"
2026-08-31,BOM,CCU,2026-10-15,45,"₹21,097"
2026-08-31,BOM,CCU,2026-10-15,45,"₹21,097"
2026-08-31,BOM,CCU,2026-10-15,45,"₹21,097"
2026-08-31,BOM,CCU,2026-10-15,45,"₹21,122"
2026-08-31,BOM,CCU,2026-10-15,45,"₹21,122"
2026-08-31,BOM,CCU,2026-10-15,45,"₹21,575"
2026-08-31,BOM,CCU,2026-10-15,45,"₹21,575"
2026-08-31,BOM,CCU,2026-10-15,45,"₹22,603"
2026-08-31,BOM,CCU,2026-10-15,45,"₹22,603"
2026-08-31,BOM,CCU,2026-10-15,45,"₹22,152"
2026-08-31,BOM,CCU,2026-10-15,45,"₹22,152"
2026-08-31,DEL,BOM,2026-09-01,1,"₹7,159"
2026-08-31,DEL,BOM,2026-09-01,1,"₹7,159"
2026-08-31,DEL,BOM,2026-09-01,1,"₹7,159"
2026-08-31,DEL,BOM,2026-09-01,1,"₹7,159"
2026-08-31,DEL,BOM,2026-09-01,1,"₹6,389"
2026-08-31,DEL,BOM,2026-09-01,1,"₹6,389"
2026-08-31,DEL,BOM,2026-09-01,1,"₹6,389"
2026-08-31,DEL,BOM,2026-09-01,1,"₹6,389"
2026-08-31,DEL,BOM,2026-09-01,1,"₹6,389"
2026-08-31,DEL,BOM,2026-09-01,1,"₹6,389"
2026-08-31,DEL,BOM,2026-09-01,1,"₹7,369"
2026-08-31,DEL,BOM,2026-09-01,1,"₹7,369"
2026-08-31,DEL,BOM,2026-09-01,1,"₹6,520"
2026-08-31,DEL,BOM,2026-09-01,1,"₹6,520"
2026-08-31,DEL,BOM,2026-09-07,7,"₹6,601"
2026-08-31,DEL,BOM,2026-09-07,7,"₹6,601"
2026-08-31,DEL,BOM,2026-09-07,7,"₹6,700"
2026-08-31,DEL,BOM,2026-09-07,7,"₹6,700"
2026-08-31,DEL,BOM,2026-09-07,7,"₹6,179"
2026-08-31,DEL,BOM,2026-09-07,7,"₹6,179"
2026-08-31,DEL,BOM,2026-09-07,7,"₹6,179"
2026-08-31,DEL,BOM,2026-09-07,7,"₹6,179"
2026-08-31,DEL,BOM,2026-09-07,7,"₹6,179"
2026-08-31,DEL,BOM,2026-09-07,7,"₹6,179"
2026-08-31,DEL,BOM,2026-09-07,7,"₹6,179"
2026-08-31,DEL,BOM,2026-09-07,7,"₹6,179"
2026-08-31,DEL,BOM,2026-09-07,7,"₹7,159"
2026-08-31,DEL,BOM,2026-09-07,7,"₹7,159"
2026-08-31,DEL,BOM,2026-09-15,15,"₹6,898"
2026-08-31,DEL,BOM,2026-09-15,15,"₹6,898"
2026-08-31,DEL,BOM,2026-09-15,15,"₹6,601"
2026-08-31,DEL,BOM,2026-09-15,15,"₹6,601"
2026-08-31,DEL,BOM,2026-09-15,15,"₹7,000"
2026-08-31,DEL,BOM,2026-09-15,15,"₹7,000"
2026-08-31,DEL,BOM,2026-09-15,15,"₹6,700"
2026-08-31,DEL,BOM,2026-09-15,15,"₹6,700"
2026-08-31,DEL,BOM,2026-09-15,15,"₹7,159"
2026-08-31,DEL,BOM,2026-09-15,15,"₹7,159"
2026-08-31,DEL,BOM,2026-09-15,15,"₹7,159"
2026-08-31,DEL,BOM,2026-09-15,15,"₹7,159"
2026-08-31,DEL,BOM,2026-09-15,15,"₹7,159"
2026-08-31,DEL,BOM,2026-09-15,15,"₹7,159"
2026-08-31,DEL,BOM,2026-09-30,30,"₹6,898"
2026-08-31,DEL,BOM,2026-09-30,30,"₹6,898"
2026-08-31,DEL,BOM,2026-09-30,30,"₹6,898"
2026-08-31,DEL,BOM,2026-09-30,30,"₹6,898"
2026-08-31,DEL,BOM,2026-09-30,30,"₹7,160"
2026-08-31,DEL,BOM,2026-09-30,30,"₹7,160"
2026-08-31,DEL,BOM,2026-09-30,30,"₹7,159"
2026-08-31,DEL,BOM,2026-09-30,30,"₹7,159"
2026-08-31,DEL,BOM,2026-09-30,30,"₹7,159"
2026-08-31,DEL,BOM,2026-09-30,30,"₹7,159"
2026-08-31,DEL,BOM,2026-09-30,30,"₹7,159"
2026-08-31,DEL,BOM,2026-09-30,30,"₹7,159"
2026-08-31,DEL,BOM,2026-09-30,30,"₹7,159"
2026-08-31,DEL,BOM,2026-09-30,30,"₹7,159"
2026-08-31,DEL,BOM,2026-10-15,45,"₹7,000"
2026-08-31,DEL,BOM,2026-10-15,45,"₹7,000"
2026-08-31,DEL,BOM,2026-10-15,45,"₹7,000"
2026-08-31,DEL,BOM,2026-10-15,45,"₹7,000"
2026-08-31,DEL,BOM,2026-10-15,45,"₹7,000"
2026-08-31,DEL,BOM,2026-10-15,45,"₹7,000"
2026-08-31,DEL,BOM,2026-10-15,45,"₹7,000"
2026-08-31,DEL,BOM,2026-10-15,45,"₹7,000"
2026-08-31,DEL,BOM,2026-10-15,45,"₹7,000"
2026-08-31,DEL,BOM,2026-10-15,45,"₹7,000"
2026-08-31,DEL,BOM,2026-10-15,45,"₹7,243"
2026-08-31,DEL,BOM,2026-10-15,45,"₹7,243"
2026-08-31,DEL,BOM,2026-10-15,45,"₹7,243"
2026-08-31,DEL,BOM,2026-10-15,45,"₹7,243"
2026-08-31,DEL,BLR,2026-09-01,1,"₹13,578"
2026-08-31,DEL,BLR,2026-09-01,1,"₹13,578"
2026-08-31,DEL,BLR,2026-09-01,1,"₹13,578"
2026-08-31,DEL,BLR,2026-09-01,1,"₹13,578"
2026-08-31,DEL,BLR,2026-09-01,1,"₹13,578"
2026-08-31,DEL,BLR,2026-09-01,1,"₹13,578"
2026-08-31,DEL,BLR,2026-09-01,1,"₹13,578"
2026-08-31,DEL,BLR,2026-09-01,1,"₹13,578"
2026-08-31,DEL,BLR,2026-09-01,1,"₹13,654"
2026-08-31,DEL,BLR,2026-09-01,1,"₹13,654"
2026-08-31,DEL,BLR,2026-09-01,1,"₹13,830"
2026-08-31,DEL,BLR,2026-09-01,1,"₹13,830"
2026-08-31,DEL,BLR,2026-09-01,1,"₹13,666"
2026-08-31,DEL,BLR,2026-09-01,1,"₹13,666"
2026-08-31,DEL,BLR,2026-09-07,7,"₹9,999"
2026-08-31,DEL,BLR,2026-09-07,7,"₹9,999"
2026-08-31,DEL,BLR,2026-09-07,7,"₹10,978"
2026-08-31,DEL,BLR,2026-09-07,7,"₹10,978"
2026-08-31,DEL,BLR,2026-09-07,7,"₹10,077"
2026-08-31,DEL,BLR,2026-09-07,7,"₹10,077"
2026-08-31,DEL,BLR,2026-09-07,7,"₹10,077"
2026-08-31,DEL,BLR,2026-09-07,7,"₹10,077"
2026-08-31,DEL,BLR,2026-09-07,7,"₹10,077"
2026-08-31,DEL,BLR,2026-09-07,7,"₹10,077"
2026-08-31,DEL,BLR,2026-09-07,7,"₹11,070"
2026-08-31,DEL,BLR,2026-09-07,7,"₹11,070"
2026-08-31,DEL,BLR,2026-09-07,7,"₹11,070"
2026-08-31,DEL,BLR,2026-09-07,7,"₹11,070"
2026-08-31,DEL,BLR,2026-09-15,15,"₹10,094"
2026-08-31,DEL,BLR,2026-09-15,15,"₹10,094"
2026-08-31,DEL,BLR,2026-09-15,15,"₹10,094"
2026-08-31,DEL,BLR,2026-09-15,15,"₹10,094"
2026-08-31,DEL,BLR,2026-09-15,15,"₹10,094"
2026-08-31,DEL,BLR,2026-09-15,15,"₹10,094"
2026-08-31,DEL,BLR,2026-09-15,15,"₹10,094"
2026-08-31,DEL,BLR,2026-09-15,15,"₹10,094"
2026-08-31,DEL,BLR,2026-09-15,15,"₹10,094"
2026-08-31,DEL,BLR,2026-09-15,15,"₹10,094"
2026-08-31,DEL,BLR,2026-09-15,15,"₹10,137"
2026-08-31,DEL,BLR,2026-09-15,15,"₹10,137"
2026-08-31,DEL,BLR,2026-09-15,15,"₹10,268"
2026-08-31,DEL,BLR,2026-09-15,15,"₹10,268"
2026-08-31,DEL,BLR,2026-09-30,30,"₹8,916"
2026-08-31,DEL,BLR,2026-09-30,30,"₹8,916"
2026-08-31,DEL,BLR,2026-09-30,30,"₹9,126"
2026-08-31,DEL,BLR,2026-09-30,30,"₹9,126"
2026-08-31,DEL,BLR,2026-09-30,30,"₹9,126"
2026-08-31,DEL,BLR,2026-09-30,30,"₹9,126"
2026-08-31,DEL,BLR,2026-09-30,30,"₹9,126"
2026-08-31,DEL,BLR,2026-09-30,30,"₹9,126"
2026-08-31,DEL,BLR,2026-09-30,30,"₹9,126"
2026-08-31,DEL,BLR,2026-09-30,30,"₹9,126"
2026-08-31,DEL,BLR,2026-09-30,30,"₹10,094"
2026-08-31,DEL,BLR,2026-09-30,30,"₹10,094"
2026-08-31,DEL,BLR,2026-09-30,30,"₹10,137"
2026-08-31,DEL,BLR,2026-09-30,30,"₹10,137"
2026-08-31,DEL,BLR,2026-10-15,45,"₹10,671"
2026-08-31,DEL,BLR,2026-10-15,45,"₹10,671"
2026-08-31,DEL,BLR,2026-10-15,45,"₹9,767"
2026-08-31,DEL,BLR,2026-10-15,45,"₹9,767"
2026-08-31,DEL,BLR,2026-10-15,45,"₹10,894"
2026-08-31,DEL,BLR,2026-10-15,45,"₹10,894"
2026-08-31,DEL,BLR,2026-10-15,45,"₹10,870"
2026-08-31,DEL,BLR,2026-10-15,45,"₹10,870"
2026-08-31,DEL,BLR,2026-10-15,45,"₹9,894"
2026-08-31,DEL,BLR,2026-10-15,45,"₹9,894"
2026-08-31,DEL,BLR,2026-10-15,45,"₹9,931"
2026-08-31,DEL,BLR,2026-10-15,45,"₹9,931"
2026-08-31,DEL,BLR,2026-10-15,45,"₹9,933"
2026-08-31,DEL,BLR,2026-10-15,45,"₹9,933"
2026-08-31,BOM,BLR,2026-09-01,1,"₹9,434"
2026-08-31,BOM,BLR,2026-09-01,1,"₹9,434"
2026-08-31,BOM,BLR,2026-09-01,1,"₹8,703"
2026-08-31,BOM,BLR,2026-09-01,1,"₹8,703"
2026-08-31,BOM,BLR,2026-09-01,1,"₹9,131"
2026-08-31,BOM,BLR,2026-09-01,1,"₹9,131"
2026-08-31,BOM,BLR,2026-09-01,1,"₹10,588"
2026-08-31,BOM,BLR,2026-09-01,1,"₹10,588"
2026-08-31,BOM,BLR,2026-09-01,1,"₹10,589"
2026-08-31,BOM,BLR,2026-09-01,1,"₹10,589"
2026-08-31,BOM,BLR,2026-09-01,1,"₹10,596"
2026-08-31,BOM,BLR,2026-09-01,1,"₹10,596"
2026-08-31,BOM,BLR,2026-09-01,1,"₹9,843"
2026-08-31,BOM,BLR,2026-09-01,1,"₹9,843"
2026-08-31,BOM,BLR,2026-09-07,7,"₹6,355"
2026-08-31,BOM,BLR,2026-09-07,7,"₹6,355"
2026-08-31,BOM,BLR,2026-09-07,7,"₹6,355"
2026-08-31,BOM,BLR,2026-09-07,7,"₹6,355"
2026-08-31,BOM,BLR,2026-09-07,7,"₹6,355"
2026-08-31,BOM,BLR,2026-09-07,7,"₹6,355"
2026-08-31,BOM,BLR,2026-09-07,7,"₹7,353"
2026-08-31,BOM,BLR,2026-09-07,7,"₹7,353"
2026-08-31,BOM,BLR,2026-09-07,7,"₹7,353"
2026-08-31,BOM,BLR,2026-09-07,7,"₹7,353"
2026-08-31,BOM,BLR,2026-09-07,7,"₹7,353"
2026-08-31,BOM,BLR,2026-09-07,7,"₹7,353"
2026-08-31,BOM,BLR,2026-09-07,7,"₹6,398"
2026-08-31,BOM,BLR,2026-09-07,7,"₹6,398"
2026-08-31,BOM,BLR,2026-09-15,15,"₹6,487"
2026-08-31,BOM,BLR,2026-09-15,15,"₹6,487"
2026-08-31,BOM,BLR,2026-09-15,15,"₹6,487"
2026-08-31,BOM,BLR,2026-09-15,15,"₹6,487"
2026-08-31,BOM,BLR,2026-09-15,15,"₹6,487"
2026-08-31,BOM,BLR,2026-09-15,15,"₹6,487"
2026-08-31,BOM,BLR,2026-09-15,15,"₹6,487"
2026-08-31,BOM,BLR,2026-09-15,15,"₹6,487"
2026-08-31,BOM,BLR,2026-09-15,15,"₹6,487"
2026-08-31,BOM,BLR,2026-09-15,15,"₹6,487"
2026-08-31,BOM,BLR,2026-09-15,15,"₹6,487"
2026-08-31,BOM,BLR,2026-09-15,15,"₹6,487"
2026-08-31,BOM,BLR,2026-09-15,15,"₹6,487"
2026-08-31,BOM,BLR,2026-09-15,15,"₹6,487"
2026-08-31,BOM,BLR,2026-09-30,30,"₹7,897"
2026-08-31,BOM,BLR,2026-09-30,30,"₹7,897"
2026-08-31,BOM,BLR,2026-09-30,30,"₹8,252"
2026-08-31,BOM,BLR,2026-09-30,30,"₹8,252"
2026-08-31,BOM,BLR,2026-09-30,30,"₹7,312"
2026-08-31,BOM,BLR,2026-09-30,30,"₹7,312"
2026-08-31,BOM,BLR,2026-09-30,30,"₹7,956"
2026-08-31,BOM,BLR,2026-09-30,30,"₹7,956"
2026-08-31,BOM,BLR,2026-09-30,30,"₹7,956"
2026-08-31,BOM,BLR,2026-09-30,30,"₹7,956"
2026-08-31,BOM,BLR,2026-09-30,30,"₹7,956"
2026-08-31,BOM,BLR,2026-09-30,30,"₹7,956"
2026-08-31,BOM,BLR,2026-09-30,30,"₹7,956"
2026-08-31,BOM,BLR,2026-09-30,30,"₹7,956"
2026-08-31,BOM,BLR,2026-10-15,45,"₹7,353"
2026-08-31,BOM,BLR,2026-10-15,45,"₹7,353"
2026-08-31,BOM,BLR,2026-10-15,45,"₹7,544"
2026-08-31,BOM,BLR,2026-10-15,45,"₹7,544"
2026-08-31,BOM,BLR,2026-10-15,45,"₹7,544"
2026-08-31,BOM,BLR,2026-10-15,45,"₹7,544"
2026-08-31,BOM,BLR,2026-10-15,45,"₹7,544"
2026-08-31,BOM,BLR,2026-10-15,45,"₹7,544"
2026-08-31,BOM,BLR,2026-10-15,45,"₹7,650"
2026-08-31,BOM,BLR,2026-10-15,45,"₹7,650"
2026-08-31,BOM,BLR,2026-10-15,45,"₹7,692"
2026-08-31,BOM,BLR,2026-10-15,45,"₹7,692"
2026-08-31,BOM,BLR,2026-10-15,45,"₹7,692"
2026-08-31,BOM,BLR,2026-10-15,45,"₹7,692"
2026-08-31,DEL,HYD,2026-09-01,1,"₹11,823"
2026-08-31,DEL,HYD,2026-09-01,1,"₹11,823"
2026-08-31,DEL,HYD,2026-09-01,1,"₹12,212"
2026-08-31,DEL,HYD,2026-09-01,1,"₹12,212"
2026-08-31,DEL,HYD,2026-09-01,1,"₹12,212"
2026-08-31,DEL,HYD,2026-09-01,1,"₹12,212"
2026-08-31,DEL,HYD,2026-09-01,1,"₹12,212"
2026-08-31,DEL,HYD,2026-09-01,1,"₹12,212"
2026-08-31,DEL,HYD,2026-09-01,1,"₹12,212"
2026-08-31,DEL,HYD,2026-09-01,1,"₹12,212"
2026-08-31,DEL,HYD,2026-09-01,1,"₹12,212"
2026-08-31,DEL,HYD,2026-09-01,1,"₹12,212"
2026-08-31,DEL,HYD,2026-09-01,1,"₹12,212"
2026-08-31,DEL,HYD,2026-09-01,1,"₹12,212"
2026-08-31,DEL,HYD,2026-09-07,7,"₹8,558"
2026-08-31,DEL,HYD,2026-09-07,7,"₹8,558"
2026-08-31,DEL,HYD,2026-09-07,7,"₹8,558"
2026-08-31,DEL,HYD,2026-09-07,7,"₹8,558"
2026-08-31,DEL,HYD,2026-09-07,7,"₹8,689"
2026-08-31,DEL,HYD,2026-09-07,7,"₹8,689"
2026-08-31,DEL,HYD,2026-09-07,7,"₹9,747"
2026-08-31,DEL,HYD,2026-09-07,7,"₹9,747"
2026-08-31,DEL,HYD,2026-09-07,7,"₹9,109"
2026-08-31,DEL,HYD,2026-09-07,7,"₹9,109"
2026-08-31,DEL,HYD,2026-09-07,7,"₹9,109"
2026-08-31,DEL,HYD,2026-09-07,7,"₹9,109"
2026-08-31,DEL,HYD,2026-09-07,7,"₹9,491"
2026-08-31,DEL,HYD,2026-09-07,7,"₹9,491"
2026-08-31,DEL,HYD,2026-09-15,15,"₹9,119"
2026-08-31,DEL,HYD,2026-09-15,15,"₹9,119"
2026-08-31,DEL,HYD,2026-09-15,15,"₹9,179"
2026-08-31,DEL,HYD,2026-09-15,15,"₹9,179"
2026-08-31,DEL,HYD,2026-09-15,15,"₹9,427"
2026-08-31,DEL,HYD,2026-09-15,15,"₹9,427"
2026-08-31,DEL,HYD,2026-09-15,15,"₹8,688"
2026-08-31,DEL,HYD,2026-09-15,15,"₹8,688"
2026-08-31,DEL,HYD,2026-09-15,15,"₹8,692"
2026-08-31,DEL,HYD,2026-09-15,15,"₹8,692"
2026-08-31,DEL,HYD,2026-09-15,15,"₹8,692"
2026-08-31,DEL,HYD,2026-09-15,15,"₹8,692"
2026-08-31,DEL,HYD,2026-09-15,15,"₹8,692"
2026-08-31,DEL,HYD,2026-09-15,15,"₹8,692"
2026-08-31,DEL,HYD,2026-09-30,30,"₹8,111"
2026-08-31,DEL,HYD,2026-09-30,30,"₹8,111"
2026-08-31,DEL,HYD,2026-09-30,30,"₹9,278"
2026-08-31,DEL,HYD,2026-09-30,30,"₹9,278"
2026-08-31,DEL,HYD,2026-09-30,30,"₹8,404"
2026-08-31,DEL,HYD,2026-09-30,30,"₹8,404"
2026-08-31,DEL,HYD,2026-09-30,30,"₹9,497"
2026-08-31,DEL,HYD,2026-09-30,30,"₹9,497"
2026-08-31,DEL,HYD,2026-09-30,30,"₹9,497"
2026-08-31,DEL,HYD,2026-09-30,30,"₹9,497"
2026-08-31,DEL,HYD,2026-09-30,30,"₹9,497"
2026-08-31,DEL,HYD,2026-09-30,30,"₹9,497"
2026-08-31,DEL,HYD,2026-09-30,30,"₹8,561"
2026-08-31,DEL,HYD,2026-09-30,30,"₹8,561"
2026-08-31,DEL,HYD,2026-10-15,45,"₹8,768"
2026-08-31,DEL,HYD,2026-10-15,45,"₹8,768"
2026-08-31,DEL,HYD,2026-10-15,45,"₹9,850"
2026-08-31,DEL,HYD,2026-10-15,45,"₹9,850"
2026-08-31,DEL,HYD,2026-10-15,45,"₹8,899"
2026-08-31,DEL,HYD,2026-10-15,45,"₹8,899"
2026-08-31,DEL,HYD,2026-10-15,45,"₹10,091"
2026-08-31,DEL,HYD,2026-10-15,45,"₹10,091"
2026-08-31,DEL,HYD,2026-10-15,45,"₹9,109"
2026-08-31,DEL,HYD,2026-10-15,45,"₹9,109"
2026-08-31,DEL,HYD,2026-10-15,45,"₹10,270"
2026-08-31,DEL,HYD,2026-10-15,45,"₹10,270"
2026-08-31,DEL,HYD,2026-10-15,45,"₹10,337"
2026-08-31,DEL,HYD,2026-10-15,45,"₹10,337"
2026-08-31,BOM,CCU,2026-09-01,1,"₹13,263"
2026-08-31,BOM,CCU,2026-09-01,1,"₹13,263"
2026-08-31,BOM,CCU,2026-09-01,1,"₹15,193"
2026-08-31,BOM,CCU,2026-09-01,1,"₹15,193"
2026-08-31,BOM,CCU,2026-09-01,1,"₹21,465"
2026-08-31,BOM,CCU,2026-09-01,1,"₹21,465"
2026-08-31,BOM,CCU,2026-09-01,1,"₹32,649"
2026-08-31,BOM,CCU,2026-09-01,1,"₹32,649"
2026-08-31,BOM,CCU,2026-09-07,7,"₹8,502"
2026-08-31,BOM,CCU,2026-09-07,7,"₹8,502"
2026-08-31,BOM,CCU,2026-09-07,7,"₹8,657"
2026-08-31,BOM,CCU,2026-09-07,7,"₹8,657"
2026-08-31,BOM,CCU,2026-09-07,7,"₹8,657"
2026-08-31,BOM,CCU,2026-09-07,7,"₹8,657"
2026-08-31,BOM,CCU,2026-09-07,7,"₹9,546"
2026-08-31,BOM,CCU,2026-09-07,7,"₹9,546"
2026-08-31,BOM,CCU,2026-09-07,7,"₹8,712"
2026-08-31,BOM,CCU,2026-09-07,7,"₹8,712"
2026-08-31,BOM,CCU,2026-09-07,7,"₹9,195"
2026-08-31,BOM,CCU,2026-09-07,7,"₹9,195"
2026-08-31,BOM,CCU,2026-09-07,7,"₹10,298"
2026-08-31,BOM,CCU,2026-09-07,7,"₹10,298"
2026-08-31,BOM,CCU,2026-09-15,15,"₹12,033"
2026-08-31,BOM,CCU,2026-09-15,15,"₹12,033"
2026-08-31,BOM,CCU,2026-09-15,15,"₹15,165"
2026-08-31,BOM,CCU,2026-09-15,15,"₹15,165"
2026-08-31,BOM,CCU,2026-09-15,15,"₹15,521"
2026-08-31,BOM,CCU,2026-09-15,15,"₹15,521"
2026-08-31,BOM,CCU,2026-09-30,30,"₹11,053"
2026-08-31,BOM,CCU,2026-09-30,30,"₹11,053"
2026-08-31,BOM,CCU,2026-09-30,30,"₹10,438"
2026-08-31,BOM,CCU,2026-09-30,30,"₹10,438"
2026-08-31,BOM,CCU,2026-09-30,30,"₹10,648"
2026-08-31,BOM,CCU,2026-09-30,30,"₹10,648"
2026-08-31,BOM,CCU,2026-09-30,30,"₹11,007"
2026-08-31,BOM,CCU,2026-09-30,30,"₹11,007"
2026-08-31,BOM,CCU,2026-09-30,30,"₹11,389"
2026-08-31,BOM,CCU,2026-09-30,30,"₹11,389"
2026-08-31,BOM,CCU,2026-09-30,30,"₹11,637"
2026-08-31,BOM,CCU,2026-09-30,30,"₹11,637"
2026-08-31,BOM,CCU,2026-09-30,30,"₹11,679"
2026-08-31,BOM,CCU,2026-09-30,30,"₹11,679"
2026-08-31,BOM,CCU,2026-10-15,45,"₹20,827"
2026-08-31,BOM,CCU,2026-10-15,45,"₹20,827"
2026-08-31,BOM,CCU,2026-10-15,45,"₹21,097"
2026-08-31,BOM,CCU,2026-10-15,45,"₹21,097"
2026-08-31,BOM,CCU,2026-10-15,45,"₹21,097"
2026-08-31,BOM,CCU,2026-10-15,45,"₹21,097"
2026-08-31,BOM,CCU,2026-10-15,45,"₹21,122"
2026-08-31,BOM,CCU,2026-10-15,45,"₹21,122"
2026-08-31,BOM,CCU,2026-10-15,45,"₹21,575"
2026-08-31,BOM,CCU,2026-10-15,45,"₹21,575"
2026-08-31,BOM,CCU,2026-10-15,45,"₹22,603"
2026-08-31,BOM,CCU,2026-10-15,45,"₹22,603"
2026-08-31,BOM,CCU,2026-10-15,45,"₹22,152"
2026-08-31,BOM,CCU,2026-10-15,45,"₹22,152"
2026-09-01,DEL,BOM,2026-09-02,1,"₹6,688"
2026-09-01,DEL,BOM,2026-09-02,1,"₹6,688"
2026-09-01,DEL,BOM,2026-09-02,1,"₹6,688"
2026-09-01,DEL,BOM,2026-09-02,1,"₹6,688"
2026-09-01,DEL,BOM,2026-09-02,1,"₹6,688"
2026-09-01,DEL,BOM,2026-09-02,1,"₹6,688"
2026-09-01,DEL,BOM,2026-09-02,1,"₹6,688"
2026-09-01,DEL,BOM,2026-09-02,1,"₹6,688"
2026-09-01,DEL,BOM,2026-09-02,1,"₹6,688"
2026-09-01,DEL,BOM,2026-09-02,1,"₹6,688"
2026-09-01,DEL,BOM,2026-09-02,1,"₹6,688"
2026-09-01,DEL,BOM,2026-09-02,1,"₹6,688"
2026-09-01,DEL,BOM,2026-09-02,1,"₹6,363"
2026-09-01,DEL,BOM,2026-09-02,1,"₹6,363"
2026-09-01,DEL,BOM,2026-09-08,7,"₹7,000"
2026-09-01,DEL,BOM,2026-09-08,7,"₹7,000"
2026-09-01,DEL,BOM,2026-09-08,7,"₹7,000"
2026-09-01,DEL,BOM,2026-09-08,7,"₹7,000"
2026-09-01,DEL,BOM,2026-09-08,7,"₹7,000"
2026-09-01,DEL,BOM,2026-09-08,7,"₹7,000"
2026-09-01,DEL,BOM,2026-09-08,7,"₹7,000"
2026-09-01,DEL,BOM,2026-09-08,7,"₹7,000"
2026-09-01,DEL,BOM,2026-09-08,7,"₹7,000"
2026-09-01,DEL,BOM,2026-09-08,7,"₹7,000"
2026-09-01,DEL,BOM,2026-09-08,7,"₹7,000"
2026-09-01,DEL,BOM,2026-09-08,7,"₹7,000"
2026-09-01,DEL,BOM,2026-09-08,7,"₹7,000"
2026-09-01,DEL,BOM,2026-09-08,7,"₹7,000"
2026-09-01,DEL,BOM,2026-09-08,7,"₹6,090"
2026-09-01,DEL,BOM,2026-09-08,7,"₹6,090"
2026-09-01,DEL,BOM,2026-09-16,15,"₹7,000"
2026-09-01,DEL,BOM,2026-09-16,15,"₹7,000"
2026-09-01,DEL,BOM,2026-09-16,15,"₹7,000"
2026-09-01,DEL,BOM,2026-09-16,15,"₹7,000"
2026-09-01,DEL,BOM,2026-09-16,15,"₹7,000"
2026-09-01,DEL,BOM,2026-09-16,15,"₹7,000"
2026-09-01,DEL,BOM,2026-09-16,15,"₹7,000"
2026-09-01,DEL,BOM,2026-09-16,15,"₹7,000"
2026-09-01,DEL,BOM,2026-09-16,15,"₹7,000"
2026-09-01,DEL,BOM,2026-09-16,15,"₹7,000"
2026-09-01,DEL,BOM,2026-09-16,15,"₹7,000"
2026-09-01,DEL,BOM,2026-09-16,15,"₹7,000"
2026-09-01,DEL,BOM,2026-09-16,15,"₹7,000"
2026-09-01,DEL,BOM,2026-09-16,15,"₹7,000"
2026-09-01,DEL,BOM,2026-09-16,15,"₹7,000"
2026-09-01,DEL,BOM,2026-09-16,15,"₹7,000"
2026-09-01,DEL,BOM,2026-10-01,30,"₹6,898"
2026-09-01,DEL,BOM,2026-10-01,30,"₹6,898"
2026-09-01,DEL,BOM,2026-10-01,30,"₹6,898"
2026-09-01,DEL,BOM,2026-10-01,30,"₹6,898"
2026-09-01,DEL,BOM,2026-10-01,30,"₹6,898"
2026-09-01,DEL,BOM,2026-10-01,30,"₹6,898"
2026-09-01,DEL,BOM,2026-10-01,30,"₹6,898"
2026-09-01,DEL,BOM,2026-10-01,30,"₹6,898"
2026-09-01,DEL,BOM,2026-10-01,30,"₹6,898"
2026-09-01,DEL,BOM,2026-10-01,30,"₹6,898"
2026-09-01,DEL,BOM,2026-10-01,30,"₹6,898"
2026-09-01,DEL,BOM,2026-10-01,30,"₹6,898"
2026-09-01,DEL,BOM,2026-10-01,30,"₹6,949"
2026-09-01,DEL,BOM,2026-10-01,30,"₹6,949"
2026-09-01,DEL,BOM,2026-10-16,45,"₹7,278"
2026-09-01,DEL,BOM,2026-10-16,45,"₹7,278"
2026-09-01,DEL,BOM,2026-10-16,45,"₹6,529"
2026-09-01,DEL,BOM,2026-10-16,45,"₹6,529"
2026-09-01,DEL,BOM,2026-10-16,45,"₹6,529"
2026-09-01,DEL,BOM,2026-10-16,45,"₹6,529"
2026-09-01,DEL,BOM,2026-10-16,45,"₹7,469"
2026-09-01,DEL,BOM,2026-10-16,45,"₹7,469"
2026-09-01,DEL,BOM,2026-10-16,45,"₹7,469"
2026-09-01,DEL,BOM,2026-10-16,45,"₹7,469"
2026-09-01,DEL,BOM,2026-10-16,45,"₹7,502"
2026-09-01,DEL,BOM,2026-10-16,45,"₹7,502"
2026-09-01,DEL,BOM,2026-10-16,45,"₹6,598"
2026-09-01,DEL,BOM,2026-10-16,45,"₹6,598"
2026-09-01,DEL,BOM,2026-10-16,45,"₹6,598"
2026-09-01,DEL,BOM,2026-10-16,45,"₹6,598"
2026-09-01,DEL,BLR,2026-09-02,1,"₹11,414"
2026-09-01,DEL,BLR,2026-09-02,1,"₹11,414"
2026-09-01,DEL,BLR,2026-09-02,1,"₹11,414"
2026-09-01,DEL,BLR,2026-09-02,1,"₹11,414"
2026-09-01,DEL,BLR,2026-09-02,1,"₹11,414"
2026-09-01,DEL,BLR,2026-09-02,1,"₹11,414"
2026-09-01,DEL,BLR,2026-09-02,1,"₹11,414"
2026-09-01,DEL,BLR,2026-09-02,1,"₹11,414"
2026-09-01,DEL,BLR,2026-09-02,1,"₹10,950"
2026-09-01,DEL,BLR,2026-09-02,1,"₹10,950"
2026-09-01,DEL,BLR,2026-09-02,1,"₹10,969"
2026-09-01,DEL,BLR,2026-09-02,1,"₹10,969"
2026-09-01,DEL,BLR,2026-09-02,1,"₹11,885"
2026-09-01,DEL,BLR,2026-09-02,1,"₹11,885"
2026-09-01,DEL,BLR,2026-09-02,1,"₹12,030"
2026-09-01,DEL,BLR,2026-09-02,1,"₹12,030"
2026-09-01,DEL,BLR,2026-09-08,7,"₹8,491"
2026-09-01,DEL,BLR,2026-09-08,7,"₹8,491"
2026-09-01,DEL,BLR,2026-09-08,7,"₹8,491"
2026-09-01,DEL,BLR,2026-09-08,7,"₹8,491"
2026-09-01,DEL,BLR,2026-09-08,7,"₹8,570"
2026-09-01,DEL,BLR,2026-09-08,7,"₹8,570"
2026-09-01,DEL,BLR,2026-09-08,7,"₹8,570"
2026-09-01,DEL,BLR,2026-09-08,7,"₹8,570"
2026-09-01,DEL,BLR,2026-09-08,7,"₹8,570"
2026-09-01,DEL,BLR,2026-09-08,7,"₹8,570"
2026-09-01,DEL,BLR,2026-09-08,7,"₹8,570"
2026-09-01,DEL,BLR,2026-09-08,7,"₹8,570"
2026-09-01,DEL,BLR,2026-09-08,7,"₹8,570"
2026-09-01,DEL,BLR,2026-09-08,7,"₹8,570"
2026-09-01,DEL,BLR,2026-09-08,7,"₹8,570"
2026-09-01,DEL,BLR,2026-09-08,7,"₹8,570"
2026-09-01,DEL,BLR,2026-09-16,15,"₹9,331"
2026-09-01,DEL,BLR,2026-09-16,15,"₹9,331"
2026-09-01,DEL,BLR,2026-09-16,15,"₹9,331"
2026-09-01,DEL,BLR,2026-09-16,15,"₹9,331"
2026-09-01,DEL,BLR,2026-09-16,15,"₹9,331"
2026-09-01,DEL,BLR,2026-09-16,15,"₹9,331"
2026-09-01,DEL,BLR,2026-09-16,15,"₹9,331"
2026-09-01,DEL,BLR,2026-09-16,15,"₹9,331"
2026-09-01,DEL,BLR,2026-09-16,15,"₹10,242"
2026-09-01,DEL,BLR,2026-09-16,15,"₹10,242"
2026-09-01,DEL,BLR,2026-09-16,15,"₹10,242"
2026-09-01,DEL,BLR,2026-09-16,15,"₹10,242"
2026-09-01,DEL,BLR,2026-09-16,15,"₹10,242"
2026-09-01,DEL,BLR,2026-09-16,15,"₹10,242"
2026-09-01,DEL,BLR,2026-09-16,15,"₹10,242"
2026-09-01,DEL,BLR,2026-09-16,15,"₹10,242"
2026-09-01,DEL,BLR,2026-10-01,30,"₹9,300"
2026-09-01,DEL,BLR,2026-10-01,30,"₹9,300"
2026-09-01,DEL,BLR,2026-10-01,30,"₹9,300"
2026-09-01,DEL,BLR,2026-10-01,30,"₹9,300"
2026-09-01,DEL,BLR,2026-10-01,30,"₹9,300"
2026-09-01,DEL,BLR,2026-10-01,30,"₹9,300"
2026-09-01,DEL,BLR,2026-10-01,30,"₹9,300"
2026-09-01,DEL,BLR,2026-10-01,30,"₹9,300"
2026-09-01,DEL,BLR,2026-10-01,30,"₹9,756"
2026-09-01,DEL,BLR,2026-10-01,30,"₹9,756"
2026-09-01,DEL,BLR,2026-10-01,30,"₹9,921"
2026-09-01,DEL,BLR,2026-10-01,30,"₹9,921"
2026-09-01,DEL,BLR,2026-10-01,30,"₹9,168"
2026-09-01,DEL,BLR,2026-10-01,30,"₹9,168"
2026-09-01,DEL,BLR,2026-10-01,30,"₹9,168"
2026-09-01,DEL,BLR,2026-10-01,30,"₹9,168"
2026-09-01,DEL,BLR,2026-10-16,45,"₹10,819"
2026-09-01,DEL,BLR,2026-10-16,45,"₹10,819"
2026-09-01,DEL,BLR,2026-10-16,45,"₹9,946"
2026-09-01,DEL,BLR,2026-10-16,45,"₹9,946"
2026-09-01,DEL,BLR,2026-10-16,45,"₹9,946"
2026-09-01,DEL,BLR,2026-10-16,45,"₹9,946"
2026-09-01,DEL,BLR,2026-10-16,45,"₹9,946"
2026-09-01,DEL,BLR,2026-10-16,45,"₹9,946"
2026-09-01,DEL,BLR,2026-10-16,45,"₹9,946"
2026-09-01,DEL,BLR,2026-10-16,45,"₹9,946"
2026-09-01,DEL,BLR,2026-10-16,45,"₹9,946"
2026-09-01,DEL,BLR,2026-10-16,45,"₹9,946"
2026-09-01,DEL,BLR,2026-10-16,45,"₹9,946"
2026-09-01,DEL,BLR,2026-10-16,45,"₹9,946"
2026-09-01,DEL,BLR,2026-10-16,45,"₹11,018"
2026-09-01,DEL,BLR,2026-10-16,45,"₹11,018"
2026-09-01,BOM,BLR,2026-09-02,1,"₹7,551"
2026-09-01,BOM,BLR,2026-09-02,1,"₹7,551"
2026-09-01,BOM,BLR,2026-09-02,1,"₹8,532"
2026-09-01,BOM,BLR,2026-09-02,1,"₹8,532"
2026-09-01,BOM,BLR,2026-09-02,1,"₹8,532"
2026-09-01,BOM,BLR,2026-09-02,1,"₹8,532"
2026-09-01,BOM,BLR,2026-09-02,1,"₹8,825"
2026-09-01,BOM,BLR,2026-09-02,1,"₹8,825"
2026-09-01,BOM,BLR,2026-09-02,1,"₹8,025"
2026-09-01,BOM,BLR,2026-09-02,1,"₹8,025"
2026-09-01,BOM,BLR,2026-09-02,1,"₹8,223"
2026-09-01,BOM,BLR,2026-09-02,1,"₹8,223"
2026-09-01,BOM,BLR,2026-09-02,1,"₹8,156"
2026-09-01,BOM,BLR,2026-09-02,1,"₹8,156"
2026-09-01,BOM,BLR,2026-09-08,7,"₹6,168"
2026-09-01,BOM,BLR,2026-09-08,7,"₹6,168"
2026-09-01,BOM,BLR,2026-09-08,7,"₹7,199"
2026-09-01,BOM,BLR,2026-09-08,7,"₹7,199"
2026-09-01,BOM,BLR,2026-09-08,7,"₹6,328"
2026-09-01,BOM,BLR,2026-09-08,7,"₹6,328"
2026-09-01,BOM,BLR,2026-09-08,7,"₹6,255"
2026-09-01,BOM,BLR,2026-09-08,7,"₹6,255"
2026-09-01,BOM,BLR,2026-09-08,7,"₹7,259"
2026-09-01,BOM,BLR,2026-09-08,7,"₹7,259"
2026-09-01,BOM,BLR,2026-09-08,7,"₹7,427"
2026-09-01,BOM,BLR,2026-09-08,7,"₹7,427"
2026-09-01,BOM,BLR,2026-09-08,7,"₹7,495"
2026-09-01,BOM,BLR,2026-09-08,7,"₹7,495"
2026-09-01,BOM,BLR,2026-09-08,7,"₹7,501"
2026-09-01,BOM,BLR,2026-09-08,7,"₹7,501"
2026-09-01,BOM,BLR,2026-09-16,15,"₹7,739"
2026-09-01,BOM,BLR,2026-09-16,15,"₹7,739"
2026-09-01,BOM,BLR,2026-09-16,15,"₹7,807"
2026-09-01,BOM,BLR,2026-09-16,15,"₹7,807"
2026-09-01,BOM,BLR,2026-09-16,15,"₹7,742"
2026-09-01,BOM,BLR,2026-09-16,15,"₹7,742"
2026-09-01,BOM,BLR,2026-09-16,15,"₹7,742"
2026-09-01,BOM,BLR,2026-09-16,15,"₹7,742"
2026-09-01,BOM,BLR,2026-09-16,15,"₹8,045"
2026-09-01,BOM,BLR,2026-09-16,15,"₹8,045"
2026-09-01,BOM,BLR,2026-09-16,15,"₹7,243"
2026-09-01,BOM,BLR,2026-09-16,15,"₹7,243"
2026-09-01,BOM,BLR,2026-09-16,15,"₹7,243"
2026-09-01,BOM,BLR,2026-09-16,15,"₹7,243"
2026-09-01,BOM,BLR,2026-09-16,15,"₹7,243"
2026-09-01,BOM,BLR,2026-09-16,15,"₹7,243"
2026-09-01,BOM,BLR,2026-10-01,30,"₹7,994"
2026-09-01,BOM,BLR,2026-10-01,30,"₹7,994"
2026-09-01,BOM,BLR,2026-10-01,30,"₹8,223"
2026-09-01,BOM,BLR,2026-10-01,30,"₹8,223"
2026-09-01,BOM,BLR,2026-10-01,30,"₹8,223"
2026-09-01,BOM,BLR,2026-10-01,30,"₹8,223"
2026-09-01,BOM,BLR,2026-10-01,30,"₹8,223"
2026-09-01,BOM,BLR,2026-10-01,30,"₹8,223"
2026-09-01,BOM,BLR,2026-10-01,30,"₹8,223"
2026-09-01,BOM,BLR,2026-10-01,30,"₹8,223"
2026-09-01,BOM,BLR,2026-10-01,30,"₹8,223"
2026-09-01,BOM,BLR,2026-10-01,30,"₹8,223"
2026-09-01,BOM,BLR,2026-10-01,30,"₹9,364"
2026-09-01,BOM,BLR,2026-10-01,30,"₹9,364"
2026-09-01,BOM,BLR,2026-10-01,30,"₹9,364"
2026-09-01,BOM,BLR,2026-10-01,30,"₹9,364"
2026-09-01,BOM,BLR,2026-10-16,45,"₹7,374"
2026-09-01,BOM,BLR,2026-10-16,45,"₹7,374"
2026-09-01,BOM,BLR,2026-10-16,45,"₹7,374"
2026-09-01,BOM,BLR,2026-10-16,45,"₹7,374"
2026-09-01,BOM,BLR,2026-10-16,45,"₹7,374"
2026-09-01,BOM,BLR,2026-10-16,45,"₹7,374"
2026-09-01,BOM,BLR,2026-10-16,45,"₹7,584"
2026-09-01,BOM,BLR,2026-10-16,45,"₹7,584"
2026-09-01,BOM,BLR,2026-10-16,45,"₹8,543"
2026-09-01,BOM,BLR,2026-10-16,45,"₹8,543"
2026-09-01,BOM,BLR,2026-10-16,45,"₹8,708"
2026-09-01,BOM,BLR,2026-10-16,45,"₹8,708"
2026-09-01,BOM,BLR,2026-10-16,45,"₹7,994"
2026-09-01,BOM,BLR,2026-10-16,45,"₹7,994"
2026-09-01,DEL,HYD,2026-09-02,1,"₹10,140"
2026-09-01,DEL,HYD,2026-09-02,1,"₹10,140"
2026-09-01,DEL,HYD,2026-09-02,1,"₹10,670"
2026-09-01,DEL,HYD,2026-09-02,1,"₹10,670"
2026-09-01,DEL,HYD,2026-09-02,1,"₹10,973"
2026-09-01,DEL,HYD,2026-09-02,1,"₹10,973"
2026-09-01,DEL,HYD,2026-09-02,1,"₹10,973"
2026-09-01,DEL,HYD,2026-09-02,1,"₹10,973"
2026-09-01,DEL,HYD,2026-09-02,1,"₹11,003"
2026-09-01,DEL,HYD,2026-09-02,1,"₹11,003"
2026-09-01,DEL,HYD,2026-09-02,1,"₹11,104"
2026-09-01,DEL,HYD,2026-09-02,1,"₹11,104"
2026-09-01,DEL,HYD,2026-09-02,1,"₹11,355"
2026-09-01,DEL,HYD,2026-09-02,1,"₹11,355"
2026-09-01,DEL,HYD,2026-09-08,7,"₹9,988"
2026-09-01,DEL,HYD,2026-09-08,7,"₹9,988"
2026-09-01,DEL,HYD,2026-09-08,7,"₹10,061"
2026-09-01,DEL,HYD,2026-09-08,7,"₹10,061"
2026-09-01,DEL,HYD,2026-09-08,7,"₹10,061"
2026-09-01,DEL,HYD,2026-09-08,7,"₹10,061"
2026-09-01,DEL,HYD,2026-09-08,7,"₹10,061"
2026-09-01,DEL,HYD,2026-09-08,7,"₹10,061"
2026-09-01,DEL,HYD,2026-09-08,7,"₹10,061"
2026-09-01,DEL,HYD,2026-09-08,7,"₹10,061"
2026-09-01,DEL,HYD,2026-09-08,7,"₹10,763"
2026-09-01,DEL,HYD,2026-09-08,7,"₹10,763"
2026-09-01,DEL,HYD,2026-09-08,7,"₹11,154"
2026-09-01,DEL,HYD,2026-09-08,7,"₹11,154"
2026-09-01,DEL,HYD,2026-09-16,15,"₹8,409"
2026-09-01,DEL,HYD,2026-09-16,15,"₹8,409"
2026-09-01,DEL,HYD,2026-09-16,15,"₹9,439"
2026-09-01,DEL,HYD,2026-09-16,15,"₹9,439"
2026-09-01,DEL,HYD,2026-09-16,15,"₹8,615"
2026-09-01,DEL,HYD,2026-09-16,15,"₹8,615"
2026-09-01,DEL,HYD,2026-09-16,15,"₹8,615"
2026-09-01,DEL,HYD,2026-09-16,15,"₹8,615"
2026-09-01,DEL,HYD,2026-09-16,15,"₹8,694"
2026-09-01,DEL,HYD,2026-09-16,15,"₹8,694"
2026-09-01,DEL,HYD,2026-09-16,15,"₹8,694"
2026-09-01,DEL,HYD,2026-09-16,15,"₹8,694"
2026-09-01,DEL,HYD,2026-09-16,15,"₹9,687"
2026-09-01,DEL,HYD,2026-09-16,15,"₹9,687"
2026-09-01,DEL,HYD,2026-09-16,15,"₹9,924"
2026-09-01,DEL,HYD,2026-09-16,15,"₹9,924"
2026-09-01,DEL,HYD,2026-10-01,30,"₹8,694"
2026-09-01,DEL,HYD,2026-10-01,30,"₹8,694"
2026-09-01,DEL,HYD,2026-10-01,30,"₹9,690"
2026-09-01,DEL,HYD,2026-10-01,30,"₹9,690"
2026-09-01,DEL,HYD,2026-10-01,30,"₹9,697"
2026-09-01,DEL,HYD,2026-10-01,30,"₹9,697"
2026-09-01,DEL,HYD,2026-10-01,30,"₹9,777"
2026-09-01,DEL,HYD,2026-10-01,30,"₹9,777"
2026-09-01,DEL,HYD,2026-10-01,30,"₹8,904"
2026-09-01,DEL,HYD,2026-10-01,30,"₹8,904"
2026-09-01,DEL,HYD,2026-10-01,30,"₹8,904"
2026-09-01,DEL,HYD,2026-10-01,30,"₹8,904"
2026-09-01,DEL,HYD,2026-10-01,30,"₹8,917"
2026-09-01,DEL,HYD,2026-10-01,30,"₹8,917"
2026-09-01,DEL,HYD,2026-10-16,45,"₹10,350"
2026-09-01,DEL,HYD,2026-10-16,45,"₹10,350"
2026-09-01,DEL,HYD,2026-10-16,45,"₹11,600"
2026-09-01,DEL,HYD,2026-10-16,45,"₹11,600"
2026-09-01,DEL,HYD,2026-10-16,45,"₹11,685"
2026-09-01,DEL,HYD,2026-10-16,45,"₹11,685"
2026-09-01,DEL,HYD,2026-10-16,45,"₹10,894"
2026-09-01,DEL,HYD,2026-10-16,45,"₹10,894"
2026-09-01,DEL,HYD,2026-10-16,45,"₹10,973"
2026-09-01,DEL,HYD,2026-10-16,45,"₹10,973"
2026-09-01,DEL,HYD,2026-10-16,45,"₹10,973"
2026-09-01,DEL,HYD,2026-10-16,45,"₹10,973"
2026-09-01,DEL,HYD,2026-10-16,45,"₹11,104"
2026-09-01,DEL,HYD,2026-10-16,45,"₹11,104"
2026-09-01,DEL,HYD,2026-10-16,45,"₹11,356"
2026-09-01,DEL,HYD,2026-10-16,45,"₹11,356"
2026-09-01,BOM,CCU,2026-09-02,1,"₹10,761"
2026-09-01,BOM,CCU,2026-09-02,1,"₹10,761"
2026-09-01,BOM,CCU,2026-09-02,1,"₹10,761"
2026-09-01,BOM,CCU,2026-09-02,1,"₹10,761"
2026-09-01,BOM,CCU,2026-09-02,1,"₹10,761"
2026-09-01,BOM,CCU,2026-09-02,1,"₹10,761"
2026-09-01,BOM,CCU,2026-09-02,1,"₹11,353"
2026-09-01,BOM,CCU,2026-09-02,1,"₹11,353"
2026-09-01,BOM,CCU,2026-09-02,1,"₹11,353"
2026-09-01,BOM,CCU,2026-09-02,1,"₹11,353"
2026-09-01,BOM,CCU,2026-09-02,1,"₹11,448"
2026-09-01,BOM,CCU,2026-09-02,1,"₹11,448"
2026-09-01,BOM,CCU,2026-09-02,1,"₹11,448"
2026-09-01,BOM,CCU,2026-09-02,1,"₹11,448"
2026-09-01,BOM,CCU,2026-09-08,7,"₹8,514"
2026-09-01,BOM,CCU,2026-09-08,7,"₹8,514"
2026-09-01,BOM,CCU,2026-09-08,7,"₹8,514"
2026-09-01,BOM,CCU,2026-09-08,7,"₹8,514"
2026-09-01,BOM,CCU,2026-09-08,7,"₹8,799"
2026-09-01,BOM,CCU,2026-09-08,7,"₹8,799"
2026-09-01,BOM,CCU,2026-09-08,7,"₹8,834"
2026-09-01,BOM,CCU,2026-09-08,7,"₹8,834"
2026-09-01,BOM,CCU,2026-09-08,7,"₹8,965"
2026-09-01,BOM,CCU,2026-09-08,7,"₹8,965"
2026-09-01,BOM,CCU,2026-09-08,7,"₹10,699"
2026-09-01,BOM,CCU,2026-09-08,7,"₹10,699"
2026-09-01,BOM,CCU,2026-09-08,7,"₹10,699"
2026-09-01,BOM,CCU,2026-09-08,7,"₹10,699"
2026-09-01,BOM,CCU,2026-09-16,15,"₹10,410"
2026-09-01,BOM,CCU,2026-09-16,15,"₹10,410"
2026-09-01,BOM,CCU,2026-09-16,15,"₹11,533"
2026-09-01,BOM,CCU,2026-09-16,15,"₹11,533"
2026-09-01,BOM,CCU,2026-09-16,15,"₹12,384"
2026-09-01,BOM,CCU,2026-09-16,15,"₹12,384"
2026-09-01,BOM,CCU,2026-09-16,15,"₹12,361"
2026-09-01,BOM,CCU,2026-09-16,15,"₹12,361"
2026-09-01,BOM,CCU,2026-09-16,15,"₹17,251"
2026-09-01,BOM,CCU,2026-09-16,15,"₹17,251"
2026-09-01,BOM,CCU,2026-10-01,30,"₹10,855"
2026-09-01,BOM,CCU,2026-10-01,30,"₹10,855"
2026-09-01,BOM,CCU,2026-10-01,30,"₹11,278"
2026-09-01,BOM,CCU,2026-10-01,30,"₹11,278"
2026-09-01,BOM,CCU,2026-10-01,30,"₹11,278"
2026-09-01,BOM,CCU,2026-10-01,30,"₹11,278"
2026-09-01,BOM,CCU,2026-10-01,30,"₹11,567"
2026-09-01,BOM,CCU,2026-10-01,30,"₹11,567"
2026-09-01,BOM,CCU,2026-10-01,30,"₹12,628"
2026-09-01,BOM,CCU,2026-10-01,30,"₹12,628"
2026-09-01,BOM,CCU,2026-10-01,30,"₹11,663"
2026-09-01,BOM,CCU,2026-10-01,30,"₹11,663"
2026-09-01,BOM,CCU,2026-10-01,30,"₹11,679"
2026-09-01,BOM,CCU,2026-10-01,30,"₹11,679"
2026-09-01,BOM,CCU,2026-10-16,45,"₹23,363"
2026-09-01,BOM,CCU,2026-10-16,45,"₹23,363"
2026-09-01,BOM,CCU,2026-10-16,45,"₹24,161"
2026-09-01,BOM,CCU,2026-10-16,45,"₹24,161"
2026-09-01,BOM,CCU,2026-10-16,45,"₹25,002"
2026-09-01,BOM,CCU,2026-10-16,45,"₹25,002"
2026-09-01,BOM,CCU,2026-10-16,45,"₹24,712"
2026-09-01,BOM,CCU,2026-10-16,45,"₹24,712"
2026-09-01,BOM,CCU,2026-10-16,45,"₹25,449"
2026-09-01,BOM,CCU,2026-10-16,45,"₹25,449"
2026-09-01,BOM,CCU,2026-10-16,45,"₹25,449"
2026-09-01,BOM,CCU,2026-10-16,45,"₹25,449"
2026-09-01,BOM,CCU,2026-10-16,45,"₹25,449"
2026-09-01,BOM,CCU,2026-10-16,45,"₹25,449"
2026-09-01,DEL,BOM,2026-09-02,1,"₹6,688"
2026-09-01,DEL,BOM,2026-09-02,1,"₹6,688"
2026-09-01,DEL,BOM,2026-09-02,1,"₹6,688"
2026-09-01,DEL,BOM,2026-09-02,1,"₹6,688"
2026-09-01,DEL,BOM,2026-09-02,1,"₹6,739"
2026-09-01,DEL,BOM,2026-09-02,1,"₹6,739"
2026-09-01,DEL,BOM,2026-09-02,1,"₹6,898"
2026-09-01,DEL,BOM,2026-09-02,1,"₹6,898"
2026-09-01,DEL,BOM,2026-09-02,1,"₹6,898"
2026-09-01,DEL,BOM,2026-09-02,1,"₹6,898"
2026-09-01,DEL,BOM,2026-09-02,1,"₹6,898"
2026-09-01,DEL,BOM,2026-09-02,1,"₹6,898"
2026-09-01,DEL,BOM,2026-09-02,1,"₹7,000"
2026-09-01,DEL,BOM,2026-09-02,1,"₹7,000"
2026-09-01,DEL,BOM,2026-09-08,7,"₹7,000"
2026-09-01,DEL,BOM,2026-09-08,7,"₹7,000"
2026-09-01,DEL,BOM,2026-09-08,7,"₹7,000"
2026-09-01,DEL,BOM,2026-09-08,7,"₹7,000"
2026-09-01,DEL,BOM,2026-09-08,7,"₹7,000"
2026-09-01,DEL,BOM,2026-09-08,7,"₹7,000"
2026-09-01,DEL,BOM,2026-09-08,7,"₹7,000"
2026-09-01,DEL,BOM,2026-09-08,7,"₹7,000"
2026-09-01,DEL,BOM,2026-09-08,7,"₹7,000"
2026-09-01,DEL,BOM,2026-09-08,7,"₹7,000"
2026-09-01,DEL,BOM,2026-09-08,7,"₹6,090"
2026-09-01,DEL,BOM,2026-09-08,7,"₹6,090"
2026-09-01,DEL,BOM,2026-09-08,7,"₹6,090"
2026-09-01,DEL,BOM,2026-09-08,7,"₹6,090"
2026-09-01,DEL,BOM,2026-09-16,15,"₹7,000"
2026-09-01,DEL,BOM,2026-09-16,15,"₹7,000"
2026-09-01,DEL,BOM,2026-09-16,15,"₹7,000"
2026-09-01,DEL,BOM,2026-09-16,15,"₹7,000"
2026-09-01,DEL,BOM,2026-09-16,15,"₹7,000"
2026-09-01,DEL,BOM,2026-09-16,15,"₹7,000"
2026-09-01,DEL,BOM,2026-09-16,15,"₹7,000"
2026-09-01,DEL,BOM,2026-09-16,15,"₹7,000"
2026-09-01,DEL,BOM,2026-09-16,15,"₹7,000"
2026-09-01,DEL,BOM,2026-09-16,15,"₹7,000"
2026-09-01,DEL,BOM,2026-09-16,15,"₹7,000"
2026-09-01,DEL,BOM,2026-09-16,15,"₹7,000"
2026-09-01,DEL,BOM,2026-09-16,15,"₹7,000"
2026-09-01,DEL,BOM,2026-09-16,15,"₹7,000"
2026-09-01,DEL,BOM,2026-10-01,30,"₹6,898"
2026-09-01,DEL,BOM,2026-10-01,30,"₹6,898"
2026-09-01,DEL,BOM,2026-10-01,30,"₹6,898"
2026-09-01,DEL,BOM,2026-10-01,30,"₹6,898"
2026-09-01,DEL,BOM,2026-10-01,30,"₹6,898"
2026-09-01,DEL,BOM,2026-10-01,30,"₹6,898"
2026-09-01,DEL,BOM,2026-10-01,30,"₹6,898"
2026-09-01,DEL,BOM,2026-10-01,30,"₹6,898"
2026-09-01,DEL,BOM,2026-10-01,30,"₹6,898"
2026-09-01,DEL,BOM,2026-10-01,30,"₹6,898"
2026-09-01,DEL,BOM,2026-10-01,30,"₹6,898"
2026-09-01,DEL,BOM,2026-10-01,30,"₹6,898"
2026-09-01,DEL,BOM,2026-10-01,30,"₹6,898"
2026-09-01,DEL,BOM,2026-10-01,30,"₹6,898"
2026-09-01,DEL,BOM,2026-10-16,45,"₹7,469"
2026-09-01,DEL,BOM,2026-10-16,45,"₹7,469"
2026-09-01,DEL,BOM,2026-10-16,45,"₹7,469"
2026-09-01,DEL,BOM,2026-10-16,45,"₹7,469"
2026-09-01,DEL,BOM,2026-10-16,45,"₹7,469"
2026-09-01,DEL,BOM,2026-10-16,45,"₹7,469"
2026-09-01,DEL,BOM,2026-10-16,45,"₹7,469"
2026-09-01,DEL,BOM,2026-10-16,45,"₹7,469"
2026-09-01,DEL,BOM,2026-10-16,45,"₹7,502"
2026-09-01,DEL,BOM,2026-10-16,45,"₹7,502"
2026-09-01,DEL,BOM,2026-10-16,45,"₹6,598"
2026-09-01,DEL,BOM,2026-10-16,45,"₹6,598"
2026-09-01,DEL,BOM,2026-10-16,45,"₹6,598"
2026-09-01,DEL,BOM,2026-10-16,45,"₹6,598"
2026-09-01,DEL,BLR,2026-09-02,1,"₹10,111"
2026-09-01,DEL,BLR,2026-09-02,1,"₹10,111"
2026-09-01,DEL,BLR,2026-09-02,1,"₹10,111"
2026-09-01,DEL,BLR,2026-09-02,1,"₹10,111"
2026-09-01,DEL,BLR,2026-09-02,1,"₹10,111"
2026-09-01,DEL,BLR,2026-09-02,1,"₹10,111"
2026-09-01,DEL,BLR,2026-09-02,1,"₹10,111"
2026-09-01,DEL,BLR,2026-09-02,1,"₹10,111"
2026-09-01,DEL,BLR,2026-09-02,1,"₹10,111"
2026-09-01,DEL,BLR,2026-09-02,1,"₹10,111"
2026-09-01,DEL,BLR,2026-09-02,1,"₹10,111"
2026-09-01,DEL,BLR,2026-09-02,1,"₹10,111"
2026-09-01,DEL,BLR,2026-09-02,1,"₹10,401"
2026-09-01,DEL,BLR,2026-09-02,1,"₹10,401"
2026-09-01,DEL,BLR,2026-09-08,7,"₹8,570"
2026-09-01,DEL,BLR,2026-09-08,7,"₹8,570"
2026-09-01,DEL,BLR,2026-09-08,7,"₹8,570"
2026-09-01,DEL,BLR,2026-09-08,7,"₹8,570"
2026-09-01,DEL,BLR,2026-09-08,7,"₹8,570"
2026-09-01,DEL,BLR,2026-09-08,7,"₹8,570"
2026-09-01,DEL,BLR,2026-09-08,7,"₹8,570"
2026-09-01,DEL,BLR,2026-09-08,7,"₹8,570"
2026-09-01,DEL,BLR,2026-09-08,7,"₹8,570"
2026-09-01,DEL,BLR,2026-09-08,7,"₹8,570"
2026-09-01,DEL,BLR,2026-09-08,7,"₹9,585"
2026-09-01,DEL,BLR,2026-09-08,7,"₹9,585"
2026-09-01,DEL,BLR,2026-09-08,7,"₹9,585"
2026-09-01,DEL,BLR,2026-09-08,7,"₹9,585"
2026-09-01,DEL,BLR,2026-09-16,15,"₹10,285"
2026-09-01,DEL,BLR,2026-09-16,15,"₹10,285"
2026-09-01,DEL,BLR,2026-09-16,15,"₹10,416"
2026-09-01,DEL,BLR,2026-09-16,15,"₹10,416"
2026-09-01,DEL,BLR,2026-09-16,15,"₹9,706"
2026-09-01,DEL,BLR,2026-09-16,15,"₹9,706"
2026-09-01,DEL,BLR,2026-09-16,15,"₹10,755"
2026-09-01,DEL,BLR,2026-09-16,15,"₹10,755"
2026-09-01,DEL,BLR,2026-09-16,15,"₹10,755"
2026-09-01,DEL,BLR,2026-09-16,15,"₹10,755"
2026-09-01,DEL,BLR,2026-09-16,15,"₹10,755"
2026-09-01,DEL,BLR,2026-09-16,15,"₹10,755"
2026-09-01,DEL,BLR,2026-09-16,15,"₹10,755"
2026-09-01,DEL,BLR,2026-09-16,15,"₹10,755"
2026-09-01,DEL,BLR,2026-10-01,30,"₹9,756"
2026-09-01,DEL,BLR,2026-10-01,30,"₹9,756"
2026-09-01,DEL,BLR,2026-10-01,30,"₹9,756"
2026-09-01,DEL,BLR,2026-10-01,30,"₹9,756"
2026-09-01,DEL,BLR,2026-10-01,30,"₹9,756"
2026-09-01,DEL,BLR,2026-10-01,30,"₹9,756"
2026-09-01,DEL,BLR,2026-10-01,30,"₹9,756"
2026-09-01,DEL,BLR,2026-10-01,30,"₹9,756"
2026-09-01,DEL,BLR,2026-10-01,30,"₹9,921"
2026-09-01,DEL,BLR,2026-10-01,30,"₹9,921"
2026-09-01,DEL,BLR,2026-10-01,30,"₹9,168"
2026-09-01,DEL,BLR,2026-10-01,30,"₹9,168"
2026-09-01,DEL,BLR,2026-10-01,30,"₹9,168"
2026-09-01,DEL,BLR,2026-10-01,30,"₹9,168"
2026-09-01,DEL,BLR,2026-10-16,45,"₹9,946"
2026-09-01,DEL,BLR,2026-10-16,45,"₹9,946"
2026-09-01,DEL,BLR,2026-10-16,45,"₹9,946"
2026-09-01,DEL,BLR,2026-10-16,45,"₹9,946"
2026-09-01,DEL,BLR,2026-10-16,45,"₹9,946"
2026-09-01,DEL,BLR,2026-10-16,45,"₹9,946"
2026-09-01,DEL,BLR,2026-10-16,45,"₹11,042"
2026-09-01,DEL,BLR,2026-10-16,45,"₹11,042"
2026-09-01,DEL,BLR,2026-10-16,45,"₹11,042"
2026-09-01,DEL,BLR,2026-10-16,45,"₹11,042"
2026-09-01,DEL,BLR,2026-10-16,45,"₹11,018"
2026-09-01,DEL,BLR,2026-10-16,45,"₹11,018"
2026-09-01,DEL,BLR,2026-10-16,45,"₹11,018"
2026-09-01,DEL,BLR,2026-10-16,45,"₹11,018"
2026-09-01,BOM,BLR,2026-09-02,1,"₹8,825"
2026-09-01,BOM,BLR,2026-09-02,1,"₹8,825"
2026-09-01,BOM,BLR,2026-09-02,1,"₹8,025"
2026-09-01,BOM,BLR,2026-09-02,1,"₹8,025"
2026-09-01,BOM,BLR,2026-09-02,1,"₹8,223"
2026-09-01,BOM,BLR,2026-09-02,1,"₹8,223"
2026-09-01,BOM,BLR,2026-09-02,1,"₹8,156"
2026-09-01,BOM,BLR,2026-09-02,1,"₹8,156"
2026-09-01,BOM,BLR,2026-09-02,1,"₹8,156"
2026-09-01,BOM,BLR,2026-09-02,1,"₹8,156"
2026-09-01,BOM,BLR,2026-09-02,1,"₹8,156"
2026-09-01,BOM,BLR,2026-09-02,1,"₹8,156"
2026-09-01,BOM,BLR,2026-09-02,1,"₹8,156"
2026-09-01,BOM,BLR,2026-09-02,1,"₹8,156"
2026-09-01,BOM,BLR,2026-09-08,7,"₹7,062"
2026-09-01,BOM,BLR,2026-09-08,7,"₹7,062"
2026-09-01,BOM,BLR,2026-09-08,7,"₹7,062"
2026-09-01,BOM,BLR,2026-09-08,7,"₹7,062"
2026-09-01,BOM,BLR,2026-09-08,7,"₹7,062"
2026-09-01,BOM,BLR,2026-09-08,7,"₹7,062"
2026-09-01,BOM,BLR,2026-09-08,7,"₹7,062"
2026-09-01,BOM,BLR,2026-09-08,7,"₹7,062"
2026-09-01,BOM,BLR,2026-09-08,7,"₹7,062"
2026-09-01,BOM,BLR,2026-09-08,7,"₹7,062"
2026-09-01,BOM,BLR,2026-09-08,7,"₹7,093"
2026-09-01,BOM,BLR,2026-09-08,7,"₹7,093"
2026-09-01,BOM,BLR,2026-09-08,7,"₹6,168"
2026-09-01,BOM,BLR,2026-09-08,7,"₹6,168"
2026-09-01,BOM,BLR,2026-09-16,15,"₹7,742"
2026-09-01,BOM,BLR,2026-09-16,15,"₹7,742"
2026-09-01,BOM,BLR,2026-09-16,15,"₹7,742"
2026-09-01,BOM,BLR,2026-09-16,15,"₹7,742"
2026-09-01,BOM,BLR,2026-09-16,15,"₹7,807"
2026-09-01,BOM,BLR,2026-09-16,15,"₹7,807"
2026-09-01,BOM,BLR,2026-09-16,15,"₹8,045"
2026-09-01,BOM,BLR,2026-09-16,15,"₹8,045"
2026-09-01,BOM,BLR,2026-09-16,15,"₹7,243"
2026-09-01,BOM,BLR,2026-09-16,15,"₹7,243"
2026-09-01,BOM,BLR,2026-09-16,15,"₹7,243"
2026-09-01,BOM,BLR,2026-09-16,15,"₹7,243"
2026-09-01,BOM,BLR,2026-09-16,15,"₹7,243"
2026-09-01,BOM,BLR,2026-09-16,15,"₹7,243"
2026-09-01,BOM,BLR,2026-10-01,30,"₹8,223"
2026-09-01,BOM,BLR,2026-10-01,30,"₹8,223"
2026-09-01,BOM,BLR,2026-10-01,30,"₹8,223"
2026-09-01,BOM,BLR,2026-10-01,30,"₹8,223"
2026-09-01,BOM,BLR,2026-10-01,30,"₹8,223"
2026-09-01,BOM,BLR,2026-10-01,30,"₹8,223"
2026-09-01,BOM,BLR,2026-10-01,30,"₹8,223"
2026-09-01,BOM,BLR,2026-10-01,30,"₹8,223"
2026-09-01,BOM,BLR,2026-10-01,30,"₹8,289"
2026-09-01,BOM,BLR,2026-10-01,30,"₹8,289"
2026-09-01,BOM,BLR,2026-10-01,30,"₹8,718"
2026-09-01,BOM,BLR,2026-10-01,30,"₹8,718"
2026-09-01,BOM,BLR,2026-10-01,30,"₹9,154"
2026-09-01,BOM,BLR,2026-10-01,30,"₹9,154"
2026-09-01,BOM,BLR,2026-10-16,45,"₹7,374"
2026-09-01,BOM,BLR,2026-10-16,45,"₹7,374"
2026-09-01,BOM,BLR,2026-10-16,45,"₹7,374"
2026-09-01,BOM,BLR,2026-10-16,45,"₹7,374"
2026-09-01,BOM,BLR,2026-10-16,45,"₹8,543"
2026-09-01,BOM,BLR,2026-10-16,45,"₹8,543"
2026-09-01,BOM,BLR,2026-10-16,45,"₹7,584"
2026-09-01,BOM,BLR,2026-10-16,45,"₹7,584"
2026-09-01,BOM,BLR,2026-10-16,45,"₹7,584"
2026-09-01,BOM,BLR,2026-10-16,45,"₹7,584"
2026-09-01,BOM,BLR,2026-10-16,45,"₹7,584"
2026-09-01,BOM,BLR,2026-10-16,45,"₹7,584"
2026-09-01,BOM,BLR,2026-10-16,45,"₹7,584"
2026-09-01,BOM,BLR,2026-10-16,45,"₹7,584"
2026-09-01,DEL,HYD,2026-09-02,1,"₹10,490"
2026-09-01,DEL,HYD,2026-09-02,1,"₹10,490"
2026-09-01,DEL,HYD,2026-09-02,1,"₹10,670"
2026-09-01,DEL,HYD,2026-09-02,1,"₹10,670"
2026-09-01,DEL,HYD,2026-09-02,1,"₹10,973"
2026-09-01,DEL,HYD,2026-09-02,1,"₹10,973"
2026-09-01,DEL,HYD,2026-09-02,1,"₹11,886"
2026-09-01,DEL,HYD,2026-09-02,1,"₹11,886"
2026-09-01,DEL,HYD,2026-09-02,1,"₹11,886"
2026-09-01,DEL,HYD,2026-09-02,1,"₹11,886"
2026-09-01,DEL,HYD,2026-09-02,1,"₹11,892"
2026-09-01,DEL,HYD,2026-09-02,1,"₹11,892"
2026-09-01,DEL,HYD,2026-09-02,1,"₹12,079"
2026-09-01,DEL,HYD,2026-09-02,1,"₹12,079"
2026-09-01,DEL,HYD,2026-09-08,7,"₹9,757"
2026-09-01,DEL,HYD,2026-09-08,7,"₹9,757"
2026-09-01,DEL,HYD,2026-09-08,7,"₹9,173"
2026-09-01,DEL,HYD,2026-09-08,7,"₹9,173"
2026-09-01,DEL,HYD,2026-09-08,7,"₹10,353"
2026-09-01,DEL,HYD,2026-09-08,7,"₹10,353"
2026-09-01,DEL,HYD,2026-09-08,7,"₹9,514"
2026-09-01,DEL,HYD,2026-09-08,7,"₹9,514"
2026-09-01,DEL,HYD,2026-09-08,7,"₹9,965"
2026-09-01,DEL,HYD,2026-09-08,7,"₹9,965"
2026-09-01,DEL,HYD,2026-09-08,7,"₹9,988"
2026-09-01,DEL,HYD,2026-09-08,7,"₹9,988"
2026-09-01,DEL,HYD,2026-09-08,7,"₹10,061"
2026-09-01,DEL,HYD,2026-09-08,7,"₹10,061"
2026-09-01,DEL,HYD,2026-09-16,15,"₹8,615"
2026-09-01,DEL,HYD,2026-09-16,15,"₹8,615"
2026-09-01,DEL,HYD,2026-09-16,15,"₹8,615"
2026-09-01,DEL,HYD,2026-09-16,15,"₹8,615"
2026-09-01,DEL,HYD,2026-09-16,15,"₹8,694"
2026-09-01,DEL,HYD,2026-09-16,15,"₹8,694"
2026-09-01,DEL,HYD,2026-09-16,15,"₹8,694"
2026-09-01,DEL,HYD,2026-09-16,15,"₹8,694"
2026-09-01,DEL,HYD,2026-09-16,15,"₹9,687"
2026-09-01,DEL,HYD,2026-09-16,15,"₹9,687"
2026-09-01,DEL,HYD,2026-09-16,15,"₹9,697"
2026-09-01,DEL,HYD,2026-09-16,15,"₹9,697"
2026-09-01,DEL,HYD,2026-09-16,15,"₹9,173"
2026-09-01,DEL,HYD,2026-09-16,15,"₹9,173"
2026-09-01,DEL,HYD,2026-10-01,30,"₹8,615"
2026-09-01,DEL,HYD,2026-10-01,30,"₹8,615"
2026-09-01,DEL,HYD,2026-10-01,30,"₹8,694"
2026-09-01,DEL,HYD,2026-10-01,30,"₹8,694"
2026-09-01,DEL,HYD,2026-10-01,30,"₹8,694"
2026-09-01,DEL,HYD,2026-10-01,30,"₹8,694"
2026-09-01,DEL,HYD,2026-10-01,30,"₹9,690"
2026-09-01,DEL,HYD,2026-10-01,30,"₹9,690"
2026-09-01,DEL,HYD,2026-10-01,30,"₹9,777"
2026-09-01,DEL,HYD,2026-10-01,30,"₹9,777"
2026-09-01,DEL,HYD,2026-10-01,30,"₹8,858"
2026-09-01,DEL,HYD,2026-10-01,30,"₹8,858"
2026-09-01,DEL,HYD,2026-10-01,30,"₹8,917"
2026-09-01,DEL,HYD,2026-10-01,30,"₹8,917"
2026-09-01,DEL,HYD,2026-10-16,45,"₹10,973"
2026-09-01,DEL,HYD,2026-10-16,45,"₹10,973"
2026-09-01,DEL,HYD,2026-10-16,45,"₹12,025"
2026-09-01,DEL,HYD,2026-10-16,45,"₹12,025"
2026-09-01,DEL,HYD,2026-10-16,45,"₹12,025"
2026-09-01,DEL,HYD,2026-10-16,45,"₹12,025"
2026-09-01,DEL,HYD,2026-10-16,45,"₹12,025"
2026-09-01,DEL,HYD,2026-10-16,45,"₹12,025"
2026-09-01,DEL,HYD,2026-10-16,45,"₹11,104"
2026-09-01,DEL,HYD,2026-10-16,45,"₹11,104"
2026-09-01,DEL,HYD,2026-10-16,45,"₹11,356"
2026-09-01,DEL,HYD,2026-10-16,45,"₹11,356"
2026-09-01,DEL,HYD,2026-10-16,45,"₹11,807"
2026-09-01,DEL,HYD,2026-10-16,45,"₹11,807"
2026-09-01,BOM,CCU,2026-09-02,1,"₹12,061"
2026-09-01,BOM,CCU,2026-09-02,1,"₹12,061"
2026-09-01,BOM,CCU,2026-09-02,1,"₹12,098"
2026-09-01,BOM,CCU,2026-09-02,1,"₹12,098"
2026-09-01,BOM,CCU,2026-09-02,1,"₹12,438"
2026-09-01,BOM,CCU,2026-09-02,1,"₹12,438"
2026-09-01,BOM,CCU,2026-09-02,1,"₹12,542"
2026-09-01,BOM,CCU,2026-09-02,1,"₹12,542"
2026-09-01,BOM,CCU,2026-09-02,1,"₹12,645"
2026-09-01,BOM,CCU,2026-09-02,1,"₹12,645"
2026-09-01,BOM,CCU,2026-09-02,1,"₹13,082"
2026-09-01,BOM,CCU,2026-09-02,1,"₹13,082"
2026-09-01,BOM,CCU,2026-09-02,1,"₹13,293"
2026-09-01,BOM,CCU,2026-09-02,1,"₹13,293"
2026-09-01,BOM,CCU,2026-09-08,7,"₹8,799"
2026-09-01,BOM,CCU,2026-09-08,7,"₹8,799"
2026-09-01,BOM,CCU,2026-09-08,7,"₹8,834"
2026-09-01,BOM,CCU,2026-09-08,7,"₹8,834"
2026-09-01,BOM,CCU,2026-09-08,7,"₹8,965"
2026-09-01,BOM,CCU,2026-09-08,7,"₹8,965"
2026-09-01,BOM,CCU,2026-09-08,7,"₹10,588"
2026-09-01,BOM,CCU,2026-09-08,7,"₹10,588"
2026-09-01,BOM,CCU,2026-09-08,7,"₹10,599"
2026-09-01,BOM,CCU,2026-09-08,7,"₹10,599"
2026-09-01,BOM,CCU,2026-09-08,7,"₹10,699"
2026-09-01,BOM,CCU,2026-09-08,7,"₹10,699"
2026-09-01,BOM,CCU,2026-09-08,7,"₹10,699"
2026-09-01,BOM,CCU,2026-09-08,7,"₹10,699"
2026-09-01,BOM,CCU,2026-09-16,15,"₹18,845"
2026-09-01,BOM,CCU,2026-09-16,15,"₹18,845"
2026-09-01,BOM,CCU,2026-09-16,15,"₹18,845"
2026-09-01,BOM,CCU,2026-09-16,15,"₹18,845"
2026-09-01,BOM,CCU,2026-09-16,15,"₹18,845"
2026-09-01,BOM,CCU,2026-09-16,15,"₹18,845"
2026-09-01,BOM,CCU,2026-09-16,15,"₹18,845"
2026-09-01,BOM,CCU,2026-09-16,15,"₹18,845"
2026-09-01,BOM,CCU,2026-09-16,15,"₹18,845"
2026-09-01,BOM,CCU,2026-09-16,15,"₹18,845"
2026-09-01,BOM,CCU,2026-09-16,15,"₹18,845"
2026-09-01,BOM,CCU,2026-09-16,15,"₹18,845"
2026-09-01,BOM,CCU,2026-09-16,15,"₹18,845"
2026-09-01,BOM,CCU,2026-09-16,15,"₹18,845"
2026-09-01,BOM,CCU,2026-10-01,30,"₹11,698"
2026-09-01,BOM,CCU,2026-10-01,30,"₹11,698"
2026-09-01,BOM,CCU,2026-10-01,30,"₹12,881"
2026-09-01,BOM,CCU,2026-10-01,30,"₹12,881"
2026-09-01,BOM,CCU,2026-10-01,30,"₹13,413"
2026-09-01,BOM,CCU,2026-10-01,30,"₹13,413"
2026-09-01,BOM,CCU,2026-10-01,30,"₹13,417"
2026-09-01,BOM,CCU,2026-10-01,30,"₹13,417"
2026-09-01,BOM,CCU,2026-10-01,30,"₹13,838"
2026-09-01,BOM,CCU,2026-10-01,30,"₹13,838"
2026-09-01,BOM,CCU,2026-10-01,30,"₹13,816"
2026-09-01,BOM,CCU,2026-10-01,30,"₹13,816"
2026-09-01,BOM,CCU,2026-10-01,30,"₹14,056"
2026-09-01,BOM,CCU,2026-10-01,30,"₹14,056"
2026-09-01,BOM,CCU,2026-10-16,45,"₹23,363"
2026-09-01,BOM,CCU,2026-10-16,45,"₹23,363"
2026-09-01,BOM,CCU,2026-10-16,45,"₹24,416"
2026-09-01,BOM,CCU,2026-10-16,45,"₹24,416"
2026-09-01,BOM,CCU,2026-10-16,45,"₹25,002"
2026-09-01,BOM,CCU,2026-10-16,45,"₹25,002"
2026-09-01,BOM,CCU,2026-10-16,45,"₹25,449"
2026-09-01,BOM,CCU,2026-10-16,45,"₹25,449"
2026-09-01,BOM,CCU,2026-10-16,45,"₹25,449"
2026-09-01,BOM,CCU,2026-10-16,45,"₹25,449"
2026-09-01,BOM,CCU,2026-10-16,45,"₹25,449"
2026-09-01,BOM,CCU,2026-10-16,45,"₹25,449"
2026-09-01,BOM,CCU,2026-10-16,45,"₹25,449"
2026-09-01,BOM,CCU,2026-10-16,45,"₹25,449"
2026-09-02,DEL,BOM,2026-09-03,1,"₹7,000"
2026-09-02,DEL,BOM,2026-09-03,1,"₹7,000"
2026-09-02,DEL,BOM,2026-09-03,1,"₹7,000"
2026-09-02,DEL,BOM,2026-09-03,1,"₹7,000"
2026-09-02,DEL,BOM,2026-09-03,1,"₹7,000"
2026-09-02,DEL,BOM,2026-09-03,1,"₹7,000"
2026-09-02,DEL,BOM,2026-09-03,1,"₹7,000"
2026-09-02,DEL,BOM,2026-09-03,1,"₹7,000"
2026-09-02,DEL,BOM,2026-09-03,1,"₹6,700"
2026-09-02,DEL,BOM,2026-09-03,1,"₹6,700"
2026-09-02,DEL,BOM,2026-09-03,1,"₹7,159"
2026-09-02,DEL,BOM,2026-09-03,1,"₹7,159"
2026-09-02,DEL,BOM,2026-09-03,1,"₹7,159"
2026-09-02,DEL,BOM,2026-09-03,1,"₹7,159"
2026-09-02,DEL,BOM,2026-09-09,7,"₹7,000"
2026-09-02,DEL,BOM,2026-09-09,7,"₹7,000"
2026-09-02,DEL,BOM,2026-09-09,7,"₹7,000"
2026-09-02,DEL,BOM,2026-09-09,7,"₹7,000"
2026-09-02,DEL,BOM,2026-09-09,7,"₹7,000"
2026-09-02,DEL,BOM,2026-09-09,7,"₹7,000"
2026-09-02,DEL,BOM,2026-09-09,7,"₹7,000"
2026-09-02,DEL,BOM,2026-09-09,7,"₹7,000"
2026-09-02,DEL,BOM,2026-09-09,7,"₹7,000"
2026-09-02,DEL,BOM,2026-09-09,7,"₹7,000"
2026-09-02,DEL,BOM,2026-09-09,7,"₹7,000"
2026-09-02,DEL,BOM,2026-09-09,7,"₹7,000"
2026-09-02,DEL,BOM,2026-09-09,7,"₹7,000"
2026-09-02,DEL,BOM,2026-09-09,7,"₹7,000"
2026-09-02,DEL,BOM,2026-09-17,15,"₹7,000"
2026-09-02,DEL,BOM,2026-09-17,15,"₹7,000"
2026-09-02,DEL,BOM,2026-09-17,15,"₹7,000"
2026-09-02,DEL,BOM,2026-09-17,15,"₹7,000"
2026-09-02,DEL,BOM,2026-09-17,15,"₹7,000"
2026-09-02,DEL,BOM,2026-09-17,15,"₹7,000"
2026-09-02,DEL,BOM,2026-09-17,15,"₹7,000"
2026-09-02,DEL,BOM,2026-09-17,15,"₹7,000"
2026-09-02,DEL,BOM,2026-09-17,15,"₹7,000"
2026-09-02,DEL,BOM,2026-09-17,15,"₹7,000"
2026-09-02,DEL,BOM,2026-09-17,15,"₹7,000"
2026-09-02,DEL,BOM,2026-09-17,15,"₹7,000"
2026-09-02,DEL,BOM,2026-09-17,15,"₹7,000"
2026-09-02,DEL,BOM,2026-09-17,15,"₹7,000"
2026-09-02,DEL,BOM,2026-10-02,30,"₹7,000"
2026-09-02,DEL,BOM,2026-10-02,30,"₹7,000"
2026-09-02,DEL,BOM,2026-10-02,30,"₹7,160"
2026-09-02,DEL,BOM,2026-10-02,30,"₹7,160"
2026-09-02,DEL,BOM,2026-10-02,30,"₹7,160"
2026-09-02,DEL,BOM,2026-10-02,30,"₹7,160"
2026-09-02,DEL,BOM,2026-10-02,30,"₹7,160"
2026-09-02,DEL,BOM,2026-10-02,30,"₹7,160"
2026-09-02,DEL,BOM,2026-10-02,30,"₹7,160"
2026-09-02,DEL,BOM,2026-10-02,30,"₹7,160"
2026-09-02,DEL,BOM,2026-10-02,30,"₹7,159"
2026-09-02,DEL,BOM,2026-10-02,30,"₹7,159"
2026-09-02,DEL,BOM,2026-10-02,30,"₹7,159"
2026-09-02,DEL,BOM,2026-10-02,30,"₹7,159"
2026-09-02,DEL,BOM,2026-10-17,45,"₹7,147"
2026-09-02,DEL,BOM,2026-10-17,45,"₹7,147"
2026-09-02,DEL,BOM,2026-10-17,45,"₹7,147"
2026-09-02,DEL,BOM,2026-10-17,45,"₹7,147"
2026-09-02,DEL,BOM,2026-10-17,45,"₹7,169"
2026-09-02,DEL,BOM,2026-10-17,45,"₹7,169"
2026-09-02,DEL,BOM,2026-10-17,45,"₹7,169"
2026-09-02,DEL,BOM,2026-10-17,45,"₹7,169"
2026-09-02,DEL,BOM,2026-10-17,45,"₹6,790"
2026-09-02,DEL,BOM,2026-10-17,45,"₹6,790"
2026-09-02,DEL,BOM,2026-10-17,45,"₹7,489"
2026-09-02,DEL,BOM,2026-10-17,45,"₹7,489"
2026-09-02,DEL,BOM,2026-10-17,45,"₹7,489"
2026-09-02,DEL,BOM,2026-10-17,45,"₹7,489"
2026-09-02,DEL,BLR,2026-09-03,1,"₹10,755"
2026-09-02,DEL,BLR,2026-09-03,1,"₹10,755"
2026-09-02,DEL,BLR,2026-09-03,1,"₹10,755"
2026-09-02,DEL,BLR,2026-09-03,1,"₹10,755"
2026-09-02,DEL,BLR,2026-09-03,1,"₹10,755"
2026-09-02,DEL,BLR,2026-09-03,1,"₹10,755"
2026-09-02,DEL,BLR,2026-09-03,1,"₹10,832"
2026-09-02,DEL,BLR,2026-09-03,1,"₹10,832"
2026-09-02,DEL,BLR,2026-09-03,1,"₹10,940"
2026-09-02,DEL,BLR,2026-09-03,1,"₹10,940"
2026-09-02,DEL,BLR,2026-09-03,1,"₹9,977"
2026-09-02,DEL,BLR,2026-09-03,1,"₹9,977"
2026-09-02,DEL,BLR,2026-09-03,1,"₹11,018"
2026-09-02,DEL,BLR,2026-09-03,1,"₹11,018"
2026-09-02,DEL,BLR,2026-09-09,7,"₹8,491"
2026-09-02,DEL,BLR,2026-09-09,7,"₹8,491"
2026-09-02,DEL,BLR,2026-09-09,7,"₹8,570"
2026-09-02,DEL,BLR,2026-09-09,7,"₹8,570"
2026-09-02,DEL,BLR,2026-09-09,7,"₹8,570"
2026-09-02,DEL,BLR,2026-09-09,7,"₹8,570"
2026-09-02,DEL,BLR,2026-09-09,7,"₹8,570"
2026-09-02,DEL,BLR,2026-09-09,7,"₹8,570"
2026-09-02,DEL,BLR,2026-09-09,7,"₹8,570"
2026-09-02,DEL,BLR,2026-09-09,7,"₹8,570"
2026-09-02,DEL,BLR,2026-09-09,7,"₹8,701"
2026-09-02,DEL,BLR,2026-09-09,7,"₹8,701"
2026-09-02,DEL,BLR,2026-09-09,7,"₹8,727"
2026-09-02,DEL,BLR,2026-09-09,7,"₹8,727"
2026-09-02,DEL,BLR,2026-09-17,15,"₹9,331"
2026-09-02,DEL,BLR,2026-09-17,15,"₹9,331"
2026-09-02,DEL,BLR,2026-09-17,15,"₹9,331"
2026-09-02,DEL,BLR,2026-09-17,15,"₹9,331"
2026-09-02,DEL,BLR,2026-09-17,15,"₹9,331"
2026-09-02,DEL,BLR,2026-09-17,15,"₹9,331"
2026-09-02,DEL,BLR,2026-09-17,15,"₹9,331"
2026-09-02,DEL,BLR,2026-09-17,15,"₹9,331"
2026-09-02,DEL,BLR,2026-09-17,15,"₹9,331"
2026-09-02,DEL,BLR,2026-09-17,15,"₹9,331"
2026-09-02,DEL,BLR,2026-09-17,15,"₹10,242"
2026-09-02,DEL,BLR,2026-09-17,15,"₹10,242"
2026-09-02,DEL,BLR,2026-09-17,15,"₹10,242"
2026-09-02,DEL,BLR,2026-09-17,15,"₹10,242"
2026-09-02,DEL,BLR,2026-10-02,30,"₹9,756"
2026-09-02,DEL,BLR,2026-10-02,30,"₹9,756"
2026-09-02,DEL,BLR,2026-10-02,30,"₹8,934"
2026-09-02,DEL,BLR,2026-10-02,30,"₹8,934"
2026-09-02,DEL,BLR,2026-10-02,30,"₹9,921"
2026-09-02,DEL,BLR,2026-10-02,30,"₹9,921"
2026-09-02,DEL,BLR,2026-10-02,30,"₹9,168"
2026-09-02,DEL,BLR,2026-10-02,30,"₹9,168"
2026-09-02,DEL,BLR,2026-10-02,30,"₹9,168"
2026-09-02,DEL,BLR,2026-10-02,30,"₹9,168"
2026-09-02,DEL,BLR,2026-10-02,30,"₹9,331"
2026-09-02,DEL,BLR,2026-10-02,30,"₹9,331"
2026-09-02,DEL,BLR,2026-10-02,30,"₹9,331"
2026-09-02,DEL,BLR,2026-10-02,30,"₹9,331"
2026-09-02,DEL,BLR,2026-10-17,45,"₹10,077"
2026-09-02,DEL,BLR,2026-10-17,45,"₹10,077"
2026-09-02,DEL,BLR,2026-10-17,45,"₹10,077"
2026-09-02,DEL,BLR,2026-10-17,45,"₹10,077"
2026-09-02,DEL,BLR,2026-10-17,45,"₹10,077"
2026-09-02,DEL,BLR,2026-10-17,45,"₹10,077"
2026-09-02,DEL,BLR,2026-10-17,45,"₹10,077"
2026-09-02,DEL,BLR,2026-10-17,45,"₹10,077"
2026-09-02,DEL,BLR,2026-10-17,45,"₹10,077"
2026-09-02,DEL,BLR,2026-10-17,45,"₹10,077"
2026-09-02,DEL,BLR,2026-10-17,45,"₹10,077"
2026-09-02,DEL,BLR,2026-10-17,45,"₹10,077"
2026-09-02,DEL,BLR,2026-10-17,45,"₹10,077"
2026-09-02,DEL,BLR,2026-10-17,45,"₹10,077"
2026-09-02,BOM,BLR,2026-09-03,1,"₹9,509"
2026-09-02,BOM,BLR,2026-09-03,1,"₹9,509"
2026-09-02,BOM,BLR,2026-09-03,1,"₹9,553"
2026-09-02,BOM,BLR,2026-09-03,1,"₹9,553"
2026-09-02,BOM,BLR,2026-09-03,1,"₹9,763"
2026-09-02,BOM,BLR,2026-09-03,1,"₹9,763"
2026-09-02,BOM,BLR,2026-09-03,1,"₹10,277"
2026-09-02,BOM,BLR,2026-09-03,1,"₹10,277"
2026-09-02,BOM,BLR,2026-09-03,1,"₹10,277"
2026-09-02,BOM,BLR,2026-09-03,1,"₹10,277"
2026-09-02,BOM,BLR,2026-09-03,1,"₹10,277"
2026-09-02,BOM,BLR,2026-09-03,1,"₹10,277"
2026-09-02,BOM,BLR,2026-09-03,1,"₹11,126"
2026-09-02,BOM,BLR,2026-09-03,1,"₹11,126"
2026-09-02,BOM,BLR,2026-09-09,7,"₹7,062"
2026-09-02,BOM,BLR,2026-09-09,7,"₹7,062"
2026-09-02,BOM,BLR,2026-09-09,7,"₹7,093"
2026-09-02,BOM,BLR,2026-09-09,7,"₹7,093"
2026-09-02,BOM,BLR,2026-09-09,7,"₹7,259"
2026-09-02,BOM,BLR,2026-09-09,7,"₹7,259"
2026-09-02,BOM,BLR,2026-09-09,7,"₹6,500"
2026-09-02,BOM,BLR,2026-09-09,7,"₹6,500"
2026-09-02,BOM,BLR,2026-09-09,7,"₹7,501"
2026-09-02,BOM,BLR,2026-09-09,7,"₹7,501"
2026-09-02,BOM,BLR,2026-09-09,7,"₹7,501"
2026-09-02,BOM,BLR,2026-09-09,7,"₹7,501"
2026-09-02,BOM,BLR,2026-09-09,7,"₹7,501"
2026-09-02,BOM,BLR,2026-09-09,7,"₹7,501"
2026-09-02,BOM,BLR,2026-09-17,15,"₹7,243"
2026-09-02,BOM,BLR,2026-09-17,15,"₹7,243"
2026-09-02,BOM,BLR,2026-09-17,15,"₹7,243"
2026-09-02,BOM,BLR,2026-09-17,15,"₹7,243"
2026-09-02,BOM,BLR,2026-09-17,15,"₹7,374"
2026-09-02,BOM,BLR,2026-09-17,15,"₹7,374"
2026-09-02,BOM,BLR,2026-09-17,15,"₹8,469"
2026-09-02,BOM,BLR,2026-09-17,15,"₹8,469"
2026-09-02,BOM,BLR,2026-09-17,15,"₹8,469"
2026-09-02,BOM,BLR,2026-09-17,15,"₹8,469"
2026-09-02,BOM,BLR,2026-09-17,15,"₹7,505"
2026-09-02,BOM,BLR,2026-09-17,15,"₹7,505"
2026-09-02,BOM,BLR,2026-09-17,15,"₹7,584"
2026-09-02,BOM,BLR,2026-09-17,15,"₹7,584"
2026-09-02,BOM,BLR,2026-10-02,30,"₹7,243"
2026-09-02,BOM,BLR,2026-10-02,30,"₹7,243"
2026-09-02,BOM,BLR,2026-10-02,30,"₹7,243"
2026-09-02,BOM,BLR,2026-10-02,30,"₹7,243"
2026-09-02,BOM,BLR,2026-10-02,30,"₹7,488"
2026-09-02,BOM,BLR,2026-10-02,30,"₹7,488"
2026-09-02,BOM,BLR,2026-10-02,30,"₹7,374"
2026-09-02,BOM,BLR,2026-10-02,30,"₹7,374"
2026-09-02,BOM,BLR,2026-10-02,30,"₹7,374"
2026-09-02,BOM,BLR,2026-10-02,30,"₹7,374"
2026-09-02,BOM,BLR,2026-10-02,30,"₹7,374"
2026-09-02,BOM,BLR,2026-10-02,30,"₹7,374"
2026-09-02,BOM,BLR,2026-10-02,30,"₹7,374"
2026-09-02,BOM,BLR,2026-10-02,30,"₹7,374"
2026-09-02,BOM,BLR,2026-10-17,45,"₹7,243"
2026-09-02,BOM,BLR,2026-10-17,45,"₹7,243"
2026-09-02,BOM,BLR,2026-10-17,45,"₹7,243"
2026-09-02,BOM,BLR,2026-10-17,45,"₹7,243"
2026-09-02,BOM,BLR,2026-10-17,45,"₹7,243"
2026-09-02,BOM,BLR,2026-10-17,45,"₹7,243"
2026-09-02,BOM,BLR,2026-10-17,45,"₹8,261"
2026-09-02,BOM,BLR,2026-10-17,45,"₹8,261"
2026-09-02,BOM,BLR,2026-10-17,45,"₹7,374"
2026-09-02,BOM,BLR,2026-10-17,45,"₹7,374"
2026-09-02,BOM,BLR,2026-10-17,45,"₹7,374"
2026-09-02,BOM,BLR,2026-10-17,45,"₹7,374"
2026-09-02,BOM,BLR,2026-10-17,45,"₹7,374"
2026-09-02,BOM,BLR,2026-10-17,45,"₹7,374"
2026-09-02,DEL,HYD,2026-09-03,1,"₹11,765"
2026-09-02,DEL,HYD,2026-09-03,1,"₹11,765"
2026-09-02,DEL,HYD,2026-09-03,1,"₹11,807"
2026-09-02,DEL,HYD,2026-09-03,1,"₹11,807"
2026-09-02,DEL,HYD,2026-09-03,1,"₹11,886"
2026-09-02,DEL,HYD,2026-09-03,1,"₹11,886"
2026-09-02,DEL,HYD,2026-09-03,1,"₹12,963"
2026-09-02,DEL,HYD,2026-09-03,1,"₹12,963"
2026-09-02,DEL,HYD,2026-09-03,1,"₹12,017"
2026-09-02,DEL,HYD,2026-09-03,1,"₹12,017"
2026-09-02,DEL,HYD,2026-09-03,1,"₹12,227"
2026-09-02,DEL,HYD,2026-09-03,1,"₹12,227"
2026-09-02,DEL,HYD,2026-09-03,1,"₹12,380"
2026-09-02,DEL,HYD,2026-09-03,1,"₹12,380"
2026-09-02,DEL,HYD,2026-09-09,7,"₹8,484"
2026-09-02,DEL,HYD,2026-09-09,7,"₹8,484"
2026-09-02,DEL,HYD,2026-09-09,7,"₹8,615"
2026-09-02,DEL,HYD,2026-09-09,7,"₹8,615"
2026-09-02,DEL,HYD,2026-09-09,7,"₹9,605"
2026-09-02,DEL,HYD,2026-09-09,7,"₹9,605"
2026-09-02,DEL,HYD,2026-09-09,7,"₹9,626"
2026-09-02,DEL,HYD,2026-09-09,7,"₹9,626"
2026-09-02,DEL,HYD,2026-09-09,7,"₹8,694"
2026-09-02,DEL,HYD,2026-09-09,7,"₹8,694"
2026-09-02,DEL,HYD,2026-09-09,7,"₹8,694"
2026-09-02,DEL,HYD,2026-09-09,7,"₹8,694"
2026-09-02,DEL,HYD,2026-09-09,7,"₹9,912"
2026-09-02,DEL,HYD,2026-09-09,7,"₹9,912"
2026-09-02,DEL,HYD,2026-09-17,15,"₹11,355"
2026-09-02,DEL,HYD,2026-09-17,15,"₹11,355"
2026-09-02,DEL,HYD,2026-09-17,15,"₹11,565"
2026-09-02,DEL,HYD,2026-09-17,15,"₹11,565"
2026-09-02,DEL,HYD,2026-09-17,15,"₹12,101"
2026-09-02,DEL,HYD,2026-09-17,15,"₹12,101"
2026-09-02,DEL,HYD,2026-09-17,15,"₹12,558"
2026-09-02,DEL,HYD,2026-09-17,15,"₹12,558"
2026-09-02,DEL,HYD,2026-10-02,30,"₹8,825"
2026-09-02,DEL,HYD,2026-10-02,30,"₹8,825"
2026-09-02,DEL,HYD,2026-10-02,30,"₹8,917"
2026-09-02,DEL,HYD,2026-10-02,30,"₹8,917"
2026-09-02,DEL,HYD,2026-10-02,30,"₹9,173"
2026-09-02,DEL,HYD,2026-10-02,30,"₹9,173"
2026-09-02,DEL,HYD,2026-10-02,30,"₹10,453"
2026-09-02,DEL,HYD,2026-10-02,30,"₹10,453"
2026-09-02,DEL,HYD,2026-10-02,30,"₹10,597"
2026-09-02,DEL,HYD,2026-10-02,30,"₹10,597"
2026-09-02,DEL,HYD,2026-10-02,30,"₹10,597"
2026-09-02,DEL,HYD,2026-10-02,30,"₹10,597"
2026-09-02,DEL,HYD,2026-10-02,30,"₹10,597"
2026-09-02,DEL,HYD,2026-10-02,30,"₹10,597"
2026-09-02,DEL,HYD,2026-10-17,45,"₹9,383"
2026-09-02,DEL,HYD,2026-10-17,45,"₹9,383"
2026-09-02,DEL,HYD,2026-10-17,45,"₹9,383"
2026-09-02,DEL,HYD,2026-10-17,45,"₹9,383"
2026-09-02,DEL,HYD,2026-10-17,45,"₹9,514"
2026-09-02,DEL,HYD,2026-10-17,45,"₹9,514"
2026-09-02,DEL,HYD,2026-10-17,45,"₹11,125"
2026-09-02,DEL,HYD,2026-10-17,45,"₹11,125"
2026-09-02,DEL,HYD,2026-10-17,45,"₹11,514"
2026-09-02,DEL,HYD,2026-10-17,45,"₹11,514"
2026-09-02,DEL,HYD,2026-10-17,45,"₹11,632"
2026-09-02,DEL,HYD,2026-10-17,45,"₹11,632"
2026-09-02,DEL,HYD,2026-10-17,45,"₹11,632"
2026-09-02,DEL,HYD,2026-10-17,45,"₹11,632"
2026-09-02,BOM,CCU,2026-09-03,1,"₹12,697"
2026-09-02,BOM,CCU,2026-09-03,1,"₹12,697"
2026-09-02,BOM,CCU,2026-09-03,1,"₹12,946"
2026-09-02,BOM,CCU,2026-09-03,1,"₹12,946"
2026-09-02,BOM,CCU,2026-09-03,1,"₹13,068"
2026-09-02,BOM,CCU,2026-09-03,1,"₹13,068"
2026-09-02,BOM,CCU,2026-09-03,1,"₹13,309"
2026-09-02,BOM,CCU,2026-09-03,1,"₹13,309"
2026-09-02,BOM,CCU,2026-09-03,1,"₹13,426"
2026-09-02,BOM,CCU,2026-09-03,1,"₹13,426"
2026-09-02,BOM,CCU,2026-09-03,1,"₹14,360"
2026-09-02,BOM,CCU,2026-09-03,1,"₹14,360"
2026-09-02,BOM,CCU,2026-09-03,1,"₹14,428"
2026-09-02,BOM,CCU,2026-09-03,1,"₹14,428"
2026-09-02,BOM,CCU,2026-09-09,7,"₹8,799"
2026-09-02,BOM,CCU,2026-09-09,7,"₹8,799"
2026-09-02,BOM,CCU,2026-09-09,7,"₹8,834"
2026-09-02,BOM,CCU,2026-09-09,7,"₹8,834"
2026-09-02,BOM,CCU,2026-09-09,7,"₹9,175"
2026-09-02,BOM,CCU,2026-09-09,7,"₹9,175"
2026-09-02,BOM,CCU,2026-09-09,7,"₹10,699"
2026-09-02,BOM,CCU,2026-09-09,7,"₹10,699"
2026-09-02,BOM,CCU,2026-09-09,7,"₹10,699"
2026-09-02,BOM,CCU,2026-09-09,7,"₹10,699"
2026-09-02,BOM,CCU,2026-09-09,7,"₹11,026"
2026-09-02,BOM,CCU,2026-09-09,7,"₹11,026"
2026-09-02,BOM,CCU,2026-09-09,7,"₹11,326"
2026-09-02,BOM,CCU,2026-09-09,7,"₹11,326"
2026-09-02,BOM,CCU,2026-09-17,15,"₹10,084"
2026-09-02,BOM,CCU,2026-09-17,15,"₹10,084"
2026-09-02,BOM,CCU,2026-09-17,15,"₹10,084"
2026-09-02,BOM,CCU,2026-09-17,15,"₹10,084"
2026-09-02,BOM,CCU,2026-09-17,15,"₹10,084"
2026-09-02,BOM,CCU,2026-09-17,15,"₹10,084"
2026-09-02,BOM,CCU,2026-09-17,15,"₹10,084"
2026-09-02,BOM,CCU,2026-09-17,15,"₹10,084"
2026-09-02,BOM,CCU,2026-09-17,15,"₹10,084"
2026-09-02,BOM,CCU,2026-09-17,15,"₹10,084"
2026-09-02,BOM,CCU,2026-09-17,15,"₹10,084"
2026-09-02,BOM,CCU,2026-09-17,15,"₹10,084"
2026-09-02,BOM,CCU,2026-09-17,15,"₹10,084"
2026-09-02,BOM,CCU,2026-09-17,15,"₹10,084"
2026-09-02,BOM,CCU,2026-10-02,30,"₹10,084"
2026-09-02,BOM,CCU,2026-10-02,30,"₹10,084"
2026-09-02,BOM,CCU,2026-10-02,30,"₹10,084"
2026-09-02,BOM,CCU,2026-10-02,30,"₹10,084"
2026-09-02,BOM,CCU,2026-10-02,30,"₹10,435"
2026-09-02,BOM,CCU,2026-10-02,30,"₹10,435"
2026-09-02,BOM,CCU,2026-10-02,30,"₹10,435"
2026-09-02,BOM,CCU,2026-10-02,30,"₹10,435"
2026-09-02,BOM,CCU,2026-10-02,30,"₹11,788"
2026-09-02,BOM,CCU,2026-10-02,30,"₹11,788"
2026-09-02,BOM,CCU,2026-10-02,30,"₹11,788"
2026-09-02,BOM,CCU,2026-10-02,30,"₹11,788"
2026-09-02,BOM,CCU,2026-10-02,30,"₹11,788"
2026-09-02,BOM,CCU,2026-10-02,30,"₹11,788"
2026-09-02,BOM,CCU,2026-10-17,45,"₹21,785"
2026-09-02,BOM,CCU,2026-10-17,45,"₹21,785"
2026-09-02,BOM,CCU,2026-10-17,45,"₹20,997"
2026-09-02,BOM,CCU,2026-10-17,45,"₹20,997"
2026-09-02,BOM,CCU,2026-10-17,45,"₹21,404"
2026-09-02,BOM,CCU,2026-10-17,45,"₹21,404"
2026-09-02,BOM,CCU,2026-10-17,45,"₹21,489"
2026-09-02,BOM,CCU,2026-10-17,45,"₹21,489"
2026-09-02,BOM,CCU,2026-10-17,45,"₹21,572"
2026-09-02,BOM,CCU,2026-10-17,45,"₹21,572"
2026-09-02,BOM,CCU,2026-10-17,45,"₹22,603"
2026-09-02,BOM,CCU,2026-10-17,45,"₹22,603"
2026-09-02,BOM,CCU,2026-10-17,45,"₹22,603"
2026-09-02,BOM,CCU,2026-10-17,45,"₹22,603"
2026-09-03,DEL,BOM,2026-09-04,1,"₹6,529"
2026-09-03,DEL,BOM,2026-09-04,1,"₹6,529"
2026-09-03,DEL,BOM,2026-09-04,1,"₹6,529"
2026-09-03,DEL,BOM,2026-09-04,1,"₹6,529"
2026-09-03,DEL,BOM,2026-09-04,1,"₹6,618"
2026-09-03,DEL,BOM,2026-09-04,1,"₹6,618"
2026-09-03,DEL,BOM,2026-09-04,1,"₹6,618"
2026-09-03,DEL,BOM,2026-09-04,1,"₹6,618"
2026-09-03,DEL,BOM,2026-09-04,1,"₹6,363"
2026-09-03,DEL,BOM,2026-09-04,1,"₹6,363"
2026-09-03,DEL,BOM,2026-09-04,1,"₹6,898"
2026-09-03,DEL,BOM,2026-09-04,1,"₹6,898"
2026-09-03,DEL,BOM,2026-09-04,1,"₹6,949"
2026-09-03,DEL,BOM,2026-09-04,1,"₹6,949"
2026-09-03,DEL,BOM,2026-09-10,7,"₹6,898"
2026-09-03,DEL,BOM,2026-09-10,7,"₹6,898"
2026-09-03,DEL,BOM,2026-09-10,7,"₹6,898"
2026-09-03,DEL,BOM,2026-09-10,7,"₹6,898"
2026-09-03,DEL,BOM,2026-09-10,7,"₹6,949"
2026-09-03,DEL,BOM,2026-09-10,7,"₹6,949"
2026-09-03,DEL,BOM,2026-09-10,7,"₹7,000"
2026-09-03,DEL,BOM,2026-09-10,7,"₹7,000"
2026-09-03,DEL,BOM,2026-09-10,7,"₹6,090"
2026-09-03,DEL,BOM,2026-09-10,7,"₹6,090"
2026-09-03,DEL,BOM,2026-09-10,7,"₹6,090"
2026-09-03,DEL,BOM,2026-09-10,7,"₹6,090"
2026-09-03,DEL,BOM,2026-09-10,7,"₹6,090"
2026-09-03,DEL,BOM,2026-09-10,7,"₹6,090"
2026-09-03,DEL,BOM,2026-09-18,15,"₹6,898"
2026-09-03,DEL,BOM,2026-09-18,15,"₹6,898"
2026-09-03,DEL,BOM,2026-09-18,15,"₹6,898"
2026-09-03,DEL,BOM,2026-09-18,15,"₹6,898"
2026-09-03,DEL,BOM,2026-09-18,15,"₹7,000"
2026-09-03,DEL,BOM,2026-09-18,15,"₹7,000"
2026-09-03,DEL,BOM,2026-09-18,15,"₹7,159"
2026-09-03,DEL,BOM,2026-09-18,15,"₹7,159"
2026-09-03,DEL,BOM,2026-09-18,15,"₹7,159"
2026-09-03,DEL,BOM,2026-09-18,15,"₹7,159"
2026-09-03,DEL,BOM,2026-09-18,15,"₹7,159"
2026-09-03,DEL,BOM,2026-09-18,15,"₹7,159"
2026-09-03,DEL,BOM,2026-09-18,15,"₹7,159"
2026-09-03,DEL,BOM,2026-09-18,15,"₹7,159"
2026-09-03,DEL,BOM,2026-10-03,30,"₹6,898"
2026-09-03,DEL,BOM,2026-10-03,30,"₹6,898"
2026-09-03,DEL,BOM,2026-10-03,30,"₹6,949"
2026-09-03,DEL,BOM,2026-10-03,30,"₹6,949"
2026-09-03,DEL,BOM,2026-10-03,30,"₹7,000"
2026-09-03,DEL,BOM,2026-10-03,30,"₹7,000"
2026-09-03,DEL,BOM,2026-10-03,30,"₹6,090"
2026-09-03,DEL,BOM,2026-10-03,30,"₹6,090"
2026-09-03,DEL,BOM,2026-10-03,30,"₹6,090"
2026-09-03,DEL,BOM,2026-10-03,30,"₹6,090"
2026-09-03,DEL,BOM,2026-10-03,30,"₹6,090"
2026-09-03,DEL,BOM,2026-10-03,30,"₹6,090"
2026-09-03,DEL,BOM,2026-10-03,30,"₹6,090"
2026-09-03,DEL,BOM,2026-10-03,30,"₹6,090"
2026-09-03,DEL,BOM,2026-10-18,45,"₹7,469"
2026-09-03,DEL,BOM,2026-10-18,45,"₹7,469"
2026-09-03,DEL,BOM,2026-10-18,45,"₹7,469"
2026-09-03,DEL,BOM,2026-10-18,45,"₹7,469"
2026-09-03,DEL,BOM,2026-10-18,45,"₹7,469"
2026-09-03,DEL,BOM,2026-10-18,45,"₹7,469"
2026-09-03,DEL,BOM,2026-10-18,45,"₹7,469"
2026-09-03,DEL,BOM,2026-10-18,45,"₹7,469"
2026-09-03,DEL,BOM,2026-10-18,45,"₹7,469"
2026-09-03,DEL,BOM,2026-10-18,45,"₹7,469"
2026-09-03,DEL,BOM,2026-10-18,45,"₹7,489"
2026-09-03,DEL,BOM,2026-10-18,45,"₹7,489"
2026-09-03,DEL,BOM,2026-10-18,45,"₹7,489"
2026-09-03,DEL,BOM,2026-10-18,45,"₹7,489"
2026-09-03,DEL,BOM,2026-10-18,45,"₹7,489"
2026-09-03,DEL,BOM,2026-10-18,45,"₹7,489"
2026-09-03,DEL,BLR,2026-09-04,1,"₹9,771"
2026-09-03,DEL,BLR,2026-09-04,1,"₹9,771"
2026-09-03,DEL,BLR,2026-09-04,1,"₹9,121"
2026-09-03,DEL,BLR,2026-09-04,1,"₹9,121"
2026-09-03,DEL,BLR,2026-09-04,1,"₹9,921"
2026-09-03,DEL,BLR,2026-09-04,1,"₹9,921"
2026-09-03,DEL,BLR,2026-09-04,1,"₹9,161"
2026-09-03,DEL,BLR,2026-09-04,1,"₹9,161"
2026-09-03,DEL,BLR,2026-09-04,1,"₹9,161"
2026-09-03,DEL,BLR,2026-09-04,1,"₹9,161"
2026-09-03,DEL,BLR,2026-09-04,1,"₹9,239"
2026-09-03,DEL,BLR,2026-09-04,1,"₹9,239"
2026-09-03,DEL,BLR,2026-09-04,1,"₹10,242"
2026-09-03,DEL,BLR,2026-09-04,1,"₹10,242"
2026-09-03,DEL,BLR,2026-09-10,7,"₹9,756"
2026-09-03,DEL,BLR,2026-09-10,7,"₹9,756"
2026-09-03,DEL,BLR,2026-09-10,7,"₹9,771"
2026-09-03,DEL,BLR,2026-09-10,7,"₹9,771"
2026-09-03,DEL,BLR,2026-09-10,7,"₹9,771"
2026-09-03,DEL,BLR,2026-09-10,7,"₹9,771"
2026-09-03,DEL,BLR,2026-09-10,7,"₹9,771"
2026-09-03,DEL,BLR,2026-09-10,7,"₹9,771"
2026-09-03,DEL,BLR,2026-09-10,7,"₹9,771"
2026-09-03,DEL,BLR,2026-09-10,7,"₹9,771"
2026-09-03,DEL,BLR,2026-09-10,7,"₹9,771"
2026-09-03,DEL,BLR,2026-09-10,7,"₹9,771"
2026-09-03,DEL,BLR,2026-09-10,7,"₹9,771"
2026-09-03,DEL,BLR,2026-09-10,7,"₹9,771"
2026-09-03,DEL,BLR,2026-09-18,15,"₹9,121"
2026-09-03,DEL,BLR,2026-09-18,15,"₹9,121"
2026-09-03,DEL,BLR,2026-09-18,15,"₹9,121"
2026-09-03,DEL,BLR,2026-09-18,15,"₹9,121"
2026-09-03,DEL,BLR,2026-09-18,15,"₹9,121"
2026-09-03,DEL,BLR,2026-09-18,15,"₹9,121"
2026-09-03,DEL,BLR,2026-09-18,15,"₹9,121"
2026-09-03,DEL,BLR,2026-09-18,15,"₹9,121"
2026-09-03,DEL,BLR,2026-09-18,15,"₹9,121"
2026-09-03,DEL,BLR,2026-09-18,15,"₹9,121"
2026-09-03,DEL,BLR,2026-09-18,15,"₹9,331"
2026-09-03,DEL,BLR,2026-09-18,15,"₹9,331"
2026-09-03,DEL,BLR,2026-09-18,15,"₹9,331"
2026-09-03,DEL,BLR,2026-09-18,15,"₹9,331"
2026-09-03,DEL,BLR,2026-09-18,15,"₹9,331"
2026-09-03,DEL,BLR,2026-09-18,15,"₹9,331"
2026-09-03,DEL,BLR,2026-10-03,30,"₹8,360"
2026-09-03,DEL,BLR,2026-10-03,30,"₹8,360"
2026-09-03,DEL,BLR,2026-10-03,30,"₹8,360"
2026-09-03,DEL,BLR,2026-10-03,30,"₹8,360"
2026-09-03,DEL,BLR,2026-10-03,30,"₹9,352"
2026-09-03,DEL,BLR,2026-10-03,30,"₹9,352"
2026-09-03,DEL,BLR,2026-10-03,30,"₹8,491"
2026-09-03,DEL,BLR,2026-10-03,30,"₹8,491"
2026-09-03,DEL,BLR,2026-10-03,30,"₹8,491"
2026-09-03,DEL,BLR,2026-10-03,30,"₹8,491"
2026-09-03,DEL,BLR,2026-10-03,30,"₹8,491"
2026-09-03,DEL,BLR,2026-10-03,30,"₹8,491"
2026-09-03,DEL,BLR,2026-10-03,30,"₹8,491"
2026-09-03,DEL,BLR,2026-10-03,30,"₹8,491"
2026-09-03,DEL,BLR,2026-10-03,30,"₹8,491"
2026-09-03,DEL,BLR,2026-10-03,30,"₹8,491"
2026-09-03,DEL,BLR,2026-10-18,45,"₹9,946"
2026-09-03,DEL,BLR,2026-10-18,45,"₹9,946"
2026-09-03,DEL,BLR,2026-10-18,45,"₹9,946"
2026-09-03,DEL,BLR,2026-10-18,45,"₹9,946"
2026-09-03,DEL,BLR,2026-10-18,45,"₹9,946"
2026-09-03,DEL,BLR,2026-10-18,45,"₹9,946"
2026-09-03,DEL,BLR,2026-10-18,45,"₹9,946"
2026-09-03,DEL,BLR,2026-10-18,45,"₹9,946"
2026-09-03,DEL,BLR,2026-10-18,45,"₹9,946"
2026-09-03,DEL,BLR,2026-10-18,45,"₹9,946"
2026-09-03,DEL,BLR,2026-10-18,45,"₹10,322"
2026-09-03,DEL,BLR,2026-10-18,45,"₹10,322"
2026-09-03,DEL,BLR,2026-10-18,45,"₹10,077"
2026-09-03,DEL,BLR,2026-10-18,45,"₹10,077"
2026-09-03,BOM,BLR,2026-09-04,1,"₹14,661"
2026-09-03,BOM,BLR,2026-09-04,1,"₹14,661"
2026-09-03,BOM,BLR,2026-09-04,1,"₹14,661"
2026-09-03,BOM,BLR,2026-09-04,1,"₹14,661"
2026-09-03,BOM,BLR,2026-09-04,1,"₹15,459"
2026-09-03,BOM,BLR,2026-09-04,1,"₹15,459"
2026-09-03,BOM,BLR,2026-09-04,1,"₹21,130"
2026-09-03,BOM,BLR,2026-09-04,1,"₹21,130"
2026-09-03,BOM,BLR,2026-09-10,7,"₹7,420"
2026-09-03,BOM,BLR,2026-09-10,7,"₹7,420"
2026-09-03,BOM,BLR,2026-09-10,7,"₹8,477"
2026-09-03,BOM,BLR,2026-09-10,7,"₹8,477"
2026-09-03,BOM,BLR,2026-09-10,7,"₹8,532"
2026-09-03,BOM,BLR,2026-09-10,7,"₹8,532"
2026-09-03,BOM,BLR,2026-09-10,7,"₹7,602"
2026-09-03,BOM,BLR,2026-09-10,7,"₹7,602"
2026-09-03,BOM,BLR,2026-09-10,7,"₹7,761"
2026-09-03,BOM,BLR,2026-09-10,7,"₹7,761"
2026-09-03,BOM,BLR,2026-09-10,7,"₹9,205"
2026-09-03,BOM,BLR,2026-09-10,7,"₹9,205"
2026-09-03,BOM,BLR,2026-09-10,7,"₹8,366"
2026-09-03,BOM,BLR,2026-09-10,7,"₹8,366"
2026-09-03,BOM,BLR,2026-09-10,7,"₹9,582"
2026-09-03,BOM,BLR,2026-09-10,7,"₹9,582"
2026-09-03,BOM,BLR,2026-09-18,15,"₹8,841"
2026-09-03,BOM,BLR,2026-09-18,15,"₹8,841"
2026-09-03,BOM,BLR,2026-09-18,15,"₹8,914"
2026-09-03,BOM,BLR,2026-09-18,15,"₹8,914"
2026-09-03,BOM,BLR,2026-09-18,15,"₹8,223"
2026-09-03,BOM,BLR,2026-09-18,15,"₹8,223"
2026-09-03,BOM,BLR,2026-09-18,15,"₹8,223"
2026-09-03,BOM,BLR,2026-09-18,15,"₹8,223"
2026-09-03,BOM,BLR,2026-09-18,15,"₹8,223"
2026-09-03,BOM,BLR,2026-09-18,15,"₹8,223"
2026-09-03,BOM,BLR,2026-09-18,15,"₹8,223"
2026-09-03,BOM,BLR,2026-09-18,15,"₹8,223"
2026-09-03,BOM,BLR,2026-09-18,15,"₹8,223"
2026-09-03,BOM,BLR,2026-09-18,15,"₹8,223"
2026-09-03,BOM,BLR,2026-09-18,15,"₹8,126"
2026-09-03,BOM,BLR,2026-09-18,15,"₹8,126"
2026-09-03,BOM,BLR,2026-10-03,30,"₹7,062"
2026-09-03,BOM,BLR,2026-10-03,30,"₹7,062"
2026-09-03,BOM,BLR,2026-10-03,30,"₹7,062"
2026-09-03,BOM,BLR,2026-10-03,30,"₹7,062"
2026-09-03,BOM,BLR,2026-10-03,30,"₹7,062"
2026-09-03,BOM,BLR,2026-10-03,30,"₹7,062"
2026-09-03,BOM,BLR,2026-10-03,30,"₹7,062"
2026-09-03,BOM,BLR,2026-10-03,30,"₹7,062"
2026-09-03,BOM,BLR,2026-10-03,30,"₹7,062"
2026-09-03,BOM,BLR,2026-10-03,30,"₹7,062"
2026-09-03,BOM,BLR,2026-10-03,30,"₹6,168"
2026-09-03,BOM,BLR,2026-10-03,30,"₹6,168"
2026-09-03,BOM,BLR,2026-10-03,30,"₹6,369"
2026-09-03,BOM,BLR,2026-10-03,30,"₹6,369"
2026-09-03,BOM,BLR,2026-10-03,30,"₹7,377"
2026-09-03,BOM,BLR,2026-10-03,30,"₹7,377"
2026-09-03,BOM,BLR,2026-10-18,45,"₹7,946"
2026-09-03,BOM,BLR,2026-10-18,45,"₹7,946"
2026-09-03,BOM,BLR,2026-10-18,45,"₹7,092"
2026-09-03,BOM,BLR,2026-10-18,45,"₹7,092"
2026-09-03,BOM,BLR,2026-10-18,45,"₹8,105"
2026-09-03,BOM,BLR,2026-10-18,45,"₹8,105"
2026-09-03,BOM,BLR,2026-10-18,45,"₹7,243"
2026-09-03,BOM,BLR,2026-10-18,45,"₹7,243"
2026-09-03,BOM,BLR,2026-10-18,45,"₹7,243"
2026-09-03,BOM,BLR,2026-10-18,45,"₹7,243"
2026-09-03,BOM,BLR,2026-10-18,45,"₹7,243"
2026-09-03,BOM,BLR,2026-10-18,45,"₹7,243"
2026-09-03,BOM,BLR,2026-10-18,45,"₹7,243"
2026-09-03,BOM,BLR,2026-10-18,45,"₹7,243"
2026-09-03,DEL,HYD,2026-09-04,1,"₹9,439"
2026-09-03,DEL,HYD,2026-09-04,1,"₹9,439"
2026-09-03,DEL,HYD,2026-09-04,1,"₹8,694"
2026-09-03,DEL,HYD,2026-09-04,1,"₹8,694"
2026-09-03,DEL,HYD,2026-09-04,1,"₹9,120"
2026-09-03,DEL,HYD,2026-09-04,1,"₹9,120"
2026-09-03,DEL,HYD,2026-09-04,1,"₹9,173"
2026-09-03,DEL,HYD,2026-09-04,1,"₹9,173"
2026-09-03,DEL,HYD,2026-09-04,1,"₹9,383"
2026-09-03,DEL,HYD,2026-09-04,1,"₹9,383"
2026-09-03,DEL,HYD,2026-09-04,1,"₹10,061"
2026-09-03,DEL,HYD,2026-09-04,1,"₹10,061"
2026-09-03,DEL,HYD,2026-09-04,1,"₹10,140"
2026-09-03,DEL,HYD,2026-09-04,1,"₹10,140"
2026-09-03,DEL,HYD,2026-09-04,1,"₹10,140"
2026-09-03,DEL,HYD,2026-09-04,1,"₹10,140"
2026-09-03,DEL,HYD,2026-09-10,7,"₹9,439"
2026-09-03,DEL,HYD,2026-09-10,7,"₹9,439"
2026-09-03,DEL,HYD,2026-09-10,7,"₹8,484"
2026-09-03,DEL,HYD,2026-09-10,7,"₹8,484"
2026-09-03,DEL,HYD,2026-09-10,7,"₹8,484"
2026-09-03,DEL,HYD,2026-09-10,7,"₹8,484"
2026-09-03,DEL,HYD,2026-09-10,7,"₹9,538"
2026-09-03,DEL,HYD,2026-09-10,7,"₹9,538"
2026-09-03,DEL,HYD,2026-09-10,7,"₹8,615"
2026-09-03,DEL,HYD,2026-09-10,7,"₹8,615"
2026-09-03,DEL,HYD,2026-09-10,7,"₹9,626"
2026-09-03,DEL,HYD,2026-09-10,7,"₹9,626"
2026-09-03,DEL,HYD,2026-09-10,7,"₹9,777"
2026-09-03,DEL,HYD,2026-09-10,7,"₹9,777"
2026-09-03,DEL,HYD,2026-09-18,15,"₹9,379"
2026-09-03,DEL,HYD,2026-09-18,15,"₹9,379"
2026-09-03,DEL,HYD,2026-09-18,15,"₹8,409"
2026-09-03,DEL,HYD,2026-09-18,15,"₹8,409"
2026-09-03,DEL,HYD,2026-09-18,15,"₹8,409"
2026-09-03,DEL,HYD,2026-09-18,15,"₹8,409"
2026-09-03,DEL,HYD,2026-09-18,15,"₹8,409"
2026-09-03,DEL,HYD,2026-09-18,15,"₹8,409"
2026-09-03,DEL,HYD,2026-09-18,15,"₹9,406"
2026-09-03,DEL,HYD,2026-09-18,15,"₹9,406"
2026-09-03,DEL,HYD,2026-09-18,15,"₹9,406"
2026-09-03,DEL,HYD,2026-09-18,15,"₹9,406"
2026-09-03,DEL,HYD,2026-09-18,15,"₹8,484"
2026-09-03,DEL,HYD,2026-09-18,15,"₹8,484"
2026-09-03,DEL,HYD,2026-09-18,15,"₹8,484"
2026-09-03,DEL,HYD,2026-09-18,15,"₹8,484"
2026-09-03,DEL,HYD,2026-10-03,30,"₹8,409"
2026-09-03,DEL,HYD,2026-10-03,30,"₹8,409"
2026-09-03,DEL,HYD,2026-10-03,30,"₹9,408"
2026-09-03,DEL,HYD,2026-10-03,30,"₹9,408"
2026-09-03,DEL,HYD,2026-10-03,30,"₹9,408"
2026-09-03,DEL,HYD,2026-10-03,30,"₹9,408"
2026-09-03,DEL,HYD,2026-10-03,30,"₹9,408"
2026-09-03,DEL,HYD,2026-10-03,30,"₹9,408"
2026-09-03,DEL,HYD,2026-10-03,30,"₹8,484"
2026-09-03,DEL,HYD,2026-10-03,30,"₹8,484"
2026-09-03,DEL,HYD,2026-10-03,30,"₹9,538"
2026-09-03,DEL,HYD,2026-10-03,30,"₹9,538"
2026-09-03,DEL,HYD,2026-10-03,30,"₹8,615"
2026-09-03,DEL,HYD,2026-10-03,30,"₹8,615"
2026-09-03,DEL,HYD,2026-10-03,30,"₹8,615"
2026-09-03,DEL,HYD,2026-10-03,30,"₹8,615"
2026-09-03,DEL,HYD,2026-10-18,45,"₹9,809"
2026-09-03,DEL,HYD,2026-10-18,45,"₹9,809"
2026-09-03,DEL,HYD,2026-10-18,45,"₹10,872"
2026-09-03,DEL,HYD,2026-10-18,45,"₹10,872"
2026-09-03,DEL,HYD,2026-10-18,45,"₹11,240"
2026-09-03,DEL,HYD,2026-10-18,45,"₹11,240"
2026-09-03,DEL,HYD,2026-10-18,45,"₹10,481"
2026-09-03,DEL,HYD,2026-10-18,45,"₹10,481"
2026-09-03,DEL,HYD,2026-10-18,45,"₹10,481"
2026-09-03,DEL,HYD,2026-10-18,45,"₹10,481"
2026-09-03,DEL,HYD,2026-10-18,45,"₹11,183"
2026-09-03,DEL,HYD,2026-10-18,45,"₹11,183"
2026-09-03,DEL,HYD,2026-10-18,45,"₹11,183"
2026-09-03,DEL,HYD,2026-10-18,45,"₹11,183"
2026-09-03,DEL,HYD,2026-10-18,45,"₹11,314"
2026-09-03,DEL,HYD,2026-10-18,45,"₹11,314"
2026-09-03,BOM,CCU,2026-09-04,1,"₹11,577"
2026-09-03,BOM,CCU,2026-09-04,1,"₹11,577"
2026-09-03,BOM,CCU,2026-09-04,1,"₹11,577"
2026-09-03,BOM,CCU,2026-09-04,1,"₹11,577"
2026-09-03,BOM,CCU,2026-09-04,1,"₹12,033"
2026-09-03,BOM,CCU,2026-09-04,1,"₹12,033"
2026-09-03,BOM,CCU,2026-09-04,1,"₹11,953"
2026-09-03,BOM,CCU,2026-09-04,1,"₹11,953"
2026-09-03,BOM,CCU,2026-09-04,1,"₹12,122"
2026-09-03,BOM,CCU,2026-09-04,1,"₹12,122"
2026-09-03,BOM,CCU,2026-09-04,1,"₹12,561"
2026-09-03,BOM,CCU,2026-09-04,1,"₹12,561"
2026-09-03,BOM,CCU,2026-09-04,1,"₹13,082"
2026-09-03,BOM,CCU,2026-09-04,1,"₹13,082"
2026-09-03,BOM,CCU,2026-09-04,1,"₹13,226"
2026-09-03,BOM,CCU,2026-09-04,1,"₹13,226"
2026-09-03,BOM,CCU,2026-09-10,7,"₹12,500"
2026-09-03,BOM,CCU,2026-09-10,7,"₹12,500"
2026-09-03,BOM,CCU,2026-09-10,7,"₹13,949"
2026-09-03,BOM,CCU,2026-09-10,7,"₹13,949"
2026-09-03,BOM,CCU,2026-09-10,7,"₹13,186"
2026-09-03,BOM,CCU,2026-09-10,7,"₹13,186"
2026-09-03,BOM,CCU,2026-09-10,7,"₹13,246"
2026-09-03,BOM,CCU,2026-09-10,7,"₹13,246"
2026-09-03,BOM,CCU,2026-09-10,7,"₹13,246"
2026-09-03,BOM,CCU,2026-09-10,7,"₹13,246"
2026-09-03,BOM,CCU,2026-09-10,7,"₹13,309"
2026-09-03,BOM,CCU,2026-09-10,7,"₹13,309"
2026-09-03,BOM,CCU,2026-09-10,7,"₹14,053"
2026-09-03,BOM,CCU,2026-09-10,7,"₹14,053"
2026-09-03,BOM,CCU,2026-09-10,7,"₹13,808"
2026-09-03,BOM,CCU,2026-09-10,7,"₹13,808"
2026-09-03,BOM,CCU,2026-09-18,15,"₹10,084"
2026-09-03,BOM,CCU,2026-09-18,15,"₹10,084"
2026-09-03,BOM,CCU,2026-09-18,15,"₹10,084"
2026-09-03,BOM,CCU,2026-09-18,15,"₹10,084"
2026-09-03,BOM,CCU,2026-09-18,15,"₹10,084"
2026-09-03,BOM,CCU,2026-09-18,15,"₹10,084"
2026-09-03,BOM,CCU,2026-09-18,15,"₹10,855"
2026-09-03,BOM,CCU,2026-09-18,15,"₹10,855"
2026-09-03,BOM,CCU,2026-09-18,15,"₹11,249"
2026-09-03,BOM,CCU,2026-09-18,15,"₹11,249"
2026-09-03,BOM,CCU,2026-09-18,15,"₹11,353"
2026-09-03,BOM,CCU,2026-09-18,15,"₹11,353"
2026-09-03,BOM,CCU,2026-09-18,15,"₹11,353"
2026-09-03,BOM,CCU,2026-09-18,15,"₹11,353"
2026-09-03,BOM,CCU,2026-09-18,15,"₹11,353"
2026-09-03,BOM,CCU,2026-09-18,15,"₹11,353"
2026-09-03,BOM,CCU,2026-10-03,30,"₹12,508"
2026-09-03,BOM,CCU,2026-10-03,30,"₹12,508"
2026-09-03,BOM,CCU,2026-10-03,30,"₹12,682"
2026-09-03,BOM,CCU,2026-10-03,30,"₹12,682"
2026-09-03,BOM,CCU,2026-10-03,30,"₹12,872"
2026-09-03,BOM,CCU,2026-10-03,30,"₹12,872"
2026-09-03,BOM,CCU,2026-10-03,30,"₹12,972"
2026-09-03,BOM,CCU,2026-10-03,30,"₹12,972"
2026-09-03,BOM,CCU,2026-10-03,30,"₹12,881"
2026-09-03,BOM,CCU,2026-10-03,30,"₹12,881"
2026-09-03,BOM,CCU,2026-10-03,30,"₹12,881"
2026-09-03,BOM,CCU,2026-10-03,30,"₹12,881"
2026-09-03,BOM,CCU,2026-10-03,30,"₹13,247"
2026-09-03,BOM,CCU,2026-10-03,30,"₹13,247"
2026-09-03,BOM,CCU,2026-10-18,45,"₹16,433"
2026-09-03,BOM,CCU,2026-10-18,45,"₹16,433"
2026-09-03,BOM,CCU,2026-10-18,45,"₹16,433"
2026-09-03,BOM,CCU,2026-10-18,45,"₹16,433"
2026-09-03,BOM,CCU,2026-10-18,45,"₹15,836"
2026-09-03,BOM,CCU,2026-10-18,45,"₹15,836"
2026-09-03,BOM,CCU,2026-10-18,45,"₹15,813"
2026-09-03,BOM,CCU,2026-10-18,45,"₹15,813"
2026-09-03,BOM,CCU,2026-10-18,45,"₹16,207"
2026-09-03,BOM,CCU,2026-10-18,45,"₹16,207"
2026-09-03,BOM,CCU,2026-10-18,45,"₹17,302"
2026-09-03,BOM,CCU,2026-10-18,45,"₹17,302"
2026-09-03,BOM,CCU,2026-10-18,45,"₹16,508"
2026-09-03,BOM,CCU,2026-10-18,45,"₹16,508"
2026-09-04,DEL,BOM,2026-09-05,1,"₹6,618"
2026-09-04,DEL,BOM,2026-09-05,1,"₹6,618"
2026-09-04,DEL,BOM,2026-09-05,1,"₹6,618"
2026-09-04,DEL,BOM,2026-09-05,1,"₹6,618"
2026-09-04,DEL,BOM,2026-09-05,1,"₹7,000"
2026-09-04,DEL,BOM,2026-09-05,1,"₹7,000"
2026-09-04,DEL,BOM,2026-09-05,1,"₹7,000"
2026-09-04,DEL,BOM,2026-09-05,1,"₹7,000"
2026-09-04,DEL,BOM,2026-09-05,1,"₹7,000"
2026-09-04,DEL,BOM,2026-09-05,1,"₹7,000"
2026-09-04,DEL,BOM,2026-09-05,1,"₹7,000"
2026-09-04,DEL,BOM,2026-09-05,1,"₹7,000"
2026-09-04,DEL,BOM,2026-09-05,1,"₹7,000"
2026-09-04,DEL,BOM,2026-09-05,1,"₹7,000"
2026-09-04,DEL,BOM,2026-09-05,1,"₹7,000"
2026-09-04,DEL,BOM,2026-09-05,1,"₹7,000"
2026-09-04,DEL,BOM,2026-09-11,7,"₹7,000"
2026-09-04,DEL,BOM,2026-09-11,7,"₹7,000"
2026-09-04,DEL,BOM,2026-09-11,7,"₹7,000"
2026-09-04,DEL,BOM,2026-09-11,7,"₹7,000"
2026-09-04,DEL,BOM,2026-09-11,7,"₹7,000"
2026-09-04,DEL,BOM,2026-09-11,7,"₹7,000"
2026-09-04,DEL,BOM,2026-09-11,7,"₹6,090"
2026-09-04,DEL,BOM,2026-09-11,7,"₹6,090"
2026-09-04,DEL,BOM,2026-09-11,7,"₹6,090"
2026-09-04,DEL,BOM,2026-09-11,7,"₹6,090"
2026-09-04,DEL,BOM,2026-09-11,7,"₹6,090"
2026-09-04,DEL,BOM,2026-09-11,7,"₹6,090"
2026-09-04,DEL,BOM,2026-09-11,7,"₹6,090"
2026-09-04,DEL,BOM,2026-09-11,7,"₹6,090"
2026-09-04,DEL,BOM,2026-09-11,7,"₹6,090"
2026-09-04,DEL,BOM,2026-09-11,7,"₹6,090"
2026-09-04,DEL,BOM,2026-09-19,15,"₹6,580"
2026-09-04,DEL,BOM,2026-09-19,15,"₹6,580"
2026-09-04,DEL,BOM,2026-09-19,15,"₹7,000"
2026-09-04,DEL,BOM,2026-09-19,15,"₹7,000"
2026-09-04,DEL,BOM,2026-09-19,15,"₹7,000"
2026-09-04,DEL,BOM,2026-09-19,15,"₹7,000"
2026-09-04,DEL,BOM,2026-09-19,15,"₹7,000"
2026-09-04,DEL,BOM,2026-09-19,15,"₹7,000"
2026-09-04,DEL,BOM,2026-09-19,15,"₹7,000"
2026-09-04,DEL,BOM,2026-09-19,15,"₹7,000"
2026-09-04,DEL,BOM,2026-09-19,15,"₹7,000"
2026-09-04,DEL,BOM,2026-09-19,15,"₹7,000"
2026-09-04,DEL,BOM,2026-09-19,15,"₹7,000"
2026-09-04,DEL,BOM,2026-09-19,15,"₹7,000"
2026-09-04,DEL,BOM,2026-10-04,30,"₹7,159"
2026-09-04,DEL,BOM,2026-10-04,30,"₹7,159"
2026-09-04,DEL,BOM,2026-10-04,30,"₹7,159"
2026-09-04,DEL,BOM,2026-10-04,30,"₹7,159"
2026-09-04,DEL,BOM,2026-10-04,30,"₹7,159"
2026-09-04,DEL,BOM,2026-10-04,30,"₹7,159"
2026-09-04,DEL,BOM,2026-10-04,30,"₹7,159"
2026-09-04,DEL,BOM,2026-10-04,30,"₹7,159"
2026-09-04,DEL,BOM,2026-10-04,30,"₹7,172"
2026-09-04,DEL,BOM,2026-10-04,30,"₹7,172"
2026-09-04,DEL,BOM,2026-10-04,30,"₹7,369"
2026-09-04,DEL,BOM,2026-10-04,30,"₹7,369"
2026-09-04,DEL,BOM,2026-10-04,30,"₹7,369"
2026-09-04,DEL,BOM,2026-10-04,30,"₹7,369"
2026-09-04,DEL,BOM,2026-10-19,45,"₹7,147"
2026-09-04,DEL,BOM,2026-10-19,45,"₹7,147"
2026-09-04,DEL,BOM,2026-10-19,45,"₹7,278"
2026-09-04,DEL,BOM,2026-10-19,45,"₹7,278"
2026-09-04,DEL,BOM,2026-10-19,45,"₹7,278"
2026-09-04,DEL,BOM,2026-10-19,45,"₹7,278"
2026-09-04,DEL,BOM,2026-10-19,45,"₹6,529"
2026-09-04,DEL,BOM,2026-10-19,45,"₹6,529"
2026-09-04,DEL,BOM,2026-10-19,45,"₹6,529"
2026-09-04,DEL,BOM,2026-10-19,45,"₹6,529"
2026-09-04,DEL,BOM,2026-10-19,45,"₹7,469"
2026-09-04,DEL,BOM,2026-10-19,45,"₹7,469"
2026-09-04,DEL,BOM,2026-10-19,45,"₹7,469"
2026-09-04,DEL,BOM,2026-10-19,45,"₹7,469"
2026-09-04,DEL,BLR,2026-09-05,1,"₹9,898"
2026-09-04,DEL,BLR,2026-09-05,1,"₹9,898"
2026-09-04,DEL,BLR,2026-09-05,1,"₹9,898"
2026-09-04,DEL,BLR,2026-09-05,1,"₹9,898"
2026-09-04,DEL,BLR,2026-09-05,1,"₹9,898"
2026-09-04,DEL,BLR,2026-09-05,1,"₹9,898"
2026-09-04,DEL,BLR,2026-09-05,1,"₹9,898"
2026-09-04,DEL,BLR,2026-09-05,1,"₹9,898"
2026-09-04,DEL,BLR,2026-09-05,1,"₹9,898"
2026-09-04,DEL,BLR,2026-09-05,1,"₹9,898"
2026-09-04,DEL,BLR,2026-09-05,1,"₹9,977"
2026-09-04,DEL,BLR,2026-09-05,1,"₹9,977"
2026-09-04,DEL,BLR,2026-09-05,1,"₹9,977"
2026-09-04,DEL,BLR,2026-09-05,1,"₹9,977"
2026-09-04,DEL,BLR,2026-09-11,7,"₹9,331"
2026-09-04,DEL,BLR,2026-09-11,7,"₹9,331"
2026-09-04,DEL,BLR,2026-09-11,7,"₹9,331"
2026-09-04,DEL,BLR,2026-09-11,7,"₹9,331"
2026-09-04,DEL,BLR,2026-09-11,7,"₹9,331"
2026-09-04,DEL,BLR,2026-09-11,7,"₹9,331"
2026-09-04,DEL,BLR,2026-09-11,7,"₹9,422"
2026-09-04,DEL,BLR,2026-09-11,7,"₹9,422"
2026-09-04,DEL,BLR,2026-09-11,7,"₹9,239"
2026-09-04,DEL,BLR,2026-09-11,7,"₹9,239"
2026-09-04,DEL,BLR,2026-09-11,7,"₹9,239"
2026-09-04,DEL,BLR,2026-09-11,7,"₹9,239"
2026-09-04,DEL,BLR,2026-09-11,7,"₹10,242"
2026-09-04,DEL,BLR,2026-09-11,7,"₹10,242"
2026-09-04,DEL,BLR,2026-09-11,7,"₹10,242"
2026-09-04,DEL,BLR,2026-09-11,7,"₹10,242"
2026-09-04,DEL,BLR,2026-09-19,15,"₹9,867"
2026-09-04,DEL,BLR,2026-09-19,15,"₹9,867"
2026-09-04,DEL,BLR,2026-09-19,15,"₹9,946"
2026-09-04,DEL,BLR,2026-09-19,15,"₹9,946"
2026-09-04,DEL,BLR,2026-09-19,15,"₹9,946"
2026-09-04,DEL,BLR,2026-09-19,15,"₹9,946"
2026-09-04,DEL,BLR,2026-09-19,15,"₹9,946"
2026-09-04,DEL,BLR,2026-09-19,15,"₹9,946"
2026-09-04,DEL,BLR,2026-09-19,15,"₹9,946"
2026-09-04,DEL,BLR,2026-09-19,15,"₹9,946"
2026-09-04,DEL,BLR,2026-09-19,15,"₹10,940"
2026-09-04,DEL,BLR,2026-09-19,15,"₹10,940"
2026-09-04,DEL,BLR,2026-09-19,15,"₹10,940"
2026-09-04,DEL,BLR,2026-09-19,15,"₹10,940"
2026-09-04,DEL,BLR,2026-10-04,30,"₹9,946"
2026-09-04,DEL,BLR,2026-10-04,30,"₹9,946"
2026-09-04,DEL,BLR,2026-10-04,30,"₹9,946"
2026-09-04,DEL,BLR,2026-10-04,30,"₹9,946"
2026-09-04,DEL,BLR,2026-10-04,30,"₹9,946"
2026-09-04,DEL,BLR,2026-10-04,30,"₹9,946"
2026-09-04,DEL,BLR,2026-10-04,30,"₹9,946"
2026-09-04,DEL,BLR,2026-10-04,30,"₹9,946"
2026-09-04,DEL,BLR,2026-10-04,30,"₹9,946"
2026-09-04,DEL,BLR,2026-10-04,30,"₹9,946"
2026-09-04,DEL,BLR,2026-10-04,30,"₹10,077"
2026-09-04,DEL,BLR,2026-10-04,30,"₹10,077"
2026-09-04,DEL,BLR,2026-10-04,30,"₹10,077"
2026-09-04,DEL,BLR,2026-10-04,30,"₹10,077"
2026-09-04,DEL,BLR,2026-10-04,30,"₹10,077"
2026-09-04,DEL,BLR,2026-10-04,30,"₹10,077"
2026-09-04,DEL,BLR,2026-10-19,45,"₹9,946"
2026-09-04,DEL,BLR,2026-10-19,45,"₹9,946"
2026-09-04,DEL,BLR,2026-10-19,45,"₹10,322"
2026-09-04,DEL,BLR,2026-10-19,45,"₹10,322"
2026-09-04,DEL,BLR,2026-10-19,45,"₹10,077"
2026-09-04,DEL,BLR,2026-10-19,45,"₹10,077"
2026-09-04,DEL,BLR,2026-10-19,45,"₹10,077"
2026-09-04,DEL,BLR,2026-10-19,45,"₹10,077"
2026-09-04,DEL,BLR,2026-10-19,45,"₹10,077"
2026-09-04,DEL,BLR,2026-10-19,45,"₹10,077"
2026-09-04,DEL,BLR,2026-10-19,45,"₹10,077"
2026-09-04,DEL,BLR,2026-10-19,45,"₹10,077"
2026-09-04,DEL,BLR,2026-10-19,45,"₹10,077"
2026-09-04,DEL,BLR,2026-10-19,45,"₹10,077"
2026-09-04,DEL,BLR,2026-10-19,45,"₹10,077"
2026-09-04,DEL,BLR,2026-10-19,45,"₹10,077"
2026-09-04,BOM,BLR,2026-09-05,1,"₹6,869"
2026-09-04,BOM,BLR,2026-09-05,1,"₹6,869"
2026-09-04,BOM,BLR,2026-09-05,1,"₹7,872"
2026-09-04,BOM,BLR,2026-09-05,1,"₹7,872"
2026-09-04,BOM,BLR,2026-09-05,1,"₹8,003"
2026-09-04,BOM,BLR,2026-09-05,1,"₹8,003"
2026-09-04,BOM,BLR,2026-09-05,1,"₹8,057"
2026-09-04,BOM,BLR,2026-09-05,1,"₹8,057"
2026-09-04,BOM,BLR,2026-09-05,1,"₹8,057"
2026-09-04,BOM,BLR,2026-09-05,1,"₹8,057"
2026-09-04,BOM,BLR,2026-09-05,1,"₹8,112"
2026-09-04,BOM,BLR,2026-09-05,1,"₹8,112"
2026-09-04,BOM,BLR,2026-09-05,1,"₹8,193"
2026-09-04,BOM,BLR,2026-09-05,1,"₹8,193"
2026-09-04,BOM,BLR,2026-09-11,7,"₹10,356"
2026-09-04,BOM,BLR,2026-09-11,7,"₹10,356"
2026-09-04,BOM,BLR,2026-09-11,7,"₹12,102"
2026-09-04,BOM,BLR,2026-09-11,7,"₹12,102"
2026-09-04,BOM,BLR,2026-09-11,7,"₹11,450"
2026-09-04,BOM,BLR,2026-09-11,7,"₹11,450"
2026-09-04,BOM,BLR,2026-09-11,7,"₹11,450"
2026-09-04,BOM,BLR,2026-09-11,7,"₹11,450"
2026-09-04,BOM,BLR,2026-09-11,7,"₹12,634"
2026-09-04,BOM,BLR,2026-09-11,7,"₹12,634"
2026-09-04,BOM,BLR,2026-09-11,7,"₹12,454"
2026-09-04,BOM,BLR,2026-09-11,7,"₹12,454"
2026-09-04,BOM,BLR,2026-09-11,7,"₹12,421"
2026-09-04,BOM,BLR,2026-09-11,7,"₹12,421"
2026-09-04,BOM,BLR,2026-09-11,7,"₹13,403"
2026-09-04,BOM,BLR,2026-09-11,7,"₹13,403"
2026-09-04,BOM,BLR,2026-09-19,15,"₹9,050"
2026-09-04,BOM,BLR,2026-09-19,15,"₹9,050"
2026-09-04,BOM,BLR,2026-09-19,15,"₹8,377"
2026-09-04,BOM,BLR,2026-09-19,15,"₹8,377"
2026-09-04,BOM,BLR,2026-09-19,15,"₹8,377"
2026-09-04,BOM,BLR,2026-09-19,15,"₹8,377"
2026-09-04,BOM,BLR,2026-09-19,15,"₹8,377"
2026-09-04,BOM,BLR,2026-09-19,15,"₹8,377"
2026-09-04,BOM,BLR,2026-09-19,15,"₹8,377"
2026-09-04,BOM,BLR,2026-09-19,15,"₹8,377"
2026-09-04,BOM,BLR,2026-09-19,15,"₹8,508"
2026-09-04,BOM,BLR,2026-09-19,15,"₹8,508"
2026-09-04,BOM,BLR,2026-09-19,15,"₹8,508"
2026-09-04,BOM,BLR,2026-09-19,15,"₹8,508"
2026-09-04,BOM,BLR,2026-09-19,15,"₹8,508"
2026-09-04,BOM,BLR,2026-09-19,15,"₹8,508"
2026-09-04,BOM,BLR,2026-10-04,30,"₹15,660"
2026-09-04,BOM,BLR,2026-10-04,30,"₹15,660"
2026-09-04,BOM,BLR,2026-10-04,30,"₹15,538"
2026-09-04,BOM,BLR,2026-10-04,30,"₹15,538"
2026-09-04,BOM,BLR,2026-10-04,30,"₹17,109"
2026-09-04,BOM,BLR,2026-10-04,30,"₹17,109"
2026-09-04,BOM,BLR,2026-10-04,30,"₹20,261"
2026-09-04,BOM,BLR,2026-10-04,30,"₹20,261"
2026-09-04,BOM,BLR,2026-10-19,45,"₹17,319"
2026-09-04,BOM,BLR,2026-10-19,45,"₹17,319"
2026-09-04,BOM,BLR,2026-10-19,45,"₹17,907"
2026-09-04,BOM,BLR,2026-10-19,45,"₹17,907"
2026-09-04,BOM,BLR,2026-10-19,45,"₹17,907"
2026-09-04,BOM,BLR,2026-10-19,45,"₹17,907"
2026-09-04,BOM,BLR,2026-10-19,45,"₹20,291"
2026-09-04,BOM,BLR,2026-10-19,45,"₹20,291"
2026-09-04,BOM,BLR,2026-10-19,45,"₹22,575"
2026-09-04,BOM,BLR,2026-10-19,45,"₹22,575"
2026-09-04,DEL,HYD,2026-09-05,1,"₹10,130"
2026-09-04,DEL,HYD,2026-09-05,1,"₹10,130"
2026-09-04,DEL,HYD,2026-09-05,1,"₹10,214"
2026-09-04,DEL,HYD,2026-09-05,1,"₹10,214"
2026-09-04,DEL,HYD,2026-09-05,1,"₹10,468"
2026-09-04,DEL,HYD,2026-09-05,1,"₹10,468"
2026-09-04,DEL,HYD,2026-09-05,1,"₹10,061"
2026-09-04,DEL,HYD,2026-09-05,1,"₹10,061"
2026-09-04,DEL,HYD,2026-09-05,1,"₹11,045"
2026-09-04,DEL,HYD,2026-09-05,1,"₹11,045"
2026-09-04,DEL,HYD,2026-09-05,1,"₹11,046"
2026-09-04,DEL,HYD,2026-09-05,1,"₹11,046"
2026-09-04,DEL,HYD,2026-09-05,1,"₹11,565"
2026-09-04,DEL,HYD,2026-09-05,1,"₹11,565"
2026-09-04,DEL,HYD,2026-09-05,1,"₹12,017"
2026-09-04,DEL,HYD,2026-09-05,1,"₹12,017"
2026-09-04,DEL,HYD,2026-09-11,7,"₹11,022"
2026-09-04,DEL,HYD,2026-09-11,7,"₹11,022"
2026-09-04,DEL,HYD,2026-09-11,7,"₹10,061"
2026-09-04,DEL,HYD,2026-09-11,7,"₹10,061"
2026-09-04,DEL,HYD,2026-09-11,7,"₹10,061"
2026-09-04,DEL,HYD,2026-09-11,7,"₹10,061"
2026-09-04,DEL,HYD,2026-09-11,7,"₹11,446"
2026-09-04,DEL,HYD,2026-09-11,7,"₹11,446"
2026-09-04,DEL,HYD,2026-09-11,7,"₹11,446"
2026-09-04,DEL,HYD,2026-09-11,7,"₹11,446"
2026-09-04,DEL,HYD,2026-09-11,7,"₹10,763"
2026-09-04,DEL,HYD,2026-09-11,7,"₹10,763"
2026-09-04,DEL,HYD,2026-09-11,7,"₹11,746"
2026-09-04,DEL,HYD,2026-09-11,7,"₹11,746"
2026-09-04,DEL,HYD,2026-09-11,7,"₹12,316"
2026-09-04,DEL,HYD,2026-09-11,7,"₹12,316"
2026-09-04,DEL,HYD,2026-09-19,15,"₹8,615"
2026-09-04,DEL,HYD,2026-09-19,15,"₹8,615"
2026-09-04,DEL,HYD,2026-09-19,15,"₹9,626"
2026-09-04,DEL,HYD,2026-09-19,15,"₹9,626"
2026-09-04,DEL,HYD,2026-09-19,15,"₹9,876"
2026-09-04,DEL,HYD,2026-09-19,15,"₹9,876"
2026-09-04,DEL,HYD,2026-09-19,15,"₹9,876"
2026-09-04,DEL,HYD,2026-09-19,15,"₹9,876"
2026-09-04,DEL,HYD,2026-09-19,15,"₹9,876"
2026-09-04,DEL,HYD,2026-09-19,15,"₹9,876"
2026-09-04,DEL,HYD,2026-09-19,15,"₹9,876"
2026-09-04,DEL,HYD,2026-09-19,15,"₹9,876"
2026-09-04,DEL,HYD,2026-09-19,15,"₹9,876"
2026-09-04,DEL,HYD,2026-09-19,15,"₹9,876"
2026-09-04,DEL,HYD,2026-09-19,15,"₹9,876"
2026-09-04,DEL,HYD,2026-09-19,15,"₹9,876"
2026-09-04,DEL,HYD,2026-10-04,30,"₹10,061"
2026-09-04,DEL,HYD,2026-10-04,30,"₹10,061"
2026-09-04,DEL,HYD,2026-10-04,30,"₹10,061"
2026-09-04,DEL,HYD,2026-10-04,30,"₹10,061"
2026-09-04,DEL,HYD,2026-10-04,30,"₹11,204"
2026-09-04,DEL,HYD,2026-10-04,30,"₹11,204"
2026-09-04,DEL,HYD,2026-10-04,30,"₹11,411"
2026-09-04,DEL,HYD,2026-10-04,30,"₹11,411"
2026-09-04,DEL,HYD,2026-10-04,30,"₹10,481"
2026-09-04,DEL,HYD,2026-10-04,30,"₹10,481"
2026-09-04,DEL,HYD,2026-10-04,30,"₹11,632"
2026-09-04,DEL,HYD,2026-10-04,30,"₹11,632"
2026-09-04,DEL,HYD,2026-10-04,30,"₹11,646"
2026-09-04,DEL,HYD,2026-10-04,30,"₹11,646"
2026-09-04,DEL,HYD,2026-10-04,30,"₹11,746"
2026-09-04,DEL,HYD,2026-10-04,30,"₹11,746"
2026-09-04,DEL,HYD,2026-10-19,45,"₹10,214"
2026-09-04,DEL,HYD,2026-10-19,45,"₹10,214"
2026-09-04,DEL,HYD,2026-10-19,45,"₹10,299"
2026-09-04,DEL,HYD,2026-10-19,45,"₹10,299"
2026-09-04,DEL,HYD,2026-10-19,45,"₹10,453"
2026-09-04,DEL,HYD,2026-10-19,45,"₹10,453"
2026-09-04,DEL,HYD,2026-10-19,45,"₹10,453"
2026-09-04,DEL,HYD,2026-10-19,45,"₹10,453"
2026-09-04,DEL,HYD,2026-10-19,45,"₹10,453"
2026-09-04,DEL,HYD,2026-10-19,45,"₹10,453"
2026-09-04,DEL,HYD,2026-10-19,45,"₹10,453"
2026-09-04,DEL,HYD,2026-10-19,45,"₹10,453"
2026-09-04,DEL,HYD,2026-10-19,45,"₹10,468"
2026-09-04,DEL,HYD,2026-10-19,45,"₹10,468"
2026-09-04,DEL,HYD,2026-10-19,45,"₹9,593"
2026-09-04,DEL,HYD,2026-10-19,45,"₹9,593"
2026-09-04,BOM,CCU,2026-09-05,1,"₹12,753"
2026-09-04,BOM,CCU,2026-09-05,1,"₹12,753"
2026-09-04,BOM,CCU,2026-09-05,1,"₹12,753"
2026-09-04,BOM,CCU,2026-09-05,1,"₹12,753"
2026-09-04,BOM,CCU,2026-09-05,1,"₹13,006"
2026-09-04,BOM,CCU,2026-09-05,1,"₹13,006"
2026-09-04,BOM,CCU,2026-09-05,1,"₹13,393"
2026-09-04,BOM,CCU,2026-09-05,1,"₹13,393"
2026-09-04,BOM,CCU,2026-09-05,1,"₹14,094"
2026-09-04,BOM,CCU,2026-09-05,1,"₹14,094"
2026-09-04,BOM,CCU,2026-09-05,1,"₹14,125"
2026-09-04,BOM,CCU,2026-09-05,1,"₹14,125"
2026-09-04,BOM,CCU,2026-09-05,1,"₹14,533"
2026-09-04,BOM,CCU,2026-09-05,1,"₹14,533"
2026-09-04,BOM,CCU,2026-09-05,1,"₹14,545"
2026-09-04,BOM,CCU,2026-09-05,1,"₹14,545"
2026-09-04,BOM,CCU,2026-09-11,7,"₹14,684"
2026-09-04,BOM,CCU,2026-09-11,7,"₹14,684"
2026-09-04,BOM,CCU,2026-09-11,7,"₹14,456"
2026-09-04,BOM,CCU,2026-09-11,7,"₹14,456"
2026-09-04,BOM,CCU,2026-09-11,7,"₹15,314"
2026-09-04,BOM,CCU,2026-09-11,7,"₹15,314"
2026-09-04,BOM,CCU,2026-09-11,7,"₹14,753"
2026-09-04,BOM,CCU,2026-09-11,7,"₹14,753"
2026-09-04,BOM,CCU,2026-09-11,7,"₹14,902"
2026-09-04,BOM,CCU,2026-09-11,7,"₹14,902"
2026-09-04,BOM,CCU,2026-09-11,7,"₹16,126"
2026-09-04,BOM,CCU,2026-09-11,7,"₹16,126"
2026-09-04,BOM,CCU,2026-09-11,7,"₹15,481"
2026-09-04,BOM,CCU,2026-09-11,7,"₹15,481"
2026-09-04,BOM,CCU,2026-09-11,7,"₹15,497"
2026-09-04,BOM,CCU,2026-09-11,7,"₹15,497"
2026-09-04,BOM,CCU,2026-09-19,15,"₹9,874"
2026-09-04,BOM,CCU,2026-09-19,15,"₹9,874"
2026-09-04,BOM,CCU,2026-09-19,15,"₹9,953"
2026-09-04,BOM,CCU,2026-09-19,15,"₹9,953"
2026-09-04,BOM,CCU,2026-09-19,15,"₹10,084"
2026-09-04,BOM,CCU,2026-09-19,15,"₹10,084"
2026-09-04,BOM,CCU,2026-09-19,15,"₹10,084"
2026-09-04,BOM,CCU,2026-09-19,15,"₹10,084"
2026-09-04,BOM,CCU,2026-09-19,15,"₹10,084"
2026-09-04,BOM,CCU,2026-09-19,15,"₹10,084"
2026-09-04,BOM,CCU,2026-09-19,15,"₹10,084"
2026-09-04,BOM,CCU,2026-09-19,15,"₹10,084"
2026-09-04,BOM,CCU,2026-10-04,30,"₹10,717"
2026-09-04,BOM,CCU,2026-10-04,30,"₹10,717"
2026-09-04,BOM,CCU,2026-10-04,30,"₹10,717"
2026-09-04,BOM,CCU,2026-10-04,30,"₹10,717"
2026-09-04,BOM,CCU,2026-10-04,30,"₹10,717"
2026-09-04,BOM,CCU,2026-10-04,30,"₹10,717"
2026-09-04,BOM,CCU,2026-10-04,30,"₹10,717"
2026-09-04,BOM,CCU,2026-10-04,30,"₹10,717"
2026-09-04,BOM,CCU,2026-10-04,30,"₹10,717"
2026-09-04,BOM,CCU,2026-10-04,30,"₹10,717"
2026-09-04,BOM,CCU,2026-10-04,30,"₹10,717"
2026-09-04,BOM,CCU,2026-10-04,30,"₹10,717"
2026-09-04,BOM,CCU,2026-10-04,30,"₹10,717"
2026-09-04,BOM,CCU,2026-10-04,30,"₹10,717"
2026-09-04,BOM,CCU,2026-10-04,30,"₹10,717"
2026-09-04,BOM,CCU,2026-10-04,30,"₹10,717"
2026-09-04,BOM,CCU,2026-10-19,45,"₹10,084"
2026-09-04,BOM,CCU,2026-10-19,45,"₹10,084"
2026-09-04,BOM,CCU,2026-10-19,45,"₹10,429"
2026-09-04,BOM,CCU,2026-10-19,45,"₹10,429"
2026-09-04,BOM,CCU,2026-10-19,45,"₹10,429"
2026-09-04,BOM,CCU,2026-10-19,45,"₹10,429"
2026-09-04,BOM,CCU,2026-10-19,45,"₹11,530"
2026-09-04,BOM,CCU,2026-10-19,45,"₹11,530"
2026-09-04,BOM,CCU,2026-10-19,45,"₹11,530"
2026-09-04,BOM,CCU,2026-10-19,45,"₹11,530"
2026-09-04,BOM,CCU,2026-10-19,45,"₹11,698"
2026-09-04,BOM,CCU,2026-10-19,45,"₹11,698"
2026-09-04,BOM,CCU,2026-10-19,45,"₹12,409"
2026-09-04,BOM,CCU,2026-10-19,45,"₹12,409"
2026-09-04,BOM,CCU,2026-10-19,45,"₹13,199"
2026-09-04,BOM,CCU,2026-10-19,45,"₹13,199"
2026-09-05,DEL,BOM,2026-09-06,1,"₹7,475"
2026-09-05,DEL,BOM,2026-09-06,1,"₹7,475"
2026-09-05,DEL,BOM,2026-09-06,1,"₹7,475"
2026-09-05,DEL,BOM,2026-09-06,1,"₹7,475"
2026-09-05,DEL,BOM,2026-09-06,1,"₹7,475"
2026-09-05,DEL,BOM,2026-09-06,1,"₹7,475"
2026-09-05,DEL,BOM,2026-09-06,1,"₹7,527"
2026-09-05,DEL,BOM,2026-09-06,1,"₹7,527"
2026-09-05,DEL,BOM,2026-09-06,1,"₹6,618"
2026-09-05,DEL,BOM,2026-09-06,1,"₹6,618"
2026-09-05,DEL,BOM,2026-09-06,1,"₹6,618"
2026-09-05,DEL,BOM,2026-09-06,1,"₹6,618"
2026-09-05,DEL,BOM,2026-09-06,1,"₹6,750"
2026-09-05,DEL,BOM,2026-09-06,1,"₹6,750"
2026-09-05,DEL,BOM,2026-09-06,1,"₹6,828"
2026-09-05,DEL,BOM,2026-09-06,1,"₹6,828"
2026-09-05,DEL,BOM,2026-09-12,7,"₹6,898"
2026-09-05,DEL,BOM,2026-09-12,7,"₹6,898"
2026-09-05,DEL,BOM,2026-09-12,7,"₹6,898"
2026-09-05,DEL,BOM,2026-09-12,7,"₹6,898"
2026-09-05,DEL,BOM,2026-09-12,7,"₹7,000"
2026-09-05,DEL,BOM,2026-09-12,7,"₹7,000"
2026-09-05,DEL,BOM,2026-09-12,7,"₹7,000"
2026-09-05,DEL,BOM,2026-09-12,7,"₹7,000"
2026-09-05,DEL,BOM,2026-09-12,7,"₹7,000"
2026-09-05,DEL,BOM,2026-09-12,7,"₹7,000"
2026-09-05,DEL,BOM,2026-09-12,7,"₹7,000"
2026-09-05,DEL,BOM,2026-09-12,7,"₹7,000"
2026-09-05,DEL,BOM,2026-09-12,7,"₹7,000"
2026-09-05,DEL,BOM,2026-09-12,7,"₹7,000"
2026-09-05,DEL,BOM,2026-09-12,7,"₹7,000"
2026-09-05,DEL,BOM,2026-09-12,7,"₹7,000"
2026-09-05,DEL,BOM,2026-09-20,15,"₹7,369"
2026-09-05,DEL,BOM,2026-09-20,15,"₹7,369"
2026-09-05,DEL,BOM,2026-09-20,15,"₹7,411"
2026-09-05,DEL,BOM,2026-09-20,15,"₹7,411"
2026-09-05,DEL,BOM,2026-09-20,15,"₹7,411"
2026-09-05,DEL,BOM,2026-09-20,15,"₹7,411"
2026-09-05,DEL,BOM,2026-09-20,15,"₹7,475"
2026-09-05,DEL,BOM,2026-09-20,15,"₹7,475"
2026-09-05,DEL,BOM,2026-09-20,15,"₹7,475"
2026-09-05,DEL,BOM,2026-09-20,15,"₹7,475"
2026-09-05,DEL,BOM,2026-09-20,15,"₹7,475"
2026-09-05,DEL,BOM,2026-09-20,15,"₹7,475"
2026-09-05,DEL,BOM,2026-09-20,15,"₹7,475"
2026-09-05,DEL,BOM,2026-09-20,15,"₹7,475"
2026-09-05,DEL,BOM,2026-10-05,30,"₹7,000"
2026-09-05,DEL,BOM,2026-10-05,30,"₹7,000"
2026-09-05,DEL,BOM,2026-10-05,30,"₹7,000"
2026-09-05,DEL,BOM,2026-10-05,30,"₹7,000"
2026-09-05,DEL,BOM,2026-10-05,30,"₹7,000"
2026-09-05,DEL,BOM,2026-10-05,30,"₹7,000"
2026-09-05,DEL,BOM,2026-10-05,30,"₹7,000"
2026-09-05,DEL,BOM,2026-10-05,30,"₹7,000"
2026-09-05,DEL,BOM,2026-10-05,30,"₹7,000"
2026-09-05,DEL,BOM,2026-10-05,30,"₹7,000"
2026-09-05,DEL,BOM,2026-10-05,30,"₹7,000"
2026-09-05,DEL,BOM,2026-10-05,30,"₹7,000"
2026-09-05,DEL,BOM,2026-10-05,30,"₹7,000"
2026-09-05,DEL,BOM,2026-10-05,30,"₹7,000"
2026-09-05,DEL,BOM,2026-10-20,45,"₹6,095"
2026-09-05,DEL,BOM,2026-10-20,45,"₹6,095"
2026-09-05,DEL,BOM,2026-10-20,45,"₹7,147"
2026-09-05,DEL,BOM,2026-10-20,45,"₹7,147"
2026-09-05,DEL,BOM,2026-10-20,45,"₹7,147"
2026-09-05,DEL,BOM,2026-10-20,45,"₹7,147"
2026-09-05,DEL,BOM,2026-10-20,45,"₹7,147"
2026-09-05,DEL,BOM,2026-10-20,45,"₹7,147"
2026-09-05,DEL,BOM,2026-10-20,45,"₹7,169"
2026-09-05,DEL,BOM,2026-10-20,45,"₹7,169"
2026-09-05,DEL,BOM,2026-10-20,45,"₹7,169"
2026-09-05,DEL,BOM,2026-10-20,45,"₹7,169"
2026-09-05,DEL,BOM,2026-10-20,45,"₹6,222"
2026-09-05,DEL,BOM,2026-10-20,45,"₹6,222"
2026-09-05,DEL,BOM,2026-10-20,45,"₹6,222"
2026-09-05,DEL,BOM,2026-10-20,45,"₹6,222"
2026-09-05,DEL,BLR,2026-09-06,1,"₹15,941"
2026-09-05,DEL,BLR,2026-09-06,1,"₹15,941"
2026-09-05,DEL,BLR,2026-09-06,1,"₹15,941"
2026-09-05,DEL,BLR,2026-09-06,1,"₹15,941"
2026-09-05,DEL,BLR,2026-09-06,1,"₹15,998"
2026-09-05,DEL,BLR,2026-09-06,1,"₹15,998"
2026-09-05,DEL,BLR,2026-09-06,1,"₹15,998"
2026-09-05,DEL,BLR,2026-09-06,1,"₹15,998"
2026-09-05,DEL,BLR,2026-09-06,1,"₹16,925"
2026-09-05,DEL,BLR,2026-09-06,1,"₹16,925"
2026-09-05,DEL,BLR,2026-09-06,1,"₹16,925"
2026-09-05,DEL,BLR,2026-09-06,1,"₹16,925"
2026-09-05,DEL,BLR,2026-09-06,1,"₹16,925"
2026-09-05,DEL,BLR,2026-09-06,1,"₹16,925"
2026-09-05,DEL,BLR,2026-09-06,1,"₹15,996"
2026-09-05,DEL,BLR,2026-09-06,1,"₹15,996"
2026-09-05,DEL,BLR,2026-09-12,7,"₹9,331"
2026-09-05,DEL,BLR,2026-09-12,7,"₹9,331"
2026-09-05,DEL,BLR,2026-09-12,7,"₹9,331"
2026-09-05,DEL,BLR,2026-09-12,7,"₹9,331"
2026-09-05,DEL,BLR,2026-09-12,7,"₹10,242"
2026-09-05,DEL,BLR,2026-09-12,7,"₹10,242"
2026-09-05,DEL,BLR,2026-09-12,7,"₹10,289"
2026-09-05,DEL,BLR,2026-09-12,7,"₹10,289"
2026-09-05,DEL,BLR,2026-09-12,7,"₹9,632"
2026-09-05,DEL,BLR,2026-09-12,7,"₹9,632"
2026-09-05,DEL,BLR,2026-09-12,7,"₹10,591"
2026-09-05,DEL,BLR,2026-09-12,7,"₹10,591"
2026-09-05,DEL,BLR,2026-09-12,7,"₹9,867"
2026-09-05,DEL,BLR,2026-09-12,7,"₹9,867"
2026-09-05,DEL,BLR,2026-09-20,15,"₹11,414"
2026-09-05,DEL,BLR,2026-09-20,15,"₹11,414"
2026-09-05,DEL,BLR,2026-09-20,15,"₹11,414"
2026-09-05,DEL,BLR,2026-09-20,15,"₹11,414"
2026-09-05,DEL,BLR,2026-09-20,15,"₹11,791"
2026-09-05,DEL,BLR,2026-09-20,15,"₹11,791"
2026-09-05,DEL,BLR,2026-09-20,15,"₹10,924"
2026-09-05,DEL,BLR,2026-09-20,15,"₹10,924"
2026-09-05,DEL,BLR,2026-09-20,15,"₹11,988"
2026-09-05,DEL,BLR,2026-09-20,15,"₹11,988"
2026-09-05,DEL,BLR,2026-09-20,15,"₹12,030"
2026-09-05,DEL,BLR,2026-09-20,15,"₹12,030"
2026-09-05,DEL,BLR,2026-09-20,15,"₹12,030"
2026-09-05,DEL,BLR,2026-09-20,15,"₹12,030"
2026-09-05,DEL,BLR,2026-09-20,15,"₹12,092"
2026-09-05,DEL,BLR,2026-09-20,15,"₹12,092"
2026-09-05,DEL,BLR,2026-10-05,30,"₹8,570"
2026-09-05,DEL,BLR,2026-10-05,30,"₹8,570"
2026-09-05,DEL,BLR,2026-10-05,30,"₹8,570"
2026-09-05,DEL,BLR,2026-10-05,30,"₹8,570"
2026-09-05,DEL,BLR,2026-10-05,30,"₹8,570"
2026-09-05,DEL,BLR,2026-10-05,30,"₹8,570"
2026-09-05,DEL,BLR,2026-10-05,30,"₹8,570"
2026-09-05,DEL,BLR,2026-10-05,30,"₹8,570"
2026-09-05,DEL,BLR,2026-10-05,30,"₹8,570"
2026-09-05,DEL,BLR,2026-10-05,30,"₹8,570"
2026-09-05,DEL,BLR,2026-10-05,30,"₹8,570"
2026-09-05,DEL,BLR,2026-10-05,30,"₹8,570"
2026-09-05,DEL,BLR,2026-10-05,30,"₹9,680"
2026-09-05,DEL,BLR,2026-10-05,30,"₹9,680"
2026-09-05,DEL,BLR,2026-10-05,30,"₹9,771"
2026-09-05,DEL,BLR,2026-10-05,30,"₹9,771"
2026-09-05,DEL,BLR,2026-10-20,45,"₹10,349"
2026-09-05,DEL,BLR,2026-10-20,45,"₹10,349"
2026-09-05,DEL,BLR,2026-10-20,45,"₹10,349"
2026-09-05,DEL,BLR,2026-10-20,45,"₹10,349"
2026-09-05,DEL,BLR,2026-10-20,45,"₹10,349"
2026-09-05,DEL,BLR,2026-10-20,45,"₹10,349"
2026-09-05,DEL,BLR,2026-10-20,45,"₹10,349"
2026-09-05,DEL,BLR,2026-10-20,45,"₹10,349"
2026-09-05,DEL,BLR,2026-10-20,45,"₹9,767"
2026-09-05,DEL,BLR,2026-10-20,45,"₹9,767"
2026-09-05,DEL,BLR,2026-10-20,45,"₹10,819"
2026-09-05,DEL,BLR,2026-10-20,45,"₹10,819"
2026-09-05,DEL,BLR,2026-10-20,45,"₹10,819"
2026-09-05,DEL,BLR,2026-10-20,45,"₹10,819"
2026-09-05,BOM,BLR,2026-09-06,1,"₹11,367"
2026-09-05,BOM,BLR,2026-09-06,1,"₹11,367"
2026-09-05,BOM,BLR,2026-09-06,1,"₹11,367"
2026-09-05,BOM,BLR,2026-09-06,1,"₹11,367"
2026-09-05,BOM,BLR,2026-09-06,1,"₹11,367"
2026-09-05,BOM,BLR,2026-09-06,1,"₹11,367"
2026-09-05,BOM,BLR,2026-09-06,1,"₹10,628"
2026-09-05,BOM,BLR,2026-09-06,1,"₹10,628"
2026-09-05,BOM,BLR,2026-09-06,1,"₹10,825"
2026-09-05,BOM,BLR,2026-09-06,1,"₹10,825"
2026-09-05,BOM,BLR,2026-09-06,1,"₹10,825"
2026-09-05,BOM,BLR,2026-09-06,1,"₹10,825"
2026-09-05,BOM,BLR,2026-09-06,1,"₹10,838"
2026-09-05,BOM,BLR,2026-09-06,1,"₹10,838"
2026-09-05,BOM,BLR,2026-09-12,7,"₹11,322"
2026-09-05,BOM,BLR,2026-09-12,7,"₹11,322"
2026-09-05,BOM,BLR,2026-09-12,7,"₹11,317"
2026-09-05,BOM,BLR,2026-09-12,7,"₹11,317"
2026-09-05,BOM,BLR,2026-09-12,7,"₹11,339"
2026-09-05,BOM,BLR,2026-09-12,7,"₹11,339"
2026-09-05,BOM,BLR,2026-09-12,7,"₹11,367"
2026-09-05,BOM,BLR,2026-09-12,7,"₹11,367"
2026-09-05,BOM,BLR,2026-09-12,7,"₹11,367"
2026-09-05,BOM,BLR,2026-09-12,7,"₹11,367"
2026-09-05,BOM,BLR,2026-09-12,7,"₹10,566"
2026-09-05,BOM,BLR,2026-09-12,7,"₹10,566"
2026-09-05,BOM,BLR,2026-09-12,7,"₹11,809"
2026-09-05,BOM,BLR,2026-09-12,7,"₹11,809"
2026-09-05,BOM,BLR,2026-09-12,7,"₹12,102"
2026-09-05,BOM,BLR,2026-09-12,7,"₹12,102"
2026-09-05,BOM,BLR,2026-09-20,15,"₹9,023"
2026-09-05,BOM,BLR,2026-09-20,15,"₹9,023"
2026-09-05,BOM,BLR,2026-09-20,15,"₹9,285"
2026-09-05,BOM,BLR,2026-09-20,15,"₹9,285"
2026-09-05,BOM,BLR,2026-09-20,15,"₹9,364"
2026-09-05,BOM,BLR,2026-09-20,15,"₹9,364"
2026-09-05,BOM,BLR,2026-09-20,15,"₹10,744"
2026-09-05,BOM,BLR,2026-09-20,15,"₹10,744"
2026-09-05,BOM,BLR,2026-09-20,15,"₹10,744"
2026-09-05,BOM,BLR,2026-09-20,15,"₹10,744"
2026-09-05,BOM,BLR,2026-09-20,15,"₹10,744"
2026-09-05,BOM,BLR,2026-09-20,15,"₹10,744"
2026-09-05,BOM,BLR,2026-09-20,15,"₹9,727"
2026-09-05,BOM,BLR,2026-09-20,15,"₹9,727"
2026-09-05,BOM,BLR,2026-09-20,15,"₹10,935"
2026-09-05,BOM,BLR,2026-09-20,15,"₹10,935"
2026-09-05,BOM,BLR,2026-10-05,30,"₹7,062"
2026-09-05,BOM,BLR,2026-10-05,30,"₹7,062"
2026-09-05,BOM,BLR,2026-10-05,30,"₹7,093"
2026-09-05,BOM,BLR,2026-10-05,30,"₹7,093"
2026-09-05,BOM,BLR,2026-10-05,30,"₹7,199"
2026-09-05,BOM,BLR,2026-10-05,30,"₹7,199"
2026-09-05,BOM,BLR,2026-10-05,30,"₹7,211"
2026-09-05,BOM,BLR,2026-10-05,30,"₹7,211"
2026-09-05,BOM,BLR,2026-10-05,30,"₹7,244"
2026-09-05,BOM,BLR,2026-10-05,30,"₹7,244"
2026-09-05,BOM,BLR,2026-10-05,30,"₹7,244"
2026-09-05,BOM,BLR,2026-10-05,30,"₹7,244"
2026-09-05,BOM,BLR,2026-10-05,30,"₹7,377"
2026-09-05,BOM,BLR,2026-10-05,30,"₹7,377"
2026-09-05,BOM,BLR,2026-10-05,30,"₹7,377"
2026-09-05,BOM,BLR,2026-10-05,30,"₹7,377"
2026-09-05,BOM,BLR,2026-10-20,45,"₹6,255"
2026-09-05,BOM,BLR,2026-10-20,45,"₹6,255"
2026-09-05,BOM,BLR,2026-10-20,45,"₹6,369"
2026-09-05,BOM,BLR,2026-10-20,45,"₹6,369"
2026-09-05,BOM,BLR,2026-10-20,45,"₹7,377"
2026-09-05,BOM,BLR,2026-10-20,45,"₹7,377"
2026-09-05,BOM,BLR,2026-10-20,45,"₹7,377"
2026-09-05,BOM,BLR,2026-10-20,45,"₹7,377"
2026-09-05,BOM,BLR,2026-10-20,45,"₹7,447"
2026-09-05,BOM,BLR,2026-10-20,45,"₹7,447"
2026-09-05,BOM,BLR,2026-10-20,45,"₹6,500"
2026-09-05,BOM,BLR,2026-10-20,45,"₹6,500"
2026-09-05,BOM,BLR,2026-10-20,45,"₹6,500"
2026-09-05,BOM,BLR,2026-10-20,45,"₹6,500"
2026-09-05,DEL,HYD,2026-09-06,1,"₹15,297"
2026-09-05,DEL,HYD,2026-09-06,1,"₹15,297"
2026-09-05,DEL,HYD,2026-09-06,1,"₹14,534"
2026-09-05,DEL,HYD,2026-09-06,1,"₹14,534"
2026-09-05,DEL,HYD,2026-09-06,1,"₹15,130"
2026-09-05,DEL,HYD,2026-09-06,1,"₹15,130"
2026-09-05,DEL,HYD,2026-09-06,1,"₹15,208"
2026-09-05,DEL,HYD,2026-09-06,1,"₹15,208"
2026-09-05,DEL,HYD,2026-09-06,1,"₹15,208"
2026-09-05,DEL,HYD,2026-09-06,1,"₹15,208"
2026-09-05,DEL,HYD,2026-09-06,1,"₹16,617"
2026-09-05,DEL,HYD,2026-09-06,1,"₹16,617"
2026-09-05,DEL,HYD,2026-09-06,1,"₹16,542"
2026-09-05,DEL,HYD,2026-09-06,1,"₹16,542"
2026-09-05,DEL,HYD,2026-09-06,1,"₹16,542"
2026-09-05,DEL,HYD,2026-09-06,1,"₹16,542"
2026-09-05,DEL,HYD,2026-09-12,7,"₹10,920"
2026-09-05,DEL,HYD,2026-09-12,7,"₹10,920"
2026-09-05,DEL,HYD,2026-09-12,7,"₹10,920"
2026-09-05,DEL,HYD,2026-09-12,7,"₹10,920"
2026-09-05,DEL,HYD,2026-09-12,7,"₹10,140"
2026-09-05,DEL,HYD,2026-09-12,7,"₹10,140"
2026-09-05,DEL,HYD,2026-09-12,7,"₹11,446"
2026-09-05,DEL,HYD,2026-09-12,7,"₹11,446"
2026-09-05,DEL,HYD,2026-09-12,7,"₹12,148"
2026-09-05,DEL,HYD,2026-09-12,7,"₹12,148"
2026-09-05,DEL,HYD,2026-09-12,7,"₹11,314"
2026-09-05,DEL,HYD,2026-09-12,7,"₹11,314"
2026-09-05,DEL,HYD,2026-09-12,7,"₹11,676"
2026-09-05,DEL,HYD,2026-09-12,7,"₹11,676"
2026-09-05,DEL,HYD,2026-09-12,7,"₹11,765"
2026-09-05,DEL,HYD,2026-09-12,7,"₹11,765"
2026-09-05,DEL,HYD,2026-09-20,15,"₹10,474"
2026-09-05,DEL,HYD,2026-09-20,15,"₹10,474"
2026-09-05,DEL,HYD,2026-09-20,15,"₹11,630"
2026-09-05,DEL,HYD,2026-09-20,15,"₹11,630"
2026-09-05,DEL,HYD,2026-09-20,15,"₹11,646"
2026-09-05,DEL,HYD,2026-09-20,15,"₹11,646"
2026-09-05,DEL,HYD,2026-09-20,15,"₹11,746"
2026-09-05,DEL,HYD,2026-09-20,15,"₹11,746"
2026-09-05,DEL,HYD,2026-09-20,15,"₹11,104"
2026-09-05,DEL,HYD,2026-09-20,15,"₹11,104"
2026-09-05,DEL,HYD,2026-09-20,15,"₹12,147"
2026-09-05,DEL,HYD,2026-09-20,15,"₹12,147"
2026-09-05,DEL,HYD,2026-09-20,15,"₹12,423"
2026-09-05,DEL,HYD,2026-09-20,15,"₹12,423"
2026-09-05,DEL,HYD,2026-09-20,15,"₹12,423"
2026-09-05,DEL,HYD,2026-09-20,15,"₹12,423"
2026-09-05,DEL,HYD,2026-10-05,30,"₹9,035"
2026-09-05,DEL,HYD,2026-10-05,30,"₹9,035"
2026-09-05,DEL,HYD,2026-10-05,30,"₹10,046"
2026-09-05,DEL,HYD,2026-10-05,30,"₹10,046"
2026-09-05,DEL,HYD,2026-10-05,30,"₹9,120"
2026-09-05,DEL,HYD,2026-10-05,30,"₹9,120"
2026-09-05,DEL,HYD,2026-10-05,30,"₹9,173"
2026-09-05,DEL,HYD,2026-10-05,30,"₹9,173"
2026-09-05,DEL,HYD,2026-10-05,30,"₹9,173"
2026-09-05,DEL,HYD,2026-10-05,30,"₹9,173"
2026-09-05,DEL,HYD,2026-10-05,30,"₹10,130"
2026-09-05,DEL,HYD,2026-10-05,30,"₹10,130"
2026-09-05,DEL,HYD,2026-10-05,30,"₹9,304"
2026-09-05,DEL,HYD,2026-10-05,30,"₹9,304"
2026-09-05,DEL,HYD,2026-10-05,30,"₹10,336"
2026-09-05,DEL,HYD,2026-10-05,30,"₹10,336"
2026-09-05,DEL,HYD,2026-10-20,45,"₹10,920"
2026-09-05,DEL,HYD,2026-10-20,45,"₹10,920"
2026-09-05,DEL,HYD,2026-10-20,45,"₹10,920"
2026-09-05,DEL,HYD,2026-10-20,45,"₹10,920"
2026-09-05,DEL,HYD,2026-10-20,45,"₹11,024"
2026-09-05,DEL,HYD,2026-10-20,45,"₹11,024"
2026-09-05,DEL,HYD,2026-10-20,45,"₹10,350"
2026-09-05,DEL,HYD,2026-10-20,45,"₹10,350"
2026-09-05,DEL,HYD,2026-10-20,45,"₹10,350"
2026-09-05,DEL,HYD,2026-10-20,45,"₹10,350"
2026-09-05,DEL,HYD,2026-10-20,45,"₹10,350"
2026-09-05,DEL,HYD,2026-10-20,45,"₹10,350"
2026-09-05,DEL,HYD,2026-10-20,45,"₹11,446"
2026-09-05,DEL,HYD,2026-10-20,45,"₹11,446"
2026-09-05,DEL,HYD,2026-10-20,45,"₹11,446"
2026-09-05,DEL,HYD,2026-10-20,45,"₹11,446"
2026-09-05,BOM,CCU,2026-09-06,1,"₹15,216"
2026-09-05,BOM,CCU,2026-09-06,1,"₹15,216"
2026-09-05,BOM,CCU,2026-09-06,1,"₹15,237"
2026-09-05,BOM,CCU,2026-09-06,1,"₹15,237"
2026-09-05,BOM,CCU,2026-09-06,1,"₹15,237"
2026-09-05,BOM,CCU,2026-09-06,1,"₹15,237"
2026-09-05,BOM,CCU,2026-09-06,1,"₹15,636"
2026-09-05,BOM,CCU,2026-09-06,1,"₹15,636"
2026-09-05,BOM,CCU,2026-09-06,1,"₹15,655"
2026-09-05,BOM,CCU,2026-09-06,1,"₹15,655"
2026-09-05,BOM,CCU,2026-09-06,1,"₹15,854"
2026-09-05,BOM,CCU,2026-09-06,1,"₹15,854"
2026-09-05,BOM,CCU,2026-09-06,1,"₹15,936"
2026-09-05,BOM,CCU,2026-09-06,1,"₹15,936"
2026-09-05,BOM,CCU,2026-09-06,1,"₹15,949"
2026-09-05,BOM,CCU,2026-09-06,1,"₹15,949"
2026-09-05,BOM,CCU,2026-09-12,7,"₹10,084"
2026-09-05,BOM,CCU,2026-09-12,7,"₹10,084"
2026-09-05,BOM,CCU,2026-09-12,7,"₹10,084"
2026-09-05,BOM,CCU,2026-09-12,7,"₹10,084"
2026-09-05,BOM,CCU,2026-09-12,7,"₹10,084"
2026-09-05,BOM,CCU,2026-09-12,7,"₹10,084"
2026-09-05,BOM,CCU,2026-09-12,7,"₹10,084"
2026-09-05,BOM,CCU,2026-09-12,7,"₹10,084"
2026-09-05,BOM,CCU,2026-09-12,7,"₹10,084"
2026-09-05,BOM,CCU,2026-09-12,7,"₹10,084"
2026-09-05,BOM,CCU,2026-09-12,7,"₹10,084"
2026-09-05,BOM,CCU,2026-09-12,7,"₹10,084"
2026-09-05,BOM,CCU,2026-09-20,15,"₹10,717"
2026-09-05,BOM,CCU,2026-09-20,15,"₹10,717"
2026-09-05,BOM,CCU,2026-09-20,15,"₹10,717"
2026-09-05,BOM,CCU,2026-09-20,15,"₹10,717"
2026-09-05,BOM,CCU,2026-09-20,15,"₹10,717"
2026-09-05,BOM,CCU,2026-09-20,15,"₹10,717"
2026-09-05,BOM,CCU,2026-09-20,15,"₹10,717"
2026-09-05,BOM,CCU,2026-09-20,15,"₹10,717"
2026-09-05,BOM,CCU,2026-09-20,15,"₹11,164"
2026-09-05,BOM,CCU,2026-09-20,15,"₹11,164"
2026-09-05,BOM,CCU,2026-09-20,15,"₹12,153"
2026-09-05,BOM,CCU,2026-09-20,15,"₹12,153"
2026-09-05,BOM,CCU,2026-09-20,15,"₹12,711"
2026-09-05,BOM,CCU,2026-09-20,15,"₹12,711"
2026-09-05,BOM,CCU,2026-09-20,15,"₹13,061"
2026-09-05,BOM,CCU,2026-09-20,15,"₹13,061"
2026-09-05,BOM,CCU,2026-10-05,30,"₹8,930"
2026-09-05,BOM,CCU,2026-10-05,30,"₹8,930"
2026-09-05,BOM,CCU,2026-10-05,30,"₹8,834"
2026-09-05,BOM,CCU,2026-10-05,30,"₹8,834"
2026-09-05,BOM,CCU,2026-10-05,30,"₹8,965"
2026-09-05,BOM,CCU,2026-10-05,30,"₹8,965"
2026-09-05,BOM,CCU,2026-10-05,30,"₹9,044"
2026-09-05,BOM,CCU,2026-10-05,30,"₹9,044"
2026-09-05,BOM,CCU,2026-10-05,30,"₹10,523"
2026-09-05,BOM,CCU,2026-10-05,30,"₹10,523"
2026-09-05,BOM,CCU,2026-10-05,30,"₹10,523"
2026-09-05,BOM,CCU,2026-10-05,30,"₹10,523"
2026-09-05,BOM,CCU,2026-10-05,30,"₹9,999"
2026-09-05,BOM,CCU,2026-10-05,30,"₹9,999"
2026-09-05,BOM,CCU,2026-10-05,30,"₹9,999"
2026-09-05,BOM,CCU,2026-10-05,30,"₹9,999"
2026-09-05,BOM,CCU,2026-10-20,45,"₹10,979"
2026-09-05,BOM,CCU,2026-10-20,45,"₹10,979"
2026-09-05,BOM,CCU,2026-10-20,45,"₹10,489"
2026-09-05,BOM,CCU,2026-10-20,45,"₹10,489"
2026-09-05,BOM,CCU,2026-10-20,45,"₹11,435"
2026-09-05,BOM,CCU,2026-10-20,45,"₹11,435"
2026-09-05,BOM,CCU,2026-10-20,45,"₹10,568"
2026-09-05,BOM,CCU,2026-10-20,45,"₹10,568"
2026-09-05,BOM,CCU,2026-10-20,45,"₹10,699"
2026-09-05,BOM,CCU,2026-10-20,45,"₹10,699"
2026-09-05,BOM,CCU,2026-10-20,45,"₹11,788"
2026-09-05,BOM,CCU,2026-10-20,45,"₹11,788"
2026-09-05,BOM,CCU,2026-10-20,45,"₹11,788"
2026-09-05,BOM,CCU,2026-10-20,45,"₹11,788"
2026-09-05,BOM,CCU,2026-10-20,45,"₹11,577"
2026-09-05,BOM,CCU,2026-10-20,45,"₹11,577"
2026-09-06,DEL,BOM,2026-09-07,1,"₹6,222"
2026-09-06,DEL,BOM,2026-09-07,1,"₹6,222"
2026-09-06,DEL,BOM,2026-09-07,1,"₹7,159"
2026-09-06,DEL,BOM,2026-09-07,1,"₹7,159"
2026-09-06,DEL,BOM,2026-09-07,1,"₹7,159"
2026-09-06,DEL,BOM,2026-09-07,1,"₹7,159"
2026-09-06,DEL,BOM,2026-09-07,1,"₹7,159"
2026-09-06,DEL,BOM,2026-09-07,1,"₹7,159"
2026-09-06,DEL,BOM,2026-09-07,1,"₹7,159"
2026-09-06,DEL,BOM,2026-09-07,1,"₹7,159"
2026-09-06,DEL,BOM,2026-09-07,1,"₹7,159"
2026-09-06,DEL,BOM,2026-09-07,1,"₹7,159"
2026-09-06,DEL,BOM,2026-09-07,1,"₹7,159"
2026-09-06,DEL,BOM,2026-09-07,1,"₹7,159"
2026-09-06,DEL,BOM,2026-09-13,7,"₹7,000"
2026-09-06,DEL,BOM,2026-09-13,7,"₹7,000"
2026-09-06,DEL,BOM,2026-09-13,7,"₹7,000"
2026-09-06,DEL,BOM,2026-09-13,7,"₹7,000"
2026-09-06,DEL,BOM,2026-09-13,7,"₹7,000"
2026-09-06,DEL,BOM,2026-09-13,7,"₹7,000"
2026-09-06,DEL,BOM,2026-09-13,7,"₹7,000"
2026-09-06,DEL,BOM,2026-09-13,7,"₹7,000"
2026-09-06,DEL,BOM,2026-09-13,7,"₹7,000"
2026-09-06,DEL,BOM,2026-09-13,7,"₹7,000"
2026-09-06,DEL,BOM,2026-09-13,7,"₹7,000"
2026-09-06,DEL,BOM,2026-09-13,7,"₹7,000"
2026-09-06,DEL,BOM,2026-09-13,7,"₹7,000"
2026-09-06,DEL,BOM,2026-09-13,7,"₹7,000"
2026-09-06,DEL,BOM,2026-09-13,7,"₹7,000"
2026-09-06,DEL,BOM,2026-09-13,7,"₹7,000"
2026-09-06,DEL,BOM,2026-09-21,15,"₹6,688"
2026-09-06,DEL,BOM,2026-09-21,15,"₹6,688"
2026-09-06,DEL,BOM,2026-09-21,15,"₹6,776"
2026-09-06,DEL,BOM,2026-09-21,15,"₹6,776"
2026-09-06,DEL,BOM,2026-09-21,15,"₹6,898"
2026-09-06,DEL,BOM,2026-09-21,15,"₹6,898"
2026-09-06,DEL,BOM,2026-09-21,15,"₹6,949"
2026-09-06,DEL,BOM,2026-09-21,15,"₹6,949"
2026-09-06,DEL,BOM,2026-09-21,15,"₹7,000"
2026-09-06,DEL,BOM,2026-09-21,15,"₹7,000"
2026-09-06,DEL,BOM,2026-09-21,15,"₹7,000"
2026-09-06,DEL,BOM,2026-09-21,15,"₹7,000"
2026-09-06,DEL,BOM,2026-09-21,15,"₹7,000"
2026-09-06,DEL,BOM,2026-09-21,15,"₹7,000"
2026-09-06,DEL,BOM,2026-10-06,30,"₹6,688"
2026-09-06,DEL,BOM,2026-10-06,30,"₹6,688"
2026-09-06,DEL,BOM,2026-10-06,30,"₹6,739"
2026-09-06,DEL,BOM,2026-10-06,30,"₹6,739"
2026-09-06,DEL,BOM,2026-10-06,30,"₹6,898"
2026-09-06,DEL,BOM,2026-10-06,30,"₹6,898"
2026-09-06,DEL,BOM,2026-10-06,30,"₹6,898"
2026-09-06,DEL,BOM,2026-10-06,30,"₹6,898"
2026-09-06,DEL,BOM,2026-10-06,30,"₹6,898"
2026-09-06,DEL,BOM,2026-10-06,30,"₹6,898"
2026-09-06,DEL,BOM,2026-10-06,30,"₹6,898"
2026-09-06,DEL,BOM,2026-10-06,30,"₹6,898"
2026-09-06,DEL,BOM,2026-10-06,30,"₹6,898"
2026-09-06,DEL,BOM,2026-10-06,30,"₹6,898"
2026-09-06,DEL,BOM,2026-10-21,45,"₹7,169"
2026-09-06,DEL,BOM,2026-10-21,45,"₹7,169"
2026-09-06,DEL,BOM,2026-10-21,45,"₹7,169"
2026-09-06,DEL,BOM,2026-10-21,45,"₹7,169"
2026-09-06,DEL,BOM,2026-10-21,45,"₹7,169"
2026-09-06,DEL,BOM,2026-10-21,45,"₹7,169"
2026-09-06,DEL,BOM,2026-10-21,45,"₹7,278"
2026-09-06,DEL,BOM,2026-10-21,45,"₹7,278"
2026-09-06,DEL,BOM,2026-10-21,45,"₹6,529"
2026-09-06,DEL,BOM,2026-10-21,45,"₹6,529"
2026-09-06,DEL,BOM,2026-10-21,45,"₹6,529"
2026-09-06,DEL,BOM,2026-10-21,45,"₹6,529"
2026-09-06,DEL,BOM,2026-10-21,45,"₹7,439"
2026-09-06,DEL,BOM,2026-10-21,45,"₹7,439"
2026-09-06,DEL,BLR,2026-09-07,1,"₹12,921"
2026-09-06,DEL,BLR,2026-09-07,1,"₹12,921"
2026-09-06,DEL,BLR,2026-09-07,1,"₹13,731"
2026-09-06,DEL,BLR,2026-09-07,1,"₹13,731"
2026-09-06,DEL,BLR,2026-09-07,1,"₹14,122"
2026-09-06,DEL,BLR,2026-09-07,1,"₹14,122"
2026-09-06,DEL,BLR,2026-09-07,1,"₹14,065"
2026-09-06,DEL,BLR,2026-09-07,1,"₹14,065"
2026-09-06,DEL,BLR,2026-09-07,1,"₹14,434"
2026-09-06,DEL,BLR,2026-09-07,1,"₹14,434"
2026-09-06,DEL,BLR,2026-09-07,1,"₹13,662"
2026-09-06,DEL,BLR,2026-09-07,1,"₹13,662"
2026-09-06,DEL,BLR,2026-09-07,1,"₹14,906"
2026-09-06,DEL,BLR,2026-09-07,1,"₹14,906"
2026-09-06,DEL,BLR,2026-09-13,7,"₹10,832"
2026-09-06,DEL,BLR,2026-09-13,7,"₹10,832"
2026-09-06,DEL,BLR,2026-09-13,7,"₹10,832"
2026-09-06,DEL,BLR,2026-09-13,7,"₹10,832"
2026-09-06,DEL,BLR,2026-09-13,7,"₹9,867"
2026-09-06,DEL,BLR,2026-09-13,7,"₹9,867"
2026-09-06,DEL,BLR,2026-09-13,7,"₹10,854"
2026-09-06,DEL,BLR,2026-09-13,7,"₹10,854"
2026-09-06,DEL,BLR,2026-09-13,7,"₹9,946"
2026-09-06,DEL,BLR,2026-09-13,7,"₹9,946"
2026-09-06,DEL,BLR,2026-09-13,7,"₹9,946"
2026-09-06,DEL,BLR,2026-09-13,7,"₹9,946"
2026-09-06,DEL,BLR,2026-09-13,7,"₹9,946"
2026-09-06,DEL,BLR,2026-09-13,7,"₹9,946"
2026-09-06,DEL,BLR,2026-09-13,7,"₹9,946"
2026-09-06,DEL,BLR,2026-09-13,7,"₹9,946"
2026-09-06,DEL,BLR,2026-09-21,15,"₹10,679"
2026-09-06,DEL,BLR,2026-09-21,15,"₹10,679"
2026-09-06,DEL,BLR,2026-09-21,15,"₹10,679"
2026-09-06,DEL,BLR,2026-09-21,15,"₹10,679"
2026-09-06,DEL,BLR,2026-09-21,15,"₹10,832"
2026-09-06,DEL,BLR,2026-09-21,15,"₹10,832"
2026-09-06,DEL,BLR,2026-09-21,15,"₹10,832"
2026-09-06,DEL,BLR,2026-09-21,15,"₹10,832"
2026-09-06,DEL,BLR,2026-09-21,15,"₹10,832"
2026-09-06,DEL,BLR,2026-09-21,15,"₹10,832"
2026-09-06,DEL,BLR,2026-09-21,15,"₹9,867"
2026-09-06,DEL,BLR,2026-09-21,15,"₹9,867"
2026-09-06,DEL,BLR,2026-09-21,15,"₹9,936"
2026-09-06,DEL,BLR,2026-09-21,15,"₹9,936"
2026-09-06,DEL,BLR,2026-09-21,15,"₹9,946"
2026-09-06,DEL,BLR,2026-09-21,15,"₹9,946"
2026-09-06,DEL,BLR,2026-10-06,30,"₹8,360"
2026-09-06,DEL,BLR,2026-10-06,30,"₹8,360"
2026-09-06,DEL,BLR,2026-10-06,30,"₹8,360"
2026-09-06,DEL,BLR,2026-10-06,30,"₹8,360"
2026-09-06,DEL,BLR,2026-10-06,30,"₹8,360"
2026-09-06,DEL,BLR,2026-10-06,30,"₹8,360"
2026-09-06,DEL,BLR,2026-10-06,30,"₹8,491"
2026-09-06,DEL,BLR,2026-10-06,30,"₹8,491"
2026-09-06,DEL,BLR,2026-10-06,30,"₹8,491"
2026-09-06,DEL,BLR,2026-10-06,30,"₹8,491"
2026-09-06,DEL,BLR,2026-10-06,30,"₹8,491"
2026-09-06,DEL,BLR,2026-10-06,30,"₹8,491"
2026-09-06,DEL,BLR,2026-10-06,30,"₹8,491"
2026-09-06,DEL,BLR,2026-10-06,30,"₹8,491"
2026-09-06,DEL,BLR,2026-10-06,30,"₹8,491"
2026-09-06,DEL,BLR,2026-10-06,30,"₹8,491"
2026-09-06,DEL,BLR,2026-10-21,45,"₹9,946"
2026-09-06,DEL,BLR,2026-10-21,45,"₹9,946"
2026-09-06,DEL,BLR,2026-10-21,45,"₹9,946"
2026-09-06,DEL,BLR,2026-10-21,45,"₹9,946"
2026-09-06,DEL,BLR,2026-10-21,45,"₹10,077"
2026-09-06,DEL,BLR,2026-10-21,45,"₹10,077"
2026-09-06,DEL,BLR,2026-10-21,45,"₹10,077"
2026-09-06,DEL,BLR,2026-10-21,45,"₹10,077"
2026-09-06,DEL,BLR,2026-10-21,45,"₹10,077"
2026-09-06,DEL,BLR,2026-10-21,45,"₹10,077"
2026-09-06,DEL,BLR,2026-10-21,45,"₹10,077"
2026-09-06,DEL,BLR,2026-10-21,45,"₹10,077"
2026-09-06,DEL,BLR,2026-10-21,45,"₹10,077"
2026-09-06,DEL,BLR,2026-10-21,45,"₹10,077"
2026-09-06,BOM,BLR,2026-09-07,1,"₹11,126"
2026-09-06,BOM,BLR,2026-09-07,1,"₹11,126"
2026-09-06,BOM,BLR,2026-09-07,1,"₹10,566"
2026-09-06,BOM,BLR,2026-09-07,1,"₹10,566"
2026-09-06,BOM,BLR,2026-09-07,1,"₹11,238"
2026-09-06,BOM,BLR,2026-09-07,1,"₹11,238"
2026-09-06,BOM,BLR,2026-09-07,1,"₹11,238"
2026-09-06,BOM,BLR,2026-09-07,1,"₹11,238"
2026-09-06,BOM,BLR,2026-09-07,1,"₹11,238"
2026-09-06,BOM,BLR,2026-09-07,1,"₹11,238"
2026-09-06,BOM,BLR,2026-09-07,1,"₹11,370"
2026-09-06,BOM,BLR,2026-09-07,1,"₹11,370"
2026-09-06,BOM,BLR,2026-09-07,1,"₹11,796"
2026-09-06,BOM,BLR,2026-09-07,1,"₹11,796"
2026-09-06,BOM,BLR,2026-09-07,1,"₹11,689"
2026-09-06,BOM,BLR,2026-09-07,1,"₹11,689"
2026-09-06,BOM,BLR,2026-09-13,7,"₹7,243"
2026-09-06,BOM,BLR,2026-09-13,7,"₹7,243"
2026-09-06,BOM,BLR,2026-09-13,7,"₹7,243"
2026-09-06,BOM,BLR,2026-09-13,7,"₹7,243"
2026-09-06,BOM,BLR,2026-09-13,7,"₹7,374"
2026-09-06,BOM,BLR,2026-09-13,7,"₹7,374"
2026-09-06,BOM,BLR,2026-09-13,7,"₹7,374"
2026-09-06,BOM,BLR,2026-09-13,7,"₹7,374"
2026-09-06,BOM,BLR,2026-09-13,7,"₹7,374"
2026-09-06,BOM,BLR,2026-09-13,7,"₹7,374"
2026-09-06,BOM,BLR,2026-09-13,7,"₹7,374"
2026-09-06,BOM,BLR,2026-09-13,7,"₹7,374"
2026-09-06,BOM,BLR,2026-09-13,7,"₹7,505"
2026-09-06,BOM,BLR,2026-09-13,7,"₹7,505"
2026-09-06,BOM,BLR,2026-09-21,15,"₹14,420"
2026-09-06,BOM,BLR,2026-09-21,15,"₹14,420"
2026-09-06,BOM,BLR,2026-09-21,15,"₹14,482"
2026-09-06,BOM,BLR,2026-09-21,15,"₹14,482"
2026-09-06,BOM,BLR,2026-09-21,15,"₹14,482"
2026-09-06,BOM,BLR,2026-09-21,15,"₹14,482"
2026-09-06,BOM,BLR,2026-09-21,15,"₹14,650"
2026-09-06,BOM,BLR,2026-09-21,15,"₹14,650"
2026-09-06,BOM,BLR,2026-10-06,30,"₹5,463"
2026-09-06,BOM,BLR,2026-10-06,30,"₹5,463"
2026-09-06,BOM,BLR,2026-10-06,30,"₹5,463"
2026-09-06,BOM,BLR,2026-10-06,30,"₹5,463"
2026-09-06,BOM,BLR,2026-10-06,30,"₹5,463"
2026-09-06,BOM,BLR,2026-10-06,30,"₹5,463"
2026-09-06,BOM,BLR,2026-10-06,30,"₹5,913"
2026-09-06,BOM,BLR,2026-10-06,30,"₹5,913"
2026-09-06,BOM,BLR,2026-10-06,30,"₹7,062"
2026-09-06,BOM,BLR,2026-10-06,30,"₹7,062"
2026-09-06,BOM,BLR,2026-10-06,30,"₹7,062"
2026-09-06,BOM,BLR,2026-10-06,30,"₹7,062"
2026-09-06,BOM,BLR,2026-10-06,30,"₹7,062"
2026-09-06,BOM,BLR,2026-10-06,30,"₹7,062"
2026-09-06,BOM,BLR,2026-10-06,30,"₹7,062"
2026-09-06,BOM,BLR,2026-10-06,30,"₹7,062"
2026-09-06,BOM,BLR,2026-10-21,45,"₹7,840"
2026-09-06,BOM,BLR,2026-10-21,45,"₹7,840"
2026-09-06,BOM,BLR,2026-10-21,45,"₹7,946"
2026-09-06,BOM,BLR,2026-10-21,45,"₹7,946"
2026-09-06,BOM,BLR,2026-10-21,45,"₹7,946"
2026-09-06,BOM,BLR,2026-10-21,45,"₹7,946"
2026-09-06,BOM,BLR,2026-10-21,45,"₹8,112"
2026-09-06,BOM,BLR,2026-10-21,45,"₹8,112"
2026-09-06,BOM,BLR,2026-10-21,45,"₹8,105"
2026-09-06,BOM,BLR,2026-10-21,45,"₹8,105"
2026-09-06,BOM,BLR,2026-10-21,45,"₹7,243"
2026-09-06,BOM,BLR,2026-10-21,45,"₹7,243"
2026-09-06,BOM,BLR,2026-10-21,45,"₹7,243"
2026-09-06,BOM,BLR,2026-10-21,45,"₹7,243"
2026-09-06,DEL,HYD,2026-09-07,1,"₹11,765"
2026-09-06,DEL,HYD,2026-09-07,1,"₹11,765"
2026-09-06,DEL,HYD,2026-09-07,1,"₹12,628"
2026-09-06,DEL,HYD,2026-09-07,1,"₹12,628"
2026-09-06,DEL,HYD,2026-09-07,1,"₹12,628"
2026-09-06,DEL,HYD,2026-09-07,1,"₹12,628"
2026-09-06,DEL,HYD,2026-09-07,1,"₹12,628"
2026-09-06,DEL,HYD,2026-09-07,1,"₹12,628"
2026-09-06,DEL,HYD,2026-09-07,1,"₹12,628"
2026-09-06,DEL,HYD,2026-09-07,1,"₹12,628"
2026-09-06,DEL,HYD,2026-09-07,1,"₹12,628"
2026-09-06,DEL,HYD,2026-09-07,1,"₹12,628"
2026-09-06,DEL,HYD,2026-09-07,1,"₹12,628"
2026-09-06,DEL,HYD,2026-09-07,1,"₹12,628"
2026-09-06,DEL,HYD,2026-09-07,1,"₹12,628"
2026-09-06,DEL,HYD,2026-09-07,1,"₹12,628"
2026-09-06,DEL,HYD,2026-09-13,7,"₹10,451"
2026-09-06,DEL,HYD,2026-09-13,7,"₹10,451"
2026-09-06,DEL,HYD,2026-09-13,7,"₹10,451"
2026-09-06,DEL,HYD,2026-09-13,7,"₹10,451"
2026-09-06,DEL,HYD,2026-09-13,7,"₹10,451"
2026-09-06,DEL,HYD,2026-09-13,7,"₹10,451"
2026-09-06,DEL,HYD,2026-09-13,7,"₹10,655"
2026-09-06,DEL,HYD,2026-09-13,7,"₹10,655"
2026-09-06,DEL,HYD,2026-09-13,7,"₹10,655"
2026-09-06,DEL,HYD,2026-09-13,7,"₹10,655"
2026-09-06,DEL,HYD,2026-09-13,7,"₹9,930"
2026-09-06,DEL,HYD,2026-09-13,7,"₹9,930"
2026-09-06,DEL,HYD,2026-09-13,7,"₹9,930"
2026-09-06,DEL,HYD,2026-09-13,7,"₹9,930"
2026-09-06,DEL,HYD,2026-09-21,15,"₹8,615"
2026-09-06,DEL,HYD,2026-09-21,15,"₹8,615"
2026-09-06,DEL,HYD,2026-09-21,15,"₹8,615"
2026-09-06,DEL,HYD,2026-09-21,15,"₹8,615"
2026-09-06,DEL,HYD,2026-09-21,15,"₹8,653"
2026-09-06,DEL,HYD,2026-09-21,15,"₹8,653"
2026-09-06,DEL,HYD,2026-09-21,15,"₹9,719"
2026-09-06,DEL,HYD,2026-09-21,15,"₹9,719"
2026-09-06,DEL,HYD,2026-09-21,15,"₹8,904"
2026-09-06,DEL,HYD,2026-09-21,15,"₹8,904"
2026-09-06,DEL,HYD,2026-09-21,15,"₹9,876"
2026-09-06,DEL,HYD,2026-09-21,15,"₹9,876"
2026-09-06,DEL,HYD,2026-09-21,15,"₹9,876"
2026-09-06,DEL,HYD,2026-09-21,15,"₹9,876"
2026-09-06,DEL,HYD,2026-09-21,15,"₹9,876"
2026-09-06,DEL,HYD,2026-09-21,15,"₹9,876"
2026-09-06,DEL,HYD,2026-10-06,30,"₹8,409"
2026-09-06,DEL,HYD,2026-10-06,30,"₹8,409"
2026-09-06,DEL,HYD,2026-10-06,30,"₹8,409"
2026-09-06,DEL,HYD,2026-10-06,30,"₹8,409"
2026-09-06,DEL,HYD,2026-10-06,30,"₹9,408"
2026-09-06,DEL,HYD,2026-10-06,30,"₹9,408"
2026-09-06,DEL,HYD,2026-10-06,30,"₹9,408"
2026-09-06,DEL,HYD,2026-10-06,30,"₹9,408"
2026-09-06,DEL,HYD,2026-10-06,30,"₹9,408"
2026-09-06,DEL,HYD,2026-10-06,30,"₹9,408"
2026-09-06,DEL,HYD,2026-10-06,30,"₹8,484"
2026-09-06,DEL,HYD,2026-10-06,30,"₹8,484"
2026-09-06,DEL,HYD,2026-10-06,30,"₹8,484"
2026-09-06,DEL,HYD,2026-10-06,30,"₹8,484"
2026-09-06,DEL,HYD,2026-10-06,30,"₹8,615"
2026-09-06,DEL,HYD,2026-10-06,30,"₹8,615"
2026-09-06,DEL,HYD,2026-10-21,45,"₹10,453"
2026-09-06,DEL,HYD,2026-10-21,45,"₹10,453"
2026-09-06,DEL,HYD,2026-10-21,45,"₹10,453"
2026-09-06,DEL,HYD,2026-10-21,45,"₹10,453"
2026-09-06,DEL,HYD,2026-10-21,45,"₹10,453"
2026-09-06,DEL,HYD,2026-10-21,45,"₹10,453"
2026-09-06,DEL,HYD,2026-10-21,45,"₹10,453"
2026-09-06,DEL,HYD,2026-10-21,45,"₹10,453"
2026-09-06,DEL,HYD,2026-10-21,45,"₹9,593"
2026-09-06,DEL,HYD,2026-10-21,45,"₹9,593"
2026-09-06,DEL,HYD,2026-10-21,45,"₹9,724"
2026-09-06,DEL,HYD,2026-10-21,45,"₹9,724"
2026-09-06,DEL,HYD,2026-10-21,45,"₹10,886"
2026-09-06,DEL,HYD,2026-10-21,45,"₹10,886"
2026-09-06,BOM,CCU,2026-09-07,1,"₹13,471"
2026-09-06,BOM,CCU,2026-09-07,1,"₹13,471"
2026-09-06,BOM,CCU,2026-09-07,1,"₹13,634"
2026-09-06,BOM,CCU,2026-09-07,1,"₹13,634"
2026-09-06,BOM,CCU,2026-09-07,1,"₹12,946"
2026-09-06,BOM,CCU,2026-09-07,1,"₹12,946"
2026-09-06,BOM,CCU,2026-09-07,1,"₹14,020"
2026-09-06,BOM,CCU,2026-09-07,1,"₹14,020"
2026-09-06,BOM,CCU,2026-09-07,1,"₹14,644"
2026-09-06,BOM,CCU,2026-09-07,1,"₹14,644"
2026-09-06,BOM,CCU,2026-09-07,1,"₹14,644"
2026-09-06,BOM,CCU,2026-09-07,1,"₹14,644"
2026-09-06,BOM,CCU,2026-09-07,1,"₹14,909"
2026-09-06,BOM,CCU,2026-09-07,1,"₹14,909"
2026-09-06,BOM,CCU,2026-09-07,1,"₹14,883"
2026-09-06,BOM,CCU,2026-09-07,1,"₹14,883"
2026-09-06,BOM,CCU,2026-09-13,7,"₹10,717"
2026-09-06,BOM,CCU,2026-09-13,7,"₹10,717"
2026-09-06,BOM,CCU,2026-09-13,7,"₹11,335"
2026-09-06,BOM,CCU,2026-09-13,7,"₹11,335"
2026-09-06,BOM,CCU,2026-09-13,7,"₹11,505"
2026-09-06,BOM,CCU,2026-09-13,7,"₹11,505"
2026-09-06,BOM,CCU,2026-09-13,7,"₹11,505"
2026-09-06,BOM,CCU,2026-09-13,7,"₹11,505"
2026-09-06,BOM,CCU,2026-09-13,7,"₹11,505"
2026-09-06,BOM,CCU,2026-09-13,7,"₹11,505"
2026-09-06,BOM,CCU,2026-09-13,7,"₹12,033"
2026-09-06,BOM,CCU,2026-09-13,7,"₹12,033"
2026-09-06,BOM,CCU,2026-09-13,7,"₹12,033"
2026-09-06,BOM,CCU,2026-09-13,7,"₹12,033"
2026-09-06,BOM,CCU,2026-09-13,7,"₹12,584"
2026-09-06,BOM,CCU,2026-09-13,7,"₹12,584"
2026-09-06,BOM,CCU,2026-09-21,15,"₹10,084"
2026-09-06,BOM,CCU,2026-09-21,15,"₹10,084"
2026-09-06,BOM,CCU,2026-09-21,15,"₹10,514"
2026-09-06,BOM,CCU,2026-09-21,15,"₹10,514"
2026-09-06,BOM,CCU,2026-09-21,15,"₹10,514"
2026-09-06,BOM,CCU,2026-09-21,15,"₹10,514"
2026-09-06,BOM,CCU,2026-09-21,15,"₹10,724"
2026-09-06,BOM,CCU,2026-09-21,15,"₹10,724"
2026-09-06,BOM,CCU,2026-09-21,15,"₹10,855"
2026-09-06,BOM,CCU,2026-09-21,15,"₹10,855"
2026-09-06,BOM,CCU,2026-09-21,15,"₹11,488"
2026-09-06,BOM,CCU,2026-09-21,15,"₹11,488"
2026-09-06,BOM,CCU,2026-09-21,15,"₹12,173"
2026-09-06,BOM,CCU,2026-09-21,15,"₹12,173"
2026-09-06,BOM,CCU,2026-09-21,15,"₹12,173"
2026-09-06,BOM,CCU,2026-09-21,15,"₹12,173"
2026-09-06,BOM,CCU,2026-10-06,30,"₹8,834"
2026-09-06,BOM,CCU,2026-10-06,30,"₹8,834"
2026-09-06,BOM,CCU,2026-10-06,30,"₹9,098"
2026-09-06,BOM,CCU,2026-10-06,30,"₹9,098"
2026-09-06,BOM,CCU,2026-10-06,30,"₹8,965"
2026-09-06,BOM,CCU,2026-10-06,30,"₹8,965"
2026-09-06,BOM,CCU,2026-10-06,30,"₹8,965"
2026-09-06,BOM,CCU,2026-10-06,30,"₹8,965"
2026-09-06,BOM,CCU,2026-10-06,30,"₹9,998"
2026-09-06,BOM,CCU,2026-10-06,30,"₹9,998"
2026-09-06,BOM,CCU,2026-10-06,30,"₹10,161"
2026-09-06,BOM,CCU,2026-10-06,30,"₹10,161"
2026-09-06,BOM,CCU,2026-10-06,30,"₹10,523"
2026-09-06,BOM,CCU,2026-10-06,30,"₹10,523"
2026-09-06,BOM,CCU,2026-10-06,30,"₹10,523"
2026-09-06,BOM,CCU,2026-10-06,30,"₹10,523"
2026-09-06,BOM,CCU,2026-10-21,45,"₹13,972"
2026-09-06,BOM,CCU,2026-10-21,45,"₹13,972"
2026-09-06,BOM,CCU,2026-10-21,45,"₹14,368"
2026-09-06,BOM,CCU,2026-10-21,45,"₹14,368"
2026-09-06,BOM,CCU,2026-10-21,45,"₹14,368"
2026-09-06,BOM,CCU,2026-10-21,45,"₹14,368"
2026-09-06,BOM,CCU,2026-10-21,45,"₹14,261"
2026-09-06,BOM,CCU,2026-10-21,45,"₹14,261"
2026-09-06,BOM,CCU,2026-10-21,45,"₹14,261"
2026-09-06,BOM,CCU,2026-10-21,45,"₹14,261"
2026-09-06,BOM,CCU,2026-10-21,45,"₹14,364"
2026-09-06,BOM,CCU,2026-10-21,45,"₹14,364"
2026-09-06,BOM,CCU,2026-10-21,45,"₹14,578"
2026-09-06,BOM,CCU,2026-10-21,45,"₹14,578"
2026-09-07,DEL,BOM,2026-09-08,1,"₹7,475"
2026-09-07,DEL,BOM,2026-09-08,1,"₹7,475"
2026-09-07,DEL,BOM,2026-09-08,1,"₹6,544"
2026-09-07,DEL,BOM,2026-09-08,1,"₹6,544"
2026-09-07,DEL,BOM,2026-09-08,1,"₹7,630"
2026-09-07,DEL,BOM,2026-09-08,1,"₹7,630"
2026-09-07,DEL,BOM,2026-09-08,1,"₹7,630"
2026-09-07,DEL,BOM,2026-09-08,1,"₹7,630"
2026-09-07,DEL,BOM,2026-09-08,1,"₹6,693"
2026-09-07,DEL,BOM,2026-09-08,1,"₹6,693"
2026-09-07,DEL,BOM,2026-09-08,1,"₹6,693"
2026-09-07,DEL,BOM,2026-09-08,1,"₹6,693"
2026-09-07,DEL,BOM,2026-09-08,1,"₹7,686"
2026-09-07,DEL,BOM,2026-09-08,1,"₹7,686"
2026-09-07,DEL,BOM,2026-09-08,1,"₹6,772"
2026-09-07,DEL,BOM,2026-09-08,1,"₹6,772"
2026-09-07,DEL,BOM,2026-09-14,7,"₹6,986"
2026-09-07,DEL,BOM,2026-09-14,7,"₹6,986"
2026-09-07,DEL,BOM,2026-09-14,7,"₹7,000"
2026-09-07,DEL,BOM,2026-09-14,7,"₹7,000"
2026-09-07,DEL,BOM,2026-09-14,7,"₹7,000"
2026-09-07,DEL,BOM,2026-09-14,7,"₹7,000"
2026-09-07,DEL,BOM,2026-09-14,7,"₹7,000"
2026-09-07,DEL,BOM,2026-09-14,7,"₹7,000"
2026-09-07,DEL,BOM,2026-09-14,7,"₹7,000"
2026-09-07,DEL,BOM,2026-09-14,7,"₹7,000"
2026-09-07,DEL,BOM,2026-09-14,7,"₹7,018"
2026-09-07,DEL,BOM,2026-09-14,7,"₹7,018"
2026-09-07,DEL,BOM,2026-09-14,7,"₹7,159"
2026-09-07,DEL,BOM,2026-09-14,7,"₹7,159"
2026-09-07,DEL,BOM,2026-09-14,7,"₹7,159"
2026-09-07,DEL,BOM,2026-09-14,7,"₹7,159"
2026-09-07,DEL,BOM,2026-09-22,15,"₹6,898"
2026-09-07,DEL,BOM,2026-09-22,15,"₹6,898"
2026-09-07,DEL,BOM,2026-09-22,15,"₹6,898"
2026-09-07,DEL,BOM,2026-09-22,15,"₹6,898"
2026-09-07,DEL,BOM,2026-09-22,15,"₹6,898"
2026-09-07,DEL,BOM,2026-09-22,15,"₹6,898"
2026-09-07,DEL,BOM,2026-09-22,15,"₹6,898"
2026-09-07,DEL,BOM,2026-09-22,15,"₹6,898"
2026-09-07,DEL,BOM,2026-09-22,15,"₹6,898"
2026-09-07,DEL,BOM,2026-09-22,15,"₹6,898"
2026-09-07,DEL,BOM,2026-09-22,15,"₹7,000"
2026-09-07,DEL,BOM,2026-09-22,15,"₹7,000"
2026-09-07,DEL,BOM,2026-09-22,15,"₹7,000"
2026-09-07,DEL,BOM,2026-09-22,15,"₹7,000"
2026-09-07,DEL,BOM,2026-09-22,15,"₹7,000"
2026-09-07,DEL,BOM,2026-09-22,15,"₹7,000"
2026-09-07,DEL,BOM,2026-10-07,30,"₹6,898"
2026-09-07,DEL,BOM,2026-10-07,30,"₹6,898"
2026-09-07,DEL,BOM,2026-10-07,30,"₹6,898"
2026-09-07,DEL,BOM,2026-10-07,30,"₹6,898"
2026-09-07,DEL,BOM,2026-10-07,30,"₹6,898"
2026-09-07,DEL,BOM,2026-10-07,30,"₹6,898"
2026-09-07,DEL,BOM,2026-10-07,30,"₹6,898"
2026-09-07,DEL,BOM,2026-10-07,30,"₹6,898"
2026-09-07,DEL,BOM,2026-10-07,30,"₹6,898"
2026-09-07,DEL,BOM,2026-10-07,30,"₹6,898"
2026-09-07,DEL,BOM,2026-10-07,30,"₹7,000"
2026-09-07,DEL,BOM,2026-10-07,30,"₹7,000"
2026-09-07,DEL,BOM,2026-10-07,30,"₹7,000"
2026-09-07,DEL,BOM,2026-10-07,30,"₹7,000"
2026-09-07,DEL,BOM,2026-10-22,45,"₹7,169"
2026-09-07,DEL,BOM,2026-10-22,45,"₹7,169"
2026-09-07,DEL,BOM,2026-10-22,45,"₹7,169"
2026-09-07,DEL,BOM,2026-10-22,45,"₹7,169"
2026-09-07,DEL,BOM,2026-10-22,45,"₹7,278"
2026-09-07,DEL,BOM,2026-10-22,45,"₹7,278"
2026-09-07,DEL,BOM,2026-10-22,45,"₹6,939"
2026-09-07,DEL,BOM,2026-10-22,45,"₹6,939"
2026-09-07,DEL,BOM,2026-10-22,45,"₹6,529"
2026-09-07,DEL,BOM,2026-10-22,45,"₹6,529"
2026-09-07,DEL,BOM,2026-10-22,45,"₹7,439"
2026-09-07,DEL,BOM,2026-10-22,45,"₹7,439"
2026-09-07,DEL,BOM,2026-10-22,45,"₹7,439"
2026-09-07,DEL,BOM,2026-10-22,45,"₹7,439"
2026-09-07,DEL,BLR,2026-09-08,1,"₹9,331"
2026-09-07,DEL,BLR,2026-09-08,1,"₹9,331"
2026-09-07,DEL,BLR,2026-09-08,1,"₹9,331"
2026-09-07,DEL,BLR,2026-09-08,1,"₹9,331"
2026-09-07,DEL,BLR,2026-09-08,1,"₹9,161"
2026-09-07,DEL,BLR,2026-09-08,1,"₹9,161"
2026-09-07,DEL,BLR,2026-09-08,1,"₹9,161"
2026-09-07,DEL,BLR,2026-09-08,1,"₹9,161"
2026-09-07,DEL,BLR,2026-09-08,1,"₹9,422"
2026-09-07,DEL,BLR,2026-09-08,1,"₹9,422"
2026-09-07,DEL,BLR,2026-09-08,1,"₹9,239"
2026-09-07,DEL,BLR,2026-09-08,1,"₹9,239"
2026-09-07,DEL,BLR,2026-09-08,1,"₹10,242"
2026-09-07,DEL,BLR,2026-09-08,1,"₹10,242"
2026-09-07,DEL,BLR,2026-09-14,7,"₹10,832"
2026-09-07,DEL,BLR,2026-09-14,7,"₹10,832"
2026-09-07,DEL,BLR,2026-09-14,7,"₹9,946"
2026-09-07,DEL,BLR,2026-09-14,7,"₹9,946"
2026-09-07,DEL,BLR,2026-09-14,7,"₹9,946"
2026-09-07,DEL,BLR,2026-09-14,7,"₹9,946"
2026-09-07,DEL,BLR,2026-09-14,7,"₹10,940"
2026-09-07,DEL,BLR,2026-09-14,7,"₹10,940"
2026-09-07,DEL,BLR,2026-09-14,7,"₹10,077"
2026-09-07,DEL,BLR,2026-09-14,7,"₹10,077"
2026-09-07,DEL,BLR,2026-09-14,7,"₹10,077"
2026-09-07,DEL,BLR,2026-09-14,7,"₹10,077"
2026-09-07,DEL,BLR,2026-09-14,7,"₹10,077"
2026-09-07,DEL,BLR,2026-09-14,7,"₹10,077"
2026-09-07,DEL,BLR,2026-09-14,7,"₹10,077"
2026-09-07,DEL,BLR,2026-09-14,7,"₹10,077"
2026-09-07,DEL,BLR,2026-09-22,15,"₹8,491"
2026-09-07,DEL,BLR,2026-09-22,15,"₹8,491"
2026-09-07,DEL,BLR,2026-09-22,15,"₹8,491"
2026-09-07,DEL,BLR,2026-09-22,15,"₹8,491"
2026-09-07,DEL,BLR,2026-09-22,15,"₹8,491"
2026-09-07,DEL,BLR,2026-09-22,15,"₹8,491"
2026-09-07,DEL,BLR,2026-09-22,15,"₹8,491"
2026-09-07,DEL,BLR,2026-09-22,15,"₹8,491"
2026-09-07,DEL,BLR,2026-09-22,15,"₹8,570"
2026-09-07,DEL,BLR,2026-09-22,15,"₹8,570"
2026-09-07,DEL,BLR,2026-09-22,15,"₹8,570"
2026-09-07,DEL,BLR,2026-09-22,15,"₹8,570"
2026-09-07,DEL,BLR,2026-09-22,15,"₹8,570"
2026-09-07,DEL,BLR,2026-09-22,15,"₹8,570"
2026-09-07,DEL,BLR,2026-09-22,15,"₹8,570"
2026-09-07,DEL,BLR,2026-09-22,15,"₹8,570"
2026-09-07,DEL,BLR,2026-10-07,30,"₹9,300"
2026-09-07,DEL,BLR,2026-10-07,30,"₹9,300"
2026-09-07,DEL,BLR,2026-10-07,30,"₹9,300"
2026-09-07,DEL,BLR,2026-10-07,30,"₹9,300"
2026-09-07,DEL,BLR,2026-10-07,30,"₹9,300"
2026-09-07,DEL,BLR,2026-10-07,30,"₹9,300"
2026-09-07,DEL,BLR,2026-10-07,30,"₹9,300"
2026-09-07,DEL,BLR,2026-10-07,30,"₹9,300"
2026-09-07,DEL,BLR,2026-10-07,30,"₹9,300"
2026-09-07,DEL,BLR,2026-10-07,30,"₹9,300"
2026-09-07,DEL,BLR,2026-10-07,30,"₹9,501"
2026-09-07,DEL,BLR,2026-10-07,30,"₹9,501"
2026-09-07,DEL,BLR,2026-10-07,30,"₹8,491"
2026-09-07,DEL,BLR,2026-10-07,30,"₹8,491"
2026-09-07,DEL,BLR,2026-10-22,45,"₹10,819"
2026-09-07,DEL,BLR,2026-10-22,45,"₹10,819"
2026-09-07,DEL,BLR,2026-10-22,45,"₹10,819"
2026-09-07,DEL,BLR,2026-10-22,45,"₹10,819"
2026-09-07,DEL,BLR,2026-10-22,45,"₹10,819"
2026-09-07,DEL,BLR,2026-10-22,45,"₹10,819"
2026-09-07,DEL,BLR,2026-10-22,45,"₹10,819"
2026-09-07,DEL,BLR,2026-10-22,45,"₹10,819"
2026-09-07,DEL,BLR,2026-10-22,45,"₹10,819"
2026-09-07,DEL,BLR,2026-10-22,45,"₹10,819"
2026-09-07,DEL,BLR,2026-10-22,45,"₹9,946"
2026-09-07,DEL,BLR,2026-10-22,45,"₹9,946"
2026-09-07,DEL,BLR,2026-10-22,45,"₹9,946"
2026-09-07,DEL,BLR,2026-10-22,45,"₹9,946"
2026-09-07,DEL,BLR,2026-10-22,45,"₹9,946"
2026-09-07,DEL,BLR,2026-10-22,45,"₹9,946"
2026-09-07,BOM,BLR,2026-09-08,1,"₹8,532"
2026-09-07,BOM,BLR,2026-09-08,1,"₹8,532"
2026-09-07,BOM,BLR,2026-09-08,1,"₹8,769"
2026-09-07,BOM,BLR,2026-09-08,1,"₹8,769"
2026-09-07,BOM,BLR,2026-09-08,1,"₹9,057"
2026-09-07,BOM,BLR,2026-09-08,1,"₹9,057"
2026-09-07,BOM,BLR,2026-09-08,1,"₹9,582"
2026-09-07,BOM,BLR,2026-09-08,1,"₹9,582"
2026-09-07,BOM,BLR,2026-09-08,1,"₹9,192"
2026-09-07,BOM,BLR,2026-09-08,1,"₹9,192"
2026-09-07,BOM,BLR,2026-09-08,1,"₹9,192"
2026-09-07,BOM,BLR,2026-09-08,1,"₹9,192"
2026-09-07,BOM,BLR,2026-09-08,1,"₹9,192"
2026-09-07,BOM,BLR,2026-09-08,1,"₹9,192"
2026-09-07,BOM,BLR,2026-09-08,1,"₹9,763"
2026-09-07,BOM,BLR,2026-09-08,1,"₹9,763"
2026-09-07,BOM,BLR,2026-09-14,7,"₹7,374"
2026-09-07,BOM,BLR,2026-09-14,7,"₹7,374"
2026-09-07,BOM,BLR,2026-09-14,7,"₹7,374"
2026-09-07,BOM,BLR,2026-09-14,7,"₹7,374"
2026-09-07,BOM,BLR,2026-09-14,7,"₹7,374"
2026-09-07,BOM,BLR,2026-09-14,7,"₹7,374"
2026-09-07,BOM,BLR,2026-09-14,7,"₹7,374"
2026-09-07,BOM,BLR,2026-09-14,7,"₹7,374"
2026-09-07,BOM,BLR,2026-09-14,7,"₹7,374"
2026-09-07,BOM,BLR,2026-09-14,7,"₹7,374"
2026-09-07,BOM,BLR,2026-09-14,7,"₹8,332"
2026-09-07,BOM,BLR,2026-09-14,7,"₹8,332"
2026-09-07,BOM,BLR,2026-09-14,7,"₹7,505"
2026-09-07,BOM,BLR,2026-09-14,7,"₹7,505"
2026-09-07,BOM,BLR,2026-09-14,7,"₹7,565"
2026-09-07,BOM,BLR,2026-09-14,7,"₹7,565"
2026-09-07,BOM,BLR,2026-09-22,15,"₹6,328"
2026-09-07,BOM,BLR,2026-09-22,15,"₹6,328"
2026-09-07,BOM,BLR,2026-09-22,15,"₹6,255"
2026-09-07,BOM,BLR,2026-09-22,15,"₹6,255"
2026-09-07,BOM,BLR,2026-09-22,15,"₹7,377"
2026-09-07,BOM,BLR,2026-09-22,15,"₹7,377"
2026-09-07,BOM,BLR,2026-09-22,15,"₹7,377"
2026-09-07,BOM,BLR,2026-09-22,15,"₹7,377"
2026-09-07,BOM,BLR,2026-09-22,15,"₹7,427"
2026-09-07,BOM,BLR,2026-09-22,15,"₹7,427"
2026-09-07,BOM,BLR,2026-09-22,15,"₹6,500"
2026-09-07,BOM,BLR,2026-09-22,15,"₹6,500"
2026-09-07,BOM,BLR,2026-09-22,15,"₹7,495"
2026-09-07,BOM,BLR,2026-09-22,15,"₹7,495"
2026-09-07,BOM,BLR,2026-09-22,15,"₹6,821"
2026-09-07,BOM,BLR,2026-09-22,15,"₹6,821"
2026-09-07,BOM,BLR,2026-10-07,30,"₹5,499"
2026-09-07,BOM,BLR,2026-10-07,30,"₹5,499"
2026-09-07,BOM,BLR,2026-10-07,30,"₹5,499"
2026-09-07,BOM,BLR,2026-10-07,30,"₹5,499"
2026-09-07,BOM,BLR,2026-10-07,30,"₹5,630"
2026-09-07,BOM,BLR,2026-10-07,30,"₹5,630"
2026-09-07,BOM,BLR,2026-10-07,30,"₹5,630"
2026-09-07,BOM,BLR,2026-10-07,30,"₹5,630"
2026-09-07,BOM,BLR,2026-10-07,30,"₹5,630"
2026-09-07,BOM,BLR,2026-10-07,30,"₹5,630"
2026-09-07,BOM,BLR,2026-10-07,30,"₹6,718"
2026-09-07,BOM,BLR,2026-10-07,30,"₹6,718"
2026-09-07,BOM,BLR,2026-10-07,30,"₹5,840"
2026-09-07,BOM,BLR,2026-10-07,30,"₹5,840"
2026-09-07,BOM,BLR,2026-10-22,45,"₹7,243"
2026-09-07,BOM,BLR,2026-10-22,45,"₹7,243"
2026-09-07,BOM,BLR,2026-10-22,45,"₹7,243"
2026-09-07,BOM,BLR,2026-10-22,45,"₹7,243"
2026-09-07,BOM,BLR,2026-10-22,45,"₹7,243"
2026-09-07,BOM,BLR,2026-10-22,45,"₹7,243"
2026-09-07,BOM,BLR,2026-10-22,45,"₹7,243"
2026-09-07,BOM,BLR,2026-10-22,45,"₹7,243"
2026-09-07,BOM,BLR,2026-10-22,45,"₹7,243"
2026-09-07,BOM,BLR,2026-10-22,45,"₹7,243"
2026-09-07,BOM,BLR,2026-10-22,45,"₹7,243"
2026-09-07,BOM,BLR,2026-10-22,45,"₹7,243"
2026-09-07,BOM,BLR,2026-10-22,45,"₹8,261"
2026-09-07,BOM,BLR,2026-10-22,45,"₹8,261"
2026-09-07,DEL,HYD,2026-09-08,1,"₹12,572"
2026-09-07,DEL,HYD,2026-09-08,1,"₹12,572"
2026-09-07,DEL,HYD,2026-09-08,1,"₹12,572"
2026-09-07,DEL,HYD,2026-09-08,1,"₹12,572"
2026-09-07,DEL,HYD,2026-09-08,1,"₹13,039"
2026-09-07,DEL,HYD,2026-09-08,1,"₹13,039"
2026-09-07,DEL,HYD,2026-09-08,1,"₹13,472"
2026-09-07,DEL,HYD,2026-09-08,1,"₹13,472"
2026-09-07,DEL,HYD,2026-09-08,1,"₹13,472"
2026-09-07,DEL,HYD,2026-09-08,1,"₹13,472"
2026-09-07,DEL,HYD,2026-09-08,1,"₹13,586"
2026-09-07,DEL,HYD,2026-09-08,1,"₹13,586"
2026-09-07,DEL,HYD,2026-09-08,1,"₹13,600"
2026-09-07,DEL,HYD,2026-09-08,1,"₹13,600"
2026-09-07,DEL,HYD,2026-09-14,7,"₹9,173"
2026-09-07,DEL,HYD,2026-09-14,7,"₹9,173"
2026-09-07,DEL,HYD,2026-09-14,7,"₹10,130"
2026-09-07,DEL,HYD,2026-09-14,7,"₹10,130"
2026-09-07,DEL,HYD,2026-09-14,7,"₹9,304"
2026-09-07,DEL,HYD,2026-09-14,7,"₹9,304"
2026-09-07,DEL,HYD,2026-09-14,7,"₹10,719"
2026-09-07,DEL,HYD,2026-09-14,7,"₹10,719"
2026-09-07,DEL,HYD,2026-09-14,7,"₹9,952"
2026-09-07,DEL,HYD,2026-09-14,7,"₹9,952"
2026-09-07,DEL,HYD,2026-09-14,7,"₹9,952"
2026-09-07,DEL,HYD,2026-09-14,7,"₹9,952"
2026-09-07,DEL,HYD,2026-09-14,7,"₹9,930"
2026-09-07,DEL,HYD,2026-09-14,7,"₹9,930"
2026-09-07,DEL,HYD,2026-09-14,7,"₹10,920"
2026-09-07,DEL,HYD,2026-09-14,7,"₹10,920"
2026-09-07,DEL,HYD,2026-09-22,15,"₹8,615"
2026-09-07,DEL,HYD,2026-09-22,15,"₹8,615"
2026-09-07,DEL,HYD,2026-09-22,15,"₹8,653"
2026-09-07,DEL,HYD,2026-09-22,15,"₹8,653"
2026-09-07,DEL,HYD,2026-09-22,15,"₹9,719"
2026-09-07,DEL,HYD,2026-09-22,15,"₹9,719"
2026-09-07,DEL,HYD,2026-09-22,15,"₹9,719"
2026-09-07,DEL,HYD,2026-09-22,15,"₹9,719"
2026-09-07,DEL,HYD,2026-09-22,15,"₹9,719"
2026-09-07,DEL,HYD,2026-09-22,15,"₹9,719"
2026-09-07,DEL,HYD,2026-09-22,15,"₹9,876"
2026-09-07,DEL,HYD,2026-09-22,15,"₹9,876"
2026-09-07,DEL,HYD,2026-09-22,15,"₹9,876"
2026-09-07,DEL,HYD,2026-09-22,15,"₹9,876"
2026-09-07,DEL,HYD,2026-09-22,15,"₹9,876"
2026-09-07,DEL,HYD,2026-09-22,15,"₹9,876"
2026-09-07,DEL,HYD,2026-10-07,30,"₹9,876"
2026-09-07,DEL,HYD,2026-10-07,30,"₹9,876"
2026-09-07,DEL,HYD,2026-10-07,30,"₹9,876"
2026-09-07,DEL,HYD,2026-10-07,30,"₹9,876"
2026-09-07,DEL,HYD,2026-10-07,30,"₹9,876"
2026-09-07,DEL,HYD,2026-10-07,30,"₹9,876"
2026-09-07,DEL,HYD,2026-10-07,30,"₹9,876"
2026-09-07,DEL,HYD,2026-10-07,30,"₹9,876"
2026-09-07,DEL,HYD,2026-10-07,30,"₹9,885"
2026-09-07,DEL,HYD,2026-10-07,30,"₹9,885"
2026-09-07,DEL,HYD,2026-10-07,30,"₹9,120"
2026-09-07,DEL,HYD,2026-10-07,30,"₹9,120"
2026-09-07,DEL,HYD,2026-10-07,30,"₹9,173"
2026-09-07,DEL,HYD,2026-10-07,30,"₹9,173"
2026-09-07,DEL,HYD,2026-10-07,30,"₹9,173"
2026-09-07,DEL,HYD,2026-10-07,30,"₹9,173"
2026-09-07,DEL,HYD,2026-10-22,45,"₹9,914"
2026-09-07,DEL,HYD,2026-10-22,45,"₹9,914"
2026-09-07,DEL,HYD,2026-10-22,45,"₹9,035"
2026-09-07,DEL,HYD,2026-10-22,45,"₹9,035"
2026-09-07,DEL,HYD,2026-10-22,45,"₹10,046"
2026-09-07,DEL,HYD,2026-10-22,45,"₹10,046"
2026-09-07,DEL,HYD,2026-10-22,45,"₹10,215"
2026-09-07,DEL,HYD,2026-10-22,45,"₹10,215"
2026-09-07,DEL,HYD,2026-10-22,45,"₹10,453"
2026-09-07,DEL,HYD,2026-10-22,45,"₹10,453"
2026-09-07,DEL,HYD,2026-10-22,45,"₹10,453"
2026-09-07,DEL,HYD,2026-10-22,45,"₹10,453"
2026-09-07,DEL,HYD,2026-10-22,45,"₹10,453"
2026-09-07,DEL,HYD,2026-10-22,45,"₹10,453"
2026-09-07,DEL,HYD,2026-10-22,45,"₹10,453"
2026-09-07,DEL,HYD,2026-10-22,45,"₹10,453"
2026-09-07,BOM,CCU,2026-09-08,1,"₹12,173"
2026-09-07,BOM,CCU,2026-09-08,1,"₹12,173"
2026-09-07,BOM,CCU,2026-09-08,1,"₹12,542"
2026-09-07,BOM,CCU,2026-09-08,1,"₹12,542"
2026-09-07,BOM,CCU,2026-09-08,1,"₹12,631"
2026-09-07,BOM,CCU,2026-09-08,1,"₹12,631"
2026-09-07,BOM,CCU,2026-09-08,1,"₹13,342"
2026-09-07,BOM,CCU,2026-09-08,1,"₹13,342"
2026-09-07,BOM,CCU,2026-09-08,1,"₹13,645"
2026-09-07,BOM,CCU,2026-09-08,1,"₹13,645"
2026-09-07,BOM,CCU,2026-09-08,1,"₹13,656"
2026-09-07,BOM,CCU,2026-09-08,1,"₹13,656"
2026-09-07,BOM,CCU,2026-09-08,1,"₹12,631"
2026-09-07,BOM,CCU,2026-09-08,1,"₹12,631"
2026-09-07,BOM,CCU,2026-09-08,1,"₹13,871"
2026-09-07,BOM,CCU,2026-09-08,1,"₹13,871"
2026-09-07,BOM,CCU,2026-09-14,7,"₹10,084"
2026-09-07,BOM,CCU,2026-09-14,7,"₹10,084"
2026-09-07,BOM,CCU,2026-09-14,7,"₹10,084"
2026-09-07,BOM,CCU,2026-09-14,7,"₹10,084"
2026-09-07,BOM,CCU,2026-09-14,7,"₹10,084"
2026-09-07,BOM,CCU,2026-09-14,7,"₹10,084"
2026-09-07,BOM,CCU,2026-09-14,7,"₹10,084"
2026-09-07,BOM,CCU,2026-09-14,7,"₹10,084"
2026-09-07,BOM,CCU,2026-09-14,7,"₹10,084"
2026-09-07,BOM,CCU,2026-09-14,7,"₹10,084"
2026-09-07,BOM,CCU,2026-09-14,7,"₹10,084"
2026-09-07,BOM,CCU,2026-09-14,7,"₹10,084"
2026-09-07,BOM,CCU,2026-09-14,7,"₹10,514"
2026-09-07,BOM,CCU,2026-09-14,7,"₹10,514"
2026-09-07,BOM,CCU,2026-09-14,7,"₹10,514"
2026-09-07,BOM,CCU,2026-09-14,7,"₹10,514"
2026-09-07,BOM,CCU,2026-09-22,15,"₹13,236"
2026-09-07,BOM,CCU,2026-09-22,15,"₹13,236"
2026-09-07,BOM,CCU,2026-09-22,15,"₹13,451"
2026-09-07,BOM,CCU,2026-09-22,15,"₹13,451"
2026-09-07,BOM,CCU,2026-09-22,15,"₹13,451"
2026-09-07,BOM,CCU,2026-09-22,15,"₹13,451"
2026-09-07,BOM,CCU,2026-09-22,15,"₹13,451"
2026-09-07,BOM,CCU,2026-09-22,15,"₹13,451"
2026-09-07,BOM,CCU,2026-09-22,15,"₹12,631"
2026-09-07,BOM,CCU,2026-09-22,15,"₹12,631"
2026-09-07,BOM,CCU,2026-09-22,15,"₹13,579"
2026-09-07,BOM,CCU,2026-09-22,15,"₹13,579"
2026-09-07,BOM,CCU,2026-09-22,15,"₹13,649"
2026-09-07,BOM,CCU,2026-09-22,15,"₹13,649"
2026-09-07,BOM,CCU,2026-10-07,30,"₹9,901"
2026-09-07,BOM,CCU,2026-10-07,30,"₹9,901"
2026-09-07,BOM,CCU,2026-10-07,30,"₹9,901"
2026-09-07,BOM,CCU,2026-10-07,30,"₹9,901"
2026-09-07,BOM,CCU,2026-10-07,30,"₹9,901"
2026-09-07,BOM,CCU,2026-10-07,30,"₹9,901"
2026-09-07,BOM,CCU,2026-10-07,30,"₹9,901"
2026-09-07,BOM,CCU,2026-10-07,30,"₹9,901"
2026-09-07,BOM,CCU,2026-10-07,30,"₹9,901"
2026-09-07,BOM,CCU,2026-10-07,30,"₹9,901"
2026-09-07,BOM,CCU,2026-10-07,30,"₹11,048"
2026-09-07,BOM,CCU,2026-10-07,30,"₹11,048"
2026-09-07,BOM,CCU,2026-10-07,30,"₹10,429"
2026-09-07,BOM,CCU,2026-10-07,30,"₹10,429"
2026-09-07,BOM,CCU,2026-10-07,30,"₹10,489"
2026-09-07,BOM,CCU,2026-10-07,30,"₹10,489"
2026-09-07,BOM,CCU,2026-10-22,45,"₹13,467"
2026-09-07,BOM,CCU,2026-10-22,45,"₹13,467"
2026-09-07,BOM,CCU,2026-10-22,45,"₹14,199"
2026-09-07,BOM,CCU,2026-10-22,45,"₹14,199"
2026-09-07,BOM,CCU,2026-10-22,45,"₹14,264"
2026-09-07,BOM,CCU,2026-10-22,45,"₹14,264"
2026-09-07,BOM,CCU,2026-10-22,45,"₹14,130"
2026-09-07,BOM,CCU,2026-10-22,45,"₹14,130"
2026-09-07,BOM,CCU,2026-10-22,45,"₹14,130"
2026-09-07,BOM,CCU,2026-10-22,45,"₹14,130"
2026-09-07,BOM,CCU,2026-10-22,45,"₹14,661"
2026-09-07,BOM,CCU,2026-10-22,45,"₹14,661"
2026-09-07,BOM,CCU,2026-10-22,45,"₹14,491"
2026-09-07,BOM,CCU,2026-10-22,45,"₹14,491"
2026-09-08,DEL,BOM,2026-09-09,1,"₹6,222"
2026-09-08,DEL,BOM,2026-09-09,1,"₹6,222"
2026-09-08,DEL,BOM,2026-09-09,1,"₹6,226"
2026-09-08,DEL,BOM,2026-09-09,1,"₹6,226"
2026-09-08,DEL,BOM,2026-09-09,1,"₹6,300"
2026-09-08,DEL,BOM,2026-09-09,1,"₹6,300"
2026-09-08,DEL,BOM,2026-09-09,1,"₹6,300"
2026-09-08,DEL,BOM,2026-09-09,1,"₹6,300"
2026-09-08,DEL,BOM,2026-09-09,1,"₹6,300"
2026-09-08,DEL,BOM,2026-09-09,1,"₹6,300"
2026-09-08,DEL,BOM,2026-09-09,1,"₹6,529"
2026-09-08,DEL,BOM,2026-09-09,1,"₹6,529"
2026-09-08,DEL,BOM,2026-09-09,1,"₹6,562"
2026-09-08,DEL,BOM,2026-09-09,1,"₹6,562"
2026-09-08,DEL,BOM,2026-09-15,7,"₹7,000"
2026-09-08,DEL,BOM,2026-09-15,7,"₹7,000"
2026-09-08,DEL,BOM,2026-09-15,7,"₹7,000"
2026-09-08,DEL,BOM,2026-09-15,7,"₹7,000"
2026-09-08,DEL,BOM,2026-09-15,7,"₹7,000"
2026-09-08,DEL,BOM,2026-09-15,7,"₹7,000"
2026-09-08,DEL,BOM,2026-09-15,7,"₹7,000"
2026-09-08,DEL,BOM,2026-09-15,7,"₹7,000"
2026-09-08,DEL,BOM,2026-09-15,7,"₹7,000"
2026-09-08,DEL,BOM,2026-09-15,7,"₹7,000"
2026-09-08,DEL,BOM,2026-09-15,7,"₹7,000"
2026-09-08,DEL,BOM,2026-09-15,7,"₹7,000"
2026-09-08,DEL,BOM,2026-09-15,7,"₹7,000"
2026-09-08,DEL,BOM,2026-09-15,7,"₹7,000"
2026-09-08,DEL,BOM,2026-09-23,15,"₹6,851"
2026-09-08,DEL,BOM,2026-09-23,15,"₹6,851"
2026-09-08,DEL,BOM,2026-09-23,15,"₹6,851"
2026-09-08,DEL,BOM,2026-09-23,15,"₹6,851"
2026-09-08,DEL,BOM,2026-09-23,15,"₹6,851"
2026-09-08,DEL,BOM,2026-09-23,15,"₹6,851"
2026-09-08,DEL,BOM,2026-09-23,15,"₹6,898"
2026-09-08,DEL,BOM,2026-09-23,15,"₹6,898"
2026-09-08,DEL,BOM,2026-09-23,15,"₹6,898"
2026-09-08,DEL,BOM,2026-09-23,15,"₹6,898"
2026-09-08,DEL,BOM,2026-09-23,15,"₹6,898"
2026-09-08,DEL,BOM,2026-09-23,15,"₹6,898"
2026-09-08,DEL,BOM,2026-10-08,30,"₹6,898"
2026-09-08,DEL,BOM,2026-10-08,30,"₹6,898"
2026-09-08,DEL,BOM,2026-10-08,30,"₹6,949"
2026-09-08,DEL,BOM,2026-10-08,30,"₹6,949"
2026-09-08,DEL,BOM,2026-10-08,30,"₹7,000"
2026-09-08,DEL,BOM,2026-10-08,30,"₹7,000"
2026-09-08,DEL,BOM,2026-10-08,30,"₹7,000"
2026-09-08,DEL,BOM,2026-10-08,30,"₹7,000"
2026-09-08,DEL,BOM,2026-10-08,30,"₹7,000"
2026-09-08,DEL,BOM,2026-10-08,30,"₹7,000"
2026-09-08,DEL,BOM,2026-10-08,30,"₹7,000"
2026-09-08,DEL,BOM,2026-10-08,30,"₹7,000"
2026-09-08,DEL,BOM,2026-10-08,30,"₹7,000"
2026-09-08,DEL,BOM,2026-10-08,30,"₹7,000"
2026-09-08,DEL,BOM,2026-10-23,45,"₹6,790"
2026-09-08,DEL,BOM,2026-10-23,45,"₹6,790"
2026-09-08,DEL,BOM,2026-10-23,45,"₹7,469"
2026-09-08,DEL,BOM,2026-10-23,45,"₹7,469"
2026-09-08,DEL,BOM,2026-10-23,45,"₹7,469"
2026-09-08,DEL,BOM,2026-10-23,45,"₹7,469"
2026-09-08,DEL,BOM,2026-10-23,45,"₹7,469"
2026-09-08,DEL,BOM,2026-10-23,45,"₹7,469"
2026-09-08,DEL,BOM,2026-10-23,45,"₹7,469"
2026-09-08,DEL,BOM,2026-10-23,45,"₹7,469"
2026-09-08,DEL,BOM,2026-10-23,45,"₹7,489"
2026-09-08,DEL,BOM,2026-10-23,45,"₹7,489"
2026-09-08,DEL,BOM,2026-10-23,45,"₹7,489"
2026-09-08,DEL,BOM,2026-10-23,45,"₹7,489"
2026-09-08,DEL,BLR,2026-09-09,1,"₹9,756"
2026-09-08,DEL,BLR,2026-09-09,1,"₹9,756"
2026-09-08,DEL,BLR,2026-09-09,1,"₹8,911"
2026-09-08,DEL,BLR,2026-09-09,1,"₹8,911"
2026-09-08,DEL,BLR,2026-09-09,1,"₹8,951"
2026-09-08,DEL,BLR,2026-09-09,1,"₹8,951"
2026-09-08,DEL,BLR,2026-09-09,1,"₹9,922"
2026-09-08,DEL,BLR,2026-09-09,1,"₹9,922"
2026-09-08,DEL,BLR,2026-09-09,1,"₹9,922"
2026-09-08,DEL,BLR,2026-09-09,1,"₹9,922"
2026-09-08,DEL,BLR,2026-09-09,1,"₹9,239"
2026-09-08,DEL,BLR,2026-09-09,1,"₹9,239"
2026-09-08,DEL,BLR,2026-09-09,1,"₹10,242"
2026-09-08,DEL,BLR,2026-09-09,1,"₹10,242"
2026-09-08,DEL,BLR,2026-09-15,7,"₹10,417"
2026-09-08,DEL,BLR,2026-09-15,7,"₹10,417"
2026-09-08,DEL,BLR,2026-09-15,7,"₹10,417"
2026-09-08,DEL,BLR,2026-09-15,7,"₹10,417"
2026-09-08,DEL,BLR,2026-09-15,7,"₹10,095"
2026-09-08,DEL,BLR,2026-09-15,7,"₹10,095"
2026-09-08,DEL,BLR,2026-09-15,7,"₹10,755"
2026-09-08,DEL,BLR,2026-09-15,7,"₹10,755"
2026-09-08,DEL,BLR,2026-09-15,7,"₹9,867"
2026-09-08,DEL,BLR,2026-09-15,7,"₹9,867"
2026-09-08,DEL,BLR,2026-09-15,7,"₹9,946"
2026-09-08,DEL,BLR,2026-09-15,7,"₹9,946"
2026-09-08,DEL,BLR,2026-09-15,7,"₹9,946"
2026-09-08,DEL,BLR,2026-09-15,7,"₹9,946"
2026-09-08,DEL,BLR,2026-09-15,7,"₹9,946"
2026-09-08,DEL,BLR,2026-09-15,7,"₹9,946"
2026-09-08,DEL,BLR,2026-09-23,15,"₹8,491"
2026-09-08,DEL,BLR,2026-09-23,15,"₹8,491"
2026-09-08,DEL,BLR,2026-09-23,15,"₹8,491"
2026-09-08,DEL,BLR,2026-09-23,15,"₹8,491"
2026-09-08,DEL,BLR,2026-09-23,15,"₹8,491"
2026-09-08,DEL,BLR,2026-09-23,15,"₹8,491"
2026-09-08,DEL,BLR,2026-09-23,15,"₹8,491"
2026-09-08,DEL,BLR,2026-09-23,15,"₹8,491"
2026-09-08,DEL,BLR,2026-09-23,15,"₹8,491"
2026-09-08,DEL,BLR,2026-09-23,15,"₹8,491"
2026-09-08,DEL,BLR,2026-09-23,15,"₹8,491"
2026-09-08,DEL,BLR,2026-09-23,15,"₹8,491"
2026-09-08,DEL,BLR,2026-09-23,15,"₹8,491"
2026-09-08,DEL,BLR,2026-09-23,15,"₹8,491"
2026-09-08,DEL,BLR,2026-09-23,15,"₹8,570"
2026-09-08,DEL,BLR,2026-09-23,15,"₹8,570"
2026-09-08,DEL,BLR,2026-10-08,30,"₹8,360"
2026-09-08,DEL,BLR,2026-10-08,30,"₹8,360"
2026-09-08,DEL,BLR,2026-10-08,30,"₹8,360"
2026-09-08,DEL,BLR,2026-10-08,30,"₹8,360"
2026-09-08,DEL,BLR,2026-10-08,30,"₹8,360"
2026-09-08,DEL,BLR,2026-10-08,30,"₹8,360"
2026-09-08,DEL,BLR,2026-10-08,30,"₹8,360"
2026-09-08,DEL,BLR,2026-10-08,30,"₹8,360"
2026-09-08,DEL,BLR,2026-10-08,30,"₹8,360"
2026-09-08,DEL,BLR,2026-10-08,30,"₹8,360"
2026-09-08,DEL,BLR,2026-10-08,30,"₹8,491"
2026-09-08,DEL,BLR,2026-10-08,30,"₹8,491"
2026-09-08,DEL,BLR,2026-10-08,30,"₹8,491"
2026-09-08,DEL,BLR,2026-10-08,30,"₹8,491"
2026-09-08,DEL,BLR,2026-10-08,30,"₹8,491"
2026-09-08,DEL,BLR,2026-10-08,30,"₹8,491"
2026-09-08,DEL,BLR,2026-10-23,45,"₹10,156"
2026-09-08,DEL,BLR,2026-10-23,45,"₹10,156"
2026-09-08,DEL,BLR,2026-10-23,45,"₹10,156"
2026-09-08,DEL,BLR,2026-10-23,45,"₹10,156"
2026-09-08,DEL,BLR,2026-10-23,45,"₹10,156"
2026-09-08,DEL,BLR,2026-10-23,45,"₹10,156"
2026-09-08,DEL,BLR,2026-10-23,45,"₹10,156"
2026-09-08,DEL,BLR,2026-10-23,45,"₹10,156"
2026-09-08,DEL,BLR,2026-10-23,45,"₹10,156"
2026-09-08,DEL,BLR,2026-10-23,45,"₹10,156"
2026-09-08,DEL,BLR,2026-10-23,45,"₹10,156"
2026-09-08,DEL,BLR,2026-10-23,45,"₹10,156"
2026-09-08,DEL,BLR,2026-10-23,45,"₹11,225"
2026-09-08,DEL,BLR,2026-10-23,45,"₹11,225"
2026-09-08,BOM,BLR,2026-09-09,1,"₹8,769"
2026-09-08,BOM,BLR,2026-09-09,1,"₹8,769"
2026-09-08,BOM,BLR,2026-09-09,1,"₹9,584"
2026-09-08,BOM,BLR,2026-09-09,1,"₹9,584"
2026-09-08,BOM,BLR,2026-09-09,1,"₹9,582"
2026-09-08,BOM,BLR,2026-09-09,1,"₹9,582"
2026-09-08,BOM,BLR,2026-09-09,1,"₹9,031"
2026-09-08,BOM,BLR,2026-09-09,1,"₹9,031"
2026-09-08,BOM,BLR,2026-09-09,1,"₹10,107"
2026-09-08,BOM,BLR,2026-09-09,1,"₹10,107"
2026-09-08,BOM,BLR,2026-09-09,1,"₹10,737"
2026-09-08,BOM,BLR,2026-09-09,1,"₹10,737"
2026-09-08,BOM,BLR,2026-09-09,1,"₹9,839"
2026-09-08,BOM,BLR,2026-09-09,1,"₹9,839"
2026-09-08,BOM,BLR,2026-09-09,1,"₹11,222"
2026-09-08,BOM,BLR,2026-09-09,1,"₹11,222"
2026-09-08,BOM,BLR,2026-09-15,7,"₹7,243"
2026-09-08,BOM,BLR,2026-09-15,7,"₹7,243"
2026-09-08,BOM,BLR,2026-09-15,7,"₹7,243"
2026-09-08,BOM,BLR,2026-09-15,7,"₹7,243"
2026-09-08,BOM,BLR,2026-09-15,7,"₹7,243"
2026-09-08,BOM,BLR,2026-09-15,7,"₹7,243"
2026-09-08,BOM,BLR,2026-09-15,7,"₹8,332"
2026-09-08,BOM,BLR,2026-09-15,7,"₹8,332"
2026-09-08,BOM,BLR,2026-09-15,7,"₹7,374"
2026-09-08,BOM,BLR,2026-09-15,7,"₹7,374"
2026-09-08,BOM,BLR,2026-09-15,7,"₹7,374"
2026-09-08,BOM,BLR,2026-09-15,7,"₹7,374"
2026-09-08,BOM,BLR,2026-09-15,7,"₹7,374"
2026-09-08,BOM,BLR,2026-09-15,7,"₹7,374"
2026-09-08,BOM,BLR,2026-09-15,7,"₹7,374"
2026-09-08,BOM,BLR,2026-09-15,7,"₹7,374"
2026-09-08,BOM,BLR,2026-09-23,15,"₹7,062"
2026-09-08,BOM,BLR,2026-09-23,15,"₹7,062"
2026-09-08,BOM,BLR,2026-09-23,15,"₹7,062"
2026-09-08,BOM,BLR,2026-09-23,15,"₹7,062"
2026-09-08,BOM,BLR,2026-09-23,15,"₹7,062"
2026-09-08,BOM,BLR,2026-09-23,15,"₹7,062"
2026-09-08,BOM,BLR,2026-09-23,15,"₹7,062"
2026-09-08,BOM,BLR,2026-09-23,15,"₹7,062"
2026-09-08,BOM,BLR,2026-09-23,15,"₹7,062"
2026-09-08,BOM,BLR,2026-09-23,15,"₹7,062"
2026-09-08,BOM,BLR,2026-09-23,15,"₹7,062"
2026-09-08,BOM,BLR,2026-09-23,15,"₹7,062"
2026-09-08,BOM,BLR,2026-09-23,15,"₹7,062"
2026-09-08,BOM,BLR,2026-09-23,15,"₹7,062"
2026-09-08,BOM,BLR,2026-09-23,15,"₹7,062"
2026-09-08,BOM,BLR,2026-09-23,15,"₹7,062"
2026-09-08,BOM,BLR,2026-10-08,30,"₹7,062"
2026-09-08,BOM,BLR,2026-10-08,30,"₹7,062"
2026-09-08,BOM,BLR,2026-10-08,30,"₹7,062"
2026-09-08,BOM,BLR,2026-10-08,30,"₹7,062"
2026-09-08,BOM,BLR,2026-10-08,30,"₹7,062"
2026-09-08,BOM,BLR,2026-10-08,30,"₹7,062"
2026-09-08,BOM,BLR,2026-10-08,30,"₹7,062"
2026-09-08,BOM,BLR,2026-10-08,30,"₹7,062"
2026-09-08,BOM,BLR,2026-10-08,30,"₹7,062"
2026-09-08,BOM,BLR,2026-10-08,30,"₹7,062"
2026-09-08,BOM,BLR,2026-10-08,30,"₹7,062"
2026-09-08,BOM,BLR,2026-10-08,30,"₹7,062"
2026-09-08,BOM,BLR,2026-10-08,30,"₹7,062"
2026-09-08,BOM,BLR,2026-10-08,30,"₹7,062"
2026-09-08,BOM,BLR,2026-10-23,45,"₹7,243"
2026-09-08,BOM,BLR,2026-10-23,45,"₹7,243"
2026-09-08,BOM,BLR,2026-10-23,45,"₹8,261"
2026-09-08,BOM,BLR,2026-10-23,45,"₹8,261"
2026-09-08,BOM,BLR,2026-10-23,45,"₹7,374"
2026-09-08,BOM,BLR,2026-10-23,45,"₹7,374"
2026-09-08,BOM,BLR,2026-10-23,45,"₹7,374"
2026-09-08,BOM,BLR,2026-10-23,45,"₹7,374"
2026-09-08,BOM,BLR,2026-10-23,45,"₹7,374"
2026-09-08,BOM,BLR,2026-10-23,45,"₹7,374"
2026-09-08,BOM,BLR,2026-10-23,45,"₹7,374"
2026-09-08,BOM,BLR,2026-10-23,45,"₹7,374"
2026-09-08,BOM,BLR,2026-10-23,45,"₹7,374"
2026-09-08,BOM,BLR,2026-10-23,45,"₹7,374"
2026-09-08,DEL,HYD,2026-09-09,1,"₹13,224"
2026-09-08,DEL,HYD,2026-09-09,1,"₹13,224"
2026-09-08,DEL,HYD,2026-09-09,1,"₹13,224"
2026-09-08,DEL,HYD,2026-09-09,1,"₹13,224"
2026-09-08,DEL,HYD,2026-09-09,1,"₹13,993"
2026-09-08,DEL,HYD,2026-09-09,1,"₹13,993"
2026-09-08,DEL,HYD,2026-09-09,1,"₹13,993"
2026-09-08,DEL,HYD,2026-09-09,1,"₹13,993"
2026-09-08,DEL,HYD,2026-09-09,1,"₹15,189"
2026-09-08,DEL,HYD,2026-09-09,1,"₹15,189"
2026-09-08,DEL,HYD,2026-09-09,1,"₹16,467"
2026-09-08,DEL,HYD,2026-09-09,1,"₹16,467"
2026-09-08,DEL,HYD,2026-09-09,1,"₹16,467"
2026-09-08,DEL,HYD,2026-09-09,1,"₹16,467"
2026-09-08,DEL,HYD,2026-09-09,1,"₹16,608"
2026-09-08,DEL,HYD,2026-09-09,1,"₹16,608"
2026-09-08,DEL,HYD,2026-09-15,7,"₹9,400"
2026-09-08,DEL,HYD,2026-09-15,7,"₹9,400"
2026-09-08,DEL,HYD,2026-09-15,7,"₹8,484"
2026-09-08,DEL,HYD,2026-09-15,7,"₹8,484"
2026-09-08,DEL,HYD,2026-09-15,7,"₹8,484"
2026-09-08,DEL,HYD,2026-09-15,7,"₹8,484"
2026-09-08,DEL,HYD,2026-09-15,7,"₹8,615"
2026-09-08,DEL,HYD,2026-09-15,7,"₹8,615"
2026-09-08,DEL,HYD,2026-09-15,7,"₹9,886"
2026-09-08,DEL,HYD,2026-09-15,7,"₹9,886"
2026-09-08,DEL,HYD,2026-09-15,7,"₹9,120"
2026-09-08,DEL,HYD,2026-09-15,7,"₹9,120"
2026-09-08,DEL,HYD,2026-09-15,7,"₹9,304"
2026-09-08,DEL,HYD,2026-09-15,7,"₹9,304"
2026-09-08,DEL,HYD,2026-09-15,7,"₹9,383"
2026-09-08,DEL,HYD,2026-09-15,7,"₹9,383"
2026-09-08,DEL,HYD,2026-09-23,15,"₹8,277"
2026-09-08,DEL,HYD,2026-09-23,15,"₹8,277"
2026-09-08,DEL,HYD,2026-09-23,15,"₹8,277"
2026-09-08,DEL,HYD,2026-09-23,15,"₹8,277"
2026-09-08,DEL,HYD,2026-09-23,15,"₹8,409"
2026-09-08,DEL,HYD,2026-09-23,15,"₹8,409"
2026-09-08,DEL,HYD,2026-09-23,15,"₹8,409"
2026-09-08,DEL,HYD,2026-09-23,15,"₹8,409"
2026-09-08,DEL,HYD,2026-09-23,15,"₹9,400"
2026-09-08,DEL,HYD,2026-09-23,15,"₹9,400"
2026-09-08,DEL,HYD,2026-09-23,15,"₹9,400"
2026-09-08,DEL,HYD,2026-09-23,15,"₹9,400"
2026-09-08,DEL,HYD,2026-09-23,15,"₹9,400"
2026-09-08,DEL,HYD,2026-09-23,15,"₹9,400"
2026-09-08,DEL,HYD,2026-09-23,15,"₹9,400"
2026-09-08,DEL,HYD,2026-09-23,15,"₹9,400"
2026-09-08,DEL,HYD,2026-10-08,30,"₹9,400"
2026-09-08,DEL,HYD,2026-10-08,30,"₹9,400"
2026-09-08,DEL,HYD,2026-10-08,30,"₹9,400"
2026-09-08,DEL,HYD,2026-10-08,30,"₹9,400"
2026-09-08,DEL,HYD,2026-10-08,30,"₹9,400"
2026-09-08,DEL,HYD,2026-10-08,30,"₹9,400"
2026-09-08,DEL,HYD,2026-10-08,30,"₹9,400"
2026-09-08,DEL,HYD,2026-10-08,30,"₹9,400"
2026-09-08,DEL,HYD,2026-10-08,30,"₹8,484"
2026-09-08,DEL,HYD,2026-10-08,30,"₹8,484"
2026-09-08,DEL,HYD,2026-10-08,30,"₹8,484"
2026-09-08,DEL,HYD,2026-10-08,30,"₹8,484"
2026-09-08,DEL,HYD,2026-10-08,30,"₹8,615"
2026-09-08,DEL,HYD,2026-10-08,30,"₹8,615"
2026-09-08,DEL,HYD,2026-10-08,30,"₹9,719"
2026-09-08,DEL,HYD,2026-10-08,30,"₹9,719"
2026-09-08,DEL,HYD,2026-10-23,45,"₹8,917"
2026-09-08,DEL,HYD,2026-10-23,45,"₹8,917"
2026-09-08,DEL,HYD,2026-10-23,45,"₹9,173"
2026-09-08,DEL,HYD,2026-10-23,45,"₹9,173"
2026-09-08,DEL,HYD,2026-10-23,45,"₹9,361"
2026-09-08,DEL,HYD,2026-10-23,45,"₹9,361"
2026-09-08,DEL,HYD,2026-10-23,45,"₹10,385"
2026-09-08,DEL,HYD,2026-10-23,45,"₹10,385"
2026-09-08,DEL,HYD,2026-10-23,45,"₹10,385"
2026-09-08,DEL,HYD,2026-10-23,45,"₹10,385"
2026-09-08,DEL,HYD,2026-10-23,45,"₹10,385"
2026-09-08,DEL,HYD,2026-10-23,45,"₹10,385"
2026-09-08,DEL,HYD,2026-10-23,45,"₹10,385"
2026-09-08,DEL,HYD,2026-10-23,45,"₹10,385"
2026-09-08,DEL,HYD,2026-10-23,45,"₹10,385"
2026-09-08,DEL,HYD,2026-10-23,45,"₹10,385"
2026-09-08,BOM,CCU,2026-09-09,1,"₹13,320"
2026-09-08,BOM,CCU,2026-09-09,1,"₹13,320"
2026-09-08,BOM,CCU,2026-09-09,1,"₹12,753"
2026-09-08,BOM,CCU,2026-09-09,1,"₹12,753"
2026-09-08,BOM,CCU,2026-09-09,1,"₹12,898"
2026-09-08,BOM,CCU,2026-09-09,1,"₹12,898"
2026-09-08,BOM,CCU,2026-09-09,1,"₹13,067"
2026-09-08,BOM,CCU,2026-09-09,1,"₹13,067"
2026-09-08,BOM,CCU,2026-09-09,1,"₹13,290"
2026-09-08,BOM,CCU,2026-09-09,1,"₹13,290"
2026-09-08,BOM,CCU,2026-09-09,1,"₹13,293"
2026-09-08,BOM,CCU,2026-09-09,1,"₹13,293"
2026-09-08,BOM,CCU,2026-09-09,1,"₹13,293"
2026-09-08,BOM,CCU,2026-09-09,1,"₹13,293"
2026-09-08,BOM,CCU,2026-09-09,1,"₹13,741"
2026-09-08,BOM,CCU,2026-09-09,1,"₹13,741"
2026-09-08,BOM,CCU,2026-09-15,7,"₹10,084"
2026-09-08,BOM,CCU,2026-09-15,7,"₹10,084"
2026-09-08,BOM,CCU,2026-09-15,7,"₹10,084"
2026-09-08,BOM,CCU,2026-09-15,7,"₹10,084"
2026-09-08,BOM,CCU,2026-09-15,7,"₹10,084"
2026-09-08,BOM,CCU,2026-09-15,7,"₹10,084"
2026-09-08,BOM,CCU,2026-09-15,7,"₹10,514"
2026-09-08,BOM,CCU,2026-09-15,7,"₹10,514"
2026-09-08,BOM,CCU,2026-09-15,7,"₹10,645"
2026-09-08,BOM,CCU,2026-09-15,7,"₹10,645"
2026-09-08,BOM,CCU,2026-09-15,7,"₹10,855"
2026-09-08,BOM,CCU,2026-09-15,7,"₹10,855"
2026-09-08,BOM,CCU,2026-09-15,7,"₹12,557"
2026-09-08,BOM,CCU,2026-09-15,7,"₹12,557"
2026-09-08,BOM,CCU,2026-09-15,7,"₹12,843"
2026-09-08,BOM,CCU,2026-09-15,7,"₹12,843"
2026-09-08,BOM,CCU,2026-09-23,15,"₹8,514"
2026-09-08,BOM,CCU,2026-09-23,15,"₹8,514"
2026-09-08,BOM,CCU,2026-09-23,15,"₹8,514"
2026-09-08,BOM,CCU,2026-09-23,15,"₹8,514"
2026-09-08,BOM,CCU,2026-09-23,15,"₹8,514"
2026-09-08,BOM,CCU,2026-09-23,15,"₹8,514"
2026-09-08,BOM,CCU,2026-09-23,15,"₹8,514"
2026-09-08,BOM,CCU,2026-09-23,15,"₹8,514"
2026-09-08,BOM,CCU,2026-09-23,15,"₹8,514"
2026-09-08,BOM,CCU,2026-09-23,15,"₹8,514"
2026-09-08,BOM,CCU,2026-09-23,15,"₹8,514"
2026-09-08,BOM,CCU,2026-09-23,15,"₹8,514"
2026-09-08,BOM,CCU,2026-10-08,30,"₹12,029"
2026-09-08,BOM,CCU,2026-10-08,30,"₹12,029"
2026-09-08,BOM,CCU,2026-10-08,30,"₹12,542"
2026-09-08,BOM,CCU,2026-10-08,30,"₹12,542"
2026-09-08,BOM,CCU,2026-10-08,30,"₹13,067"
2026-09-08,BOM,CCU,2026-10-08,30,"₹13,067"
2026-09-08,BOM,CCU,2026-10-08,30,"₹13,603"
2026-09-08,BOM,CCU,2026-10-08,30,"₹13,603"
2026-09-08,BOM,CCU,2026-10-08,30,"₹13,858"
2026-09-08,BOM,CCU,2026-10-08,30,"₹13,858"
2026-09-08,BOM,CCU,2026-10-08,30,"₹14,326"
2026-09-08,BOM,CCU,2026-10-08,30,"₹14,326"
2026-09-08,BOM,CCU,2026-10-08,30,"₹14,476"
2026-09-08,BOM,CCU,2026-10-08,30,"₹14,476"
2026-09-08,BOM,CCU,2026-10-08,30,"₹14,476"
2026-09-08,BOM,CCU,2026-10-08,30,"₹14,476"
2026-09-08,BOM,CCU,2026-10-23,45,"₹15,301"
2026-09-08,BOM,CCU,2026-10-23,45,"₹15,301"
2026-09-08,BOM,CCU,2026-10-23,45,"₹16,862"
2026-09-08,BOM,CCU,2026-10-23,45,"₹16,862"
2026-09-08,BOM,CCU,2026-10-23,45,"₹16,862"
2026-09-08,BOM,CCU,2026-10-23,45,"₹16,862"
2026-09-08,BOM,CCU,2026-10-23,45,"₹16,315"
2026-09-08,BOM,CCU,2026-10-23,45,"₹16,315"
2026-09-08,BOM,CCU,2026-10-23,45,"₹16,338"
2026-09-08,BOM,CCU,2026-10-23,45,"₹16,338"
2026-09-08,BOM,CCU,2026-10-23,45,"₹15,975"
2026-09-08,BOM,CCU,2026-10-23,45,"₹15,975"
2026-09-08,BOM,CCU,2026-10-23,45,"₹17,598"
2026-09-08,BOM,CCU,2026-10-23,45,"₹17,598"
2026-09-09,DEL,BOM,2026-09-10,1,"₹7,159"
2026-09-09,DEL,BOM,2026-09-10,1,"₹7,159"
2026-09-09,DEL,BOM,2026-09-10,1,"₹7,159"
2026-09-09,DEL,BOM,2026-09-10,1,"₹7,159"
2026-09-09,DEL,BOM,2026-09-10,1,"₹7,159"
2026-09-09,DEL,BOM,2026-09-10,1,"₹7,159"
2026-09-09,DEL,BOM,2026-09-10,1,"₹6,226"
2026-09-09,DEL,BOM,2026-09-10,1,"₹6,226"
2026-09-09,DEL,BOM,2026-09-10,1,"₹7,212"
2026-09-09,DEL,BOM,2026-09-10,1,"₹7,212"
2026-09-09,DEL,BOM,2026-09-10,1,"₹6,300"
2026-09-09,DEL,BOM,2026-09-10,1,"₹6,300"
2026-09-09,DEL,BOM,2026-09-10,1,"₹6,300"
2026-09-09,DEL,BOM,2026-09-10,1,"₹6,300"
2026-09-09,DEL,BOM,2026-09-10,1,"₹6,300"
2026-09-09,DEL,BOM,2026-09-10,1,"₹6,300"
2026-09-09,DEL,BOM,2026-09-16,7,"₹6,898"
2026-09-09,DEL,BOM,2026-09-16,7,"₹6,898"
2026-09-09,DEL,BOM,2026-09-16,7,"₹6,949"
2026-09-09,DEL,BOM,2026-09-16,7,"₹6,949"
2026-09-09,DEL,BOM,2026-09-16,7,"₹7,000"
2026-09-09,DEL,BOM,2026-09-16,7,"₹7,000"
2026-09-09,DEL,BOM,2026-09-16,7,"₹7,000"
2026-09-09,DEL,BOM,2026-09-16,7,"₹7,000"
2026-09-09,DEL,BOM,2026-09-16,7,"₹7,000"
2026-09-09,DEL,BOM,2026-09-16,7,"₹7,000"
2026-09-09,DEL,BOM,2026-09-16,7,"₹7,000"
2026-09-09,DEL,BOM,2026-09-16,7,"₹7,000"
2026-09-09,DEL,BOM,2026-09-16,7,"₹7,000"
2026-09-09,DEL,BOM,2026-09-16,7,"₹7,000"
2026-09-09,DEL,BOM,2026-09-24,15,"₹6,898"
2026-09-09,DEL,BOM,2026-09-24,15,"₹6,898"
2026-09-09,DEL,BOM,2026-09-24,15,"₹6,898"
2026-09-09,DEL,BOM,2026-09-24,15,"₹6,898"
2026-09-09,DEL,BOM,2026-09-24,15,"₹6,898"
2026-09-09,DEL,BOM,2026-09-24,15,"₹6,898"
2026-09-09,DEL,BOM,2026-09-24,15,"₹7,000"
2026-09-09,DEL,BOM,2026-09-24,15,"₹7,000"
2026-09-09,DEL,BOM,2026-09-24,15,"₹7,000"
2026-09-09,DEL,BOM,2026-09-24,15,"₹7,000"
2026-09-09,DEL,BOM,2026-09-24,15,"₹7,000"
2026-09-09,DEL,BOM,2026-09-24,15,"₹7,000"
2026-09-09,DEL,BOM,2026-09-24,15,"₹7,000"
2026-09-09,DEL,BOM,2026-09-24,15,"₹7,000"
2026-09-09,DEL,BOM,2026-09-24,15,"₹7,000"
2026-09-09,DEL,BOM,2026-09-24,15,"₹7,000"
2026-09-09,DEL,BOM,2026-10-09,30,"₹7,000"
2026-09-09,DEL,BOM,2026-10-09,30,"₹7,000"
2026-09-09,DEL,BOM,2026-10-09,30,"₹7,000"
2026-09-09,DEL,BOM,2026-10-09,30,"₹7,000"
2026-09-09,DEL,BOM,2026-10-09,30,"₹7,000"
2026-09-09,DEL,BOM,2026-10-09,30,"₹7,000"
2026-09-09,DEL,BOM,2026-10-09,30,"₹7,000"
2026-09-09,DEL,BOM,2026-10-09,30,"₹7,000"
2026-09-09,DEL,BOM,2026-10-09,30,"₹7,000"
2026-09-09,DEL,BOM,2026-10-09,30,"₹7,000"
2026-09-09,DEL,BOM,2026-10-09,30,"₹7,000"
2026-09-09,DEL,BOM,2026-10-09,30,"₹7,000"
2026-09-09,DEL,BOM,2026-10-09,30,"₹7,018"
2026-09-09,DEL,BOM,2026-10-09,30,"₹7,018"
2026-09-09,DEL,BOM,2026-10-24,45,"₹7,168"
2026-09-09,DEL,BOM,2026-10-24,45,"₹7,168"
2026-09-09,DEL,BOM,2026-10-24,45,"₹7,169"
2026-09-09,DEL,BOM,2026-10-24,45,"₹7,169"
2026-09-09,DEL,BOM,2026-10-24,45,"₹7,169"
2026-09-09,DEL,BOM,2026-10-24,45,"₹7,169"
2026-09-09,DEL,BOM,2026-10-24,45,"₹6,790"
2026-09-09,DEL,BOM,2026-10-24,45,"₹6,790"
2026-09-09,DEL,BOM,2026-10-24,45,"₹7,489"
2026-09-09,DEL,BOM,2026-10-24,45,"₹7,489"
2026-09-09,DEL,BOM,2026-10-24,45,"₹7,489"
2026-09-09,DEL,BOM,2026-10-24,45,"₹7,489"
2026-09-09,DEL,BOM,2026-10-24,45,"₹7,489"
2026-09-09,DEL,BOM,2026-10-24,45,"₹7,489"
2026-09-09,DEL,BLR,2026-09-10,1,"₹9,680"
2026-09-09,DEL,BLR,2026-09-10,1,"₹9,680"
2026-09-09,DEL,BLR,2026-09-10,1,"₹9,756"
2026-09-09,DEL,BLR,2026-09-10,1,"₹9,756"
2026-09-09,DEL,BLR,2026-09-10,1,"₹9,756"
2026-09-09,DEL,BLR,2026-09-10,1,"₹9,756"
2026-09-09,DEL,BLR,2026-09-10,1,"₹9,771"
2026-09-09,DEL,BLR,2026-09-10,1,"₹9,771"
2026-09-09,DEL,BLR,2026-09-10,1,"₹9,239"
2026-09-09,DEL,BLR,2026-09-10,1,"₹9,239"
2026-09-09,DEL,BLR,2026-09-10,1,"₹10,242"
2026-09-09,DEL,BLR,2026-09-10,1,"₹10,242"
2026-09-09,DEL,BLR,2026-09-10,1,"₹10,285"
2026-09-09,DEL,BLR,2026-09-10,1,"₹10,285"
2026-09-09,DEL,BLR,2026-09-16,7,"₹9,300"
2026-09-09,DEL,BLR,2026-09-16,7,"₹9,300"
2026-09-09,DEL,BLR,2026-09-16,7,"₹9,300"
2026-09-09,DEL,BLR,2026-09-16,7,"₹9,300"
2026-09-09,DEL,BLR,2026-09-16,7,"₹9,756"
2026-09-09,DEL,BLR,2026-09-16,7,"₹9,756"
2026-09-09,DEL,BLR,2026-09-16,7,"₹9,756"
2026-09-09,DEL,BLR,2026-09-16,7,"₹9,756"
2026-09-09,DEL,BLR,2026-09-16,7,"₹9,584"
2026-09-09,DEL,BLR,2026-09-16,7,"₹9,584"
2026-09-09,DEL,BLR,2026-09-16,7,"₹9,794"
2026-09-09,DEL,BLR,2026-09-16,7,"₹9,794"
2026-09-09,DEL,BLR,2026-09-16,7,"₹9,794"
2026-09-09,DEL,BLR,2026-09-16,7,"₹9,794"
2026-09-09,DEL,BLR,2026-09-16,7,"₹9,411"
2026-09-09,DEL,BLR,2026-09-16,7,"₹9,411"
2026-09-09,DEL,BLR,2026-09-24,15,"₹8,491"
2026-09-09,DEL,BLR,2026-09-24,15,"₹8,491"
2026-09-09,DEL,BLR,2026-09-24,15,"₹8,491"
2026-09-09,DEL,BLR,2026-09-24,15,"₹8,491"
2026-09-09,DEL,BLR,2026-09-24,15,"₹8,491"
2026-09-09,DEL,BLR,2026-09-24,15,"₹8,491"
2026-09-09,DEL,BLR,2026-09-24,15,"₹8,491"
2026-09-09,DEL,BLR,2026-09-24,15,"₹8,491"
2026-09-09,DEL,BLR,2026-09-24,15,"₹8,491"
2026-09-09,DEL,BLR,2026-09-24,15,"₹8,491"
2026-09-09,DEL,BLR,2026-09-24,15,"₹8,491"
2026-09-09,DEL,BLR,2026-09-24,15,"₹8,491"
2026-09-09,DEL,BLR,2026-09-24,15,"₹8,491"
2026-09-09,DEL,BLR,2026-09-24,15,"₹8,491"
2026-09-09,DEL,BLR,2026-09-24,15,"₹8,570"
2026-09-09,DEL,BLR,2026-09-24,15,"₹8,570"
2026-09-09,DEL,BLR,2026-10-09,30,"₹10,242"
2026-09-09,DEL,BLR,2026-10-09,30,"₹10,242"
2026-09-09,DEL,BLR,2026-10-09,30,"₹10,285"
2026-09-09,DEL,BLR,2026-10-09,30,"₹10,285"
2026-09-09,DEL,BLR,2026-10-09,30,"₹10,285"
2026-09-09,DEL,BLR,2026-10-09,30,"₹10,285"
2026-09-09,DEL,BLR,2026-10-09,30,"₹10,285"
2026-09-09,DEL,BLR,2026-10-09,30,"₹10,285"
2026-09-09,DEL,BLR,2026-10-09,30,"₹9,794"
2026-09-09,DEL,BLR,2026-10-09,30,"₹9,794"
2026-09-09,DEL,BLR,2026-10-09,30,"₹9,794"
2026-09-09,DEL,BLR,2026-10-09,30,"₹9,794"
2026-09-09,DEL,BLR,2026-10-09,30,"₹9,794"
2026-09-09,DEL,BLR,2026-10-09,30,"₹9,794"
2026-09-09,DEL,BLR,2026-10-09,30,"₹9,794"
2026-09-09,DEL,BLR,2026-10-09,30,"₹9,794"
2026-09-09,DEL,BLR,2026-10-24,45,"₹11,328"
2026-09-09,DEL,BLR,2026-10-24,45,"₹11,328"
2026-09-09,DEL,BLR,2026-10-24,45,"₹11,328"
2026-09-09,DEL,BLR,2026-10-24,45,"₹11,328"
2026-09-09,DEL,BLR,2026-10-24,45,"₹11,328"
2026-09-09,DEL,BLR,2026-10-24,45,"₹11,328"
2026-09-09,DEL,BLR,2026-10-24,45,"₹11,328"
2026-09-09,DEL,BLR,2026-10-24,45,"₹11,328"
2026-09-09,DEL,BLR,2026-10-24,45,"₹11,328"
2026-09-09,DEL,BLR,2026-10-24,45,"₹11,328"
2026-09-09,DEL,BLR,2026-10-24,45,"₹11,328"
2026-09-09,DEL,BLR,2026-10-24,45,"₹11,328"
2026-09-09,DEL,BLR,2026-10-24,45,"₹11,328"
2026-09-09,DEL,BLR,2026-10-24,45,"₹11,328"
2026-09-09,BOM,BLR,2026-09-10,1,"₹12,708"
2026-09-09,BOM,BLR,2026-09-10,1,"₹12,708"
2026-09-09,BOM,BLR,2026-09-10,1,"₹12,708"
2026-09-09,BOM,BLR,2026-09-10,1,"₹12,708"
2026-09-09,BOM,BLR,2026-09-10,1,"₹12,741"
2026-09-09,BOM,BLR,2026-09-10,1,"₹12,741"
2026-09-09,BOM,BLR,2026-09-10,1,"₹13,037"
2026-09-09,BOM,BLR,2026-09-10,1,"₹13,037"
2026-09-09,BOM,BLR,2026-09-10,1,"₹13,037"
2026-09-09,BOM,BLR,2026-09-10,1,"₹13,037"
2026-09-09,BOM,BLR,2026-09-10,1,"₹14,517"
2026-09-09,BOM,BLR,2026-09-10,1,"₹14,517"
2026-09-09,BOM,BLR,2026-09-10,1,"₹13,788"
2026-09-09,BOM,BLR,2026-09-10,1,"₹13,788"
2026-09-09,BOM,BLR,2026-09-10,1,"₹13,788"
2026-09-09,BOM,BLR,2026-09-10,1,"₹13,788"
2026-09-09,BOM,BLR,2026-09-16,7,"₹7,243"
2026-09-09,BOM,BLR,2026-09-16,7,"₹7,243"
2026-09-09,BOM,BLR,2026-09-16,7,"₹7,243"
2026-09-09,BOM,BLR,2026-09-16,7,"₹7,243"
2026-09-09,BOM,BLR,2026-09-16,7,"₹7,243"
2026-09-09,BOM,BLR,2026-09-16,7,"₹7,243"
2026-09-09,BOM,BLR,2026-09-16,7,"₹7,243"
2026-09-09,BOM,BLR,2026-09-16,7,"₹7,243"
2026-09-09,BOM,BLR,2026-09-16,7,"₹7,374"
2026-09-09,BOM,BLR,2026-09-16,7,"₹7,374"
2026-09-09,BOM,BLR,2026-09-16,7,"₹7,374"
2026-09-09,BOM,BLR,2026-09-16,7,"₹7,374"
2026-09-09,BOM,BLR,2026-09-16,7,"₹7,505"
2026-09-09,BOM,BLR,2026-09-16,7,"₹7,505"
2026-09-09,BOM,BLR,2026-09-16,7,"₹8,473"
2026-09-09,BOM,BLR,2026-09-16,7,"₹8,473"
2026-09-09,BOM,BLR,2026-09-24,15,"₹7,062"
2026-09-09,BOM,BLR,2026-09-24,15,"₹7,062"
2026-09-09,BOM,BLR,2026-09-24,15,"₹7,062"
2026-09-09,BOM,BLR,2026-09-24,15,"₹7,062"
2026-09-09,BOM,BLR,2026-09-24,15,"₹7,062"
2026-09-09,BOM,BLR,2026-09-24,15,"₹7,062"
2026-09-09,BOM,BLR,2026-09-24,15,"₹6,255"
2026-09-09,BOM,BLR,2026-09-24,15,"₹6,255"
2026-09-09,BOM,BLR,2026-09-24,15,"₹7,243"
2026-09-09,BOM,BLR,2026-09-24,15,"₹7,243"
2026-09-09,BOM,BLR,2026-09-24,15,"₹6,369"
2026-09-09,BOM,BLR,2026-09-24,15,"₹6,369"
2026-09-09,BOM,BLR,2026-09-24,15,"₹7,377"
2026-09-09,BOM,BLR,2026-09-24,15,"₹7,377"
2026-09-09,BOM,BLR,2026-09-24,15,"₹7,427"
2026-09-09,BOM,BLR,2026-09-24,15,"₹7,427"
2026-09-09,BOM,BLR,2026-10-09,30,"₹8,070"
2026-09-09,BOM,BLR,2026-10-09,30,"₹8,070"
2026-09-09,BOM,BLR,2026-10-09,30,"₹8,136"
2026-09-09,BOM,BLR,2026-10-09,30,"₹8,136"
2026-09-09,BOM,BLR,2026-10-09,30,"₹7,243"
2026-09-09,BOM,BLR,2026-10-09,30,"₹7,243"
2026-09-09,BOM,BLR,2026-10-09,30,"₹7,243"
2026-09-09,BOM,BLR,2026-10-09,30,"₹7,243"
2026-09-09,BOM,BLR,2026-10-09,30,"₹7,243"
2026-09-09,BOM,BLR,2026-10-09,30,"₹7,243"
2026-09-09,BOM,BLR,2026-10-09,30,"₹7,243"
2026-09-09,BOM,BLR,2026-10-09,30,"₹7,243"
2026-09-09,BOM,BLR,2026-10-09,30,"₹7,243"
2026-09-09,BOM,BLR,2026-10-09,30,"₹7,243"
2026-09-09,BOM,BLR,2026-10-24,45,"₹7,434"
2026-09-09,BOM,BLR,2026-10-24,45,"₹7,434"
2026-09-09,BOM,BLR,2026-10-24,45,"₹7,505"
2026-09-09,BOM,BLR,2026-10-24,45,"₹7,505"
2026-09-09,BOM,BLR,2026-10-24,45,"₹8,532"
2026-09-09,BOM,BLR,2026-10-24,45,"₹8,532"
2026-09-09,BOM,BLR,2026-10-24,45,"₹8,544"
2026-09-09,BOM,BLR,2026-10-24,45,"₹8,544"
2026-09-09,BOM,BLR,2026-10-24,45,"₹7,584"
2026-09-09,BOM,BLR,2026-10-24,45,"₹7,584"
2026-09-09,BOM,BLR,2026-10-24,45,"₹7,584"
2026-09-09,BOM,BLR,2026-10-24,45,"₹7,584"
2026-09-09,BOM,BLR,2026-10-24,45,"₹7,584"
2026-09-09,BOM,BLR,2026-10-24,45,"₹7,584"
2026-09-09,DEL,HYD,2026-09-10,1,"₹13,001"
2026-09-09,DEL,HYD,2026-09-10,1,"₹13,001"
2026-09-09,DEL,HYD,2026-09-10,1,"₹13,001"
2026-09-09,DEL,HYD,2026-09-10,1,"₹13,001"
2026-09-09,DEL,HYD,2026-09-10,1,"₹13,001"
2026-09-09,DEL,HYD,2026-09-10,1,"₹13,001"
2026-09-09,DEL,HYD,2026-09-10,1,"₹13,022"
2026-09-09,DEL,HYD,2026-09-10,1,"₹13,022"
2026-09-09,DEL,HYD,2026-09-10,1,"₹13,022"
2026-09-09,DEL,HYD,2026-09-10,1,"₹13,022"
2026-09-09,DEL,HYD,2026-09-10,1,"₹13,705"
2026-09-09,DEL,HYD,2026-09-10,1,"₹13,705"
2026-09-09,DEL,HYD,2026-09-16,7,"₹8,615"
2026-09-09,DEL,HYD,2026-09-16,7,"₹8,615"
2026-09-09,DEL,HYD,2026-09-16,7,"₹8,615"
2026-09-09,DEL,HYD,2026-09-16,7,"₹8,615"
2026-09-09,DEL,HYD,2026-09-16,7,"₹8,694"
2026-09-09,DEL,HYD,2026-09-16,7,"₹8,694"
2026-09-09,DEL,HYD,2026-09-16,7,"₹8,694"
2026-09-09,DEL,HYD,2026-09-16,7,"₹8,694"
2026-09-09,DEL,HYD,2026-09-16,7,"₹8,694"
2026-09-09,DEL,HYD,2026-09-16,7,"₹8,694"
2026-09-09,DEL,HYD,2026-09-16,7,"₹9,876"
2026-09-09,DEL,HYD,2026-09-16,7,"₹9,876"
2026-09-09,DEL,HYD,2026-09-16,7,"₹9,876"
2026-09-09,DEL,HYD,2026-09-16,7,"₹9,876"
2026-09-09,DEL,HYD,2026-09-16,7,"₹9,876"
2026-09-09,DEL,HYD,2026-09-16,7,"₹9,876"
2026-09-09,DEL,HYD,2026-09-24,15,"₹8,277"
2026-09-09,DEL,HYD,2026-09-24,15,"₹8,277"
2026-09-09,DEL,HYD,2026-09-24,15,"₹8,409"
2026-09-09,DEL,HYD,2026-09-24,15,"₹8,409"
2026-09-09,DEL,HYD,2026-09-24,15,"₹8,409"
2026-09-09,DEL,HYD,2026-09-24,15,"₹8,409"
2026-09-09,DEL,HYD,2026-09-24,15,"₹9,406"
2026-09-09,DEL,HYD,2026-09-24,15,"₹9,406"
2026-09-09,DEL,HYD,2026-09-24,15,"₹9,406"
2026-09-09,DEL,HYD,2026-09-24,15,"₹9,406"
2026-09-09,DEL,HYD,2026-09-24,15,"₹9,406"
2026-09-09,DEL,HYD,2026-09-24,15,"₹9,406"
2026-09-09,DEL,HYD,2026-09-24,15,"₹9,400"
2026-09-09,DEL,HYD,2026-09-24,15,"₹9,400"
2026-09-09,DEL,HYD,2026-09-24,15,"₹9,400"
2026-09-09,DEL,HYD,2026-09-24,15,"₹9,400"
2026-09-09,DEL,HYD,2026-10-09,30,"₹8,484"
2026-09-09,DEL,HYD,2026-10-09,30,"₹8,484"
2026-09-09,DEL,HYD,2026-10-09,30,"₹8,484"
2026-09-09,DEL,HYD,2026-10-09,30,"₹8,484"
2026-09-09,DEL,HYD,2026-10-09,30,"₹8,615"
2026-09-09,DEL,HYD,2026-10-09,30,"₹8,615"
2026-09-09,DEL,HYD,2026-10-09,30,"₹9,641"
2026-09-09,DEL,HYD,2026-10-09,30,"₹9,641"
2026-09-09,DEL,HYD,2026-10-09,30,"₹9,719"
2026-09-09,DEL,HYD,2026-10-09,30,"₹9,719"
2026-09-09,DEL,HYD,2026-10-09,30,"₹9,720"
2026-09-09,DEL,HYD,2026-10-09,30,"₹9,720"
2026-09-09,DEL,HYD,2026-10-09,30,"₹8,904"
2026-09-09,DEL,HYD,2026-10-09,30,"₹8,904"
2026-09-09,DEL,HYD,2026-10-09,30,"₹8,917"
2026-09-09,DEL,HYD,2026-10-09,30,"₹8,917"
2026-09-09,DEL,HYD,2026-10-24,45,"₹9,304"
2026-09-09,DEL,HYD,2026-10-24,45,"₹9,304"
2026-09-09,DEL,HYD,2026-10-24,45,"₹9,383"
2026-09-09,DEL,HYD,2026-10-24,45,"₹9,383"
2026-09-09,DEL,HYD,2026-10-24,45,"₹10,385"
2026-09-09,DEL,HYD,2026-10-24,45,"₹10,385"
2026-09-09,DEL,HYD,2026-10-24,45,"₹10,453"
2026-09-09,DEL,HYD,2026-10-24,45,"₹10,453"
2026-09-09,DEL,HYD,2026-10-24,45,"₹10,453"
2026-09-09,DEL,HYD,2026-10-24,45,"₹10,453"
2026-09-09,DEL,HYD,2026-10-24,45,"₹10,453"
2026-09-09,DEL,HYD,2026-10-24,45,"₹10,453"
2026-09-09,DEL,HYD,2026-10-24,45,"₹9,514"
2026-09-09,DEL,HYD,2026-10-24,45,"₹9,514"
2026-09-09,DEL,HYD,2026-10-24,45,"₹10,470"
2026-09-09,DEL,HYD,2026-10-24,45,"₹10,470"
2026-09-09,BOM,CCU,2026-09-10,1,"₹8,514"
2026-09-09,BOM,CCU,2026-09-10,1,"₹8,514"
2026-09-09,BOM,CCU,2026-09-10,1,"₹8,514"
2026-09-09,BOM,CCU,2026-09-10,1,"₹8,514"
2026-09-09,BOM,CCU,2026-09-10,1,"₹8,514"
2026-09-09,BOM,CCU,2026-09-10,1,"₹8,514"
2026-09-09,BOM,CCU,2026-09-10,1,"₹8,514"
2026-09-09,BOM,CCU,2026-09-10,1,"₹8,514"
2026-09-09,BOM,CCU,2026-09-10,1,"₹8,514"
2026-09-09,BOM,CCU,2026-09-10,1,"₹8,514"
2026-09-09,BOM,CCU,2026-09-10,1,"₹9,644"
2026-09-09,BOM,CCU,2026-09-10,1,"₹9,644"
2026-09-09,BOM,CCU,2026-09-16,7,"₹11,488"
2026-09-09,BOM,CCU,2026-09-16,7,"₹11,488"
2026-09-09,BOM,CCU,2026-09-16,7,"₹11,679"
2026-09-09,BOM,CCU,2026-09-16,7,"₹11,679"
2026-09-09,BOM,CCU,2026-09-16,7,"₹11,698"
2026-09-09,BOM,CCU,2026-09-16,7,"₹11,698"
2026-09-09,BOM,CCU,2026-09-16,7,"₹11,886"
2026-09-09,BOM,CCU,2026-09-16,7,"₹11,886"
2026-09-09,BOM,CCU,2026-09-16,7,"₹12,058"
2026-09-09,BOM,CCU,2026-09-16,7,"₹12,058"
2026-09-09,BOM,CCU,2026-09-16,7,"₹12,305"
2026-09-09,BOM,CCU,2026-09-16,7,"₹12,305"
2026-09-09,BOM,CCU,2026-09-16,7,"₹12,619"
2026-09-09,BOM,CCU,2026-09-16,7,"₹12,619"
2026-09-09,BOM,CCU,2026-09-16,7,"₹12,922"
2026-09-09,BOM,CCU,2026-09-16,7,"₹12,922"
2026-09-09,BOM,CCU,2026-09-24,15,"₹8,514"
2026-09-09,BOM,CCU,2026-09-24,15,"₹8,514"
2026-09-09,BOM,CCU,2026-09-24,15,"₹8,514"
2026-09-09,BOM,CCU,2026-09-24,15,"₹8,514"
2026-09-09,BOM,CCU,2026-09-24,15,"₹8,514"
2026-09-09,BOM,CCU,2026-09-24,15,"₹8,514"
2026-09-09,BOM,CCU,2026-09-24,15,"₹8,514"
2026-09-09,BOM,CCU,2026-09-24,15,"₹8,514"
2026-09-09,BOM,CCU,2026-09-24,15,"₹8,514"
2026-09-09,BOM,CCU,2026-09-24,15,"₹8,514"
2026-09-09,BOM,CCU,2026-09-24,15,"₹8,514"
2026-09-09,BOM,CCU,2026-09-24,15,"₹8,514"
2026-09-09,BOM,CCU,2026-09-24,15,"₹8,514"
2026-09-09,BOM,CCU,2026-09-24,15,"₹8,514"
2026-09-09,BOM,CCU,2026-09-24,15,"₹8,514"
2026-09-09,BOM,CCU,2026-09-24,15,"₹8,514"
2026-09-09,BOM,CCU,2026-10-09,30,"₹14,729"
2026-09-09,BOM,CCU,2026-10-09,30,"₹14,729"
2026-09-09,BOM,CCU,2026-10-09,30,"₹14,729"
2026-09-09,BOM,CCU,2026-10-09,30,"₹14,729"
2026-09-09,BOM,CCU,2026-10-09,30,"₹15,673"
2026-09-09,BOM,CCU,2026-10-09,30,"₹15,673"
2026-09-09,BOM,CCU,2026-10-09,30,"₹15,686"
2026-09-09,BOM,CCU,2026-10-09,30,"₹15,686"
2026-09-09,BOM,CCU,2026-10-09,30,"₹15,791"
2026-09-09,BOM,CCU,2026-10-09,30,"₹15,791"
2026-09-09,BOM,CCU,2026-10-09,30,"₹15,936"
2026-09-09,BOM,CCU,2026-10-09,30,"₹15,936"
2026-09-09,BOM,CCU,2026-10-09,30,"₹15,936"
2026-09-09,BOM,CCU,2026-10-09,30,"₹15,936"
2026-09-09,BOM,CCU,2026-10-09,30,"₹16,512"
2026-09-09,BOM,CCU,2026-10-09,30,"₹16,512"
2026-09-09,BOM,CCU,2026-10-24,45,"₹17,142"
2026-09-09,BOM,CCU,2026-10-24,45,"₹17,142"
2026-09-09,BOM,CCU,2026-10-24,45,"₹17,187"
2026-09-09,BOM,CCU,2026-10-24,45,"₹17,187"
2026-09-09,BOM,CCU,2026-10-24,45,"₹17,374"
2026-09-09,BOM,CCU,2026-10-24,45,"₹17,374"
2026-09-09,BOM,CCU,2026-10-24,45,"₹17,572"
2026-09-09,BOM,CCU,2026-10-24,45,"₹17,572"
2026-09-09,BOM,CCU,2026-10-24,45,"₹17,874"
2026-09-09,BOM,CCU,2026-10-24,45,"₹17,874"
2026-09-09,BOM,CCU,2026-10-24,45,"₹18,394"
2026-09-09,BOM,CCU,2026-10-24,45,"₹18,394"
2026-09-09,BOM,CCU,2026-10-24,45,"₹19,462"
2026-09-09,BOM,CCU,2026-10-24,45,"₹19,462"
2026-09-10,DEL,BOM,2026-09-11,1,"₹6,300"
2026-09-10,DEL,BOM,2026-09-11,1,"₹6,300"
2026-09-10,DEL,BOM,2026-09-11,1,"₹6,300"
2026-09-10,DEL,BOM,2026-09-11,1,"₹6,300"
2026-09-10,DEL,BOM,2026-09-11,1,"₹7,369"
2026-09-10,DEL,BOM,2026-09-11,1,"₹7,369"
2026-09-10,DEL,BOM,2026-09-11,1,"₹7,369"
2026-09-10,DEL,BOM,2026-09-11,1,"₹7,369"
2026-09-10,DEL,BOM,2026-09-11,1,"₹6,529"
2026-09-10,DEL,BOM,2026-09-11,1,"₹6,529"
2026-09-10,DEL,BOM,2026-09-11,1,"₹6,562"
2026-09-10,DEL,BOM,2026-09-11,1,"₹6,562"
2026-09-10,DEL,BOM,2026-09-11,1,"₹6,675"
2026-09-10,DEL,BOM,2026-09-11,1,"₹6,675"
2026-09-10,DEL,BOM,2026-09-11,1,"₹6,772"
2026-09-10,DEL,BOM,2026-09-11,1,"₹6,772"
2026-09-10,DEL,BOM,2026-09-17,7,"₹6,898"
2026-09-10,DEL,BOM,2026-09-17,7,"₹6,898"
2026-09-10,DEL,BOM,2026-09-17,7,"₹6,949"
2026-09-10,DEL,BOM,2026-09-17,7,"₹6,949"
2026-09-10,DEL,BOM,2026-09-17,7,"₹7,000"
2026-09-10,DEL,BOM,2026-09-17,7,"₹7,000"
2026-09-10,DEL,BOM,2026-09-17,7,"₹7,000"
2026-09-10,DEL,BOM,2026-09-17,7,"₹7,000"
2026-09-10,DEL,BOM,2026-09-17,7,"₹7,000"
2026-09-10,DEL,BOM,2026-09-17,7,"₹7,000"
2026-09-10,DEL,BOM,2026-09-17,7,"₹7,000"
2026-09-10,DEL,BOM,2026-09-17,7,"₹7,000"
2026-09-10,DEL,BOM,2026-09-17,7,"₹7,000"
2026-09-10,DEL,BOM,2026-09-17,7,"₹7,000"
2026-09-10,DEL,BOM,2026-09-25,15,"₹7,000"
2026-09-10,DEL,BOM,2026-09-25,15,"₹7,000"
2026-09-10,DEL,BOM,2026-09-25,15,"₹7,000"
2026-09-10,DEL,BOM,2026-09-25,15,"₹7,000"
2026-09-10,DEL,BOM,2026-09-25,15,"₹7,000"
2026-09-10,DEL,BOM,2026-09-25,15,"₹7,000"
2026-09-10,DEL,BOM,2026-09-25,15,"₹7,000"
2026-09-10,DEL,BOM,2026-09-25,15,"₹7,000"
2026-09-10,DEL,BOM,2026-09-25,15,"₹7,000"
2026-09-10,DEL,BOM,2026-09-25,15,"₹7,000"
2026-09-10,DEL,BOM,2026-09-25,15,"₹7,018"
2026-09-10,DEL,BOM,2026-09-25,15,"₹7,018"
2026-09-10,DEL,BOM,2026-09-25,15,"₹7,018"
2026-09-10,DEL,BOM,2026-09-25,15,"₹7,018"
2026-09-10,DEL,BOM,2026-09-25,15,"₹7,160"
2026-09-10,DEL,BOM,2026-09-25,15,"₹7,160"
2026-09-10,DEL,BOM,2026-10-10,30,"₹6,688"
2026-09-10,DEL,BOM,2026-10-10,30,"₹6,688"
2026-09-10,DEL,BOM,2026-10-10,30,"₹6,739"
2026-09-10,DEL,BOM,2026-10-10,30,"₹6,739"
2026-09-10,DEL,BOM,2026-10-10,30,"₹6,898"
2026-09-10,DEL,BOM,2026-10-10,30,"₹6,898"
2026-09-10,DEL,BOM,2026-10-10,30,"₹7,005"
2026-09-10,DEL,BOM,2026-10-10,30,"₹7,005"
2026-09-10,DEL,BOM,2026-10-10,30,"₹7,000"
2026-09-10,DEL,BOM,2026-10-10,30,"₹7,000"
2026-09-10,DEL,BOM,2026-10-10,30,"₹7,000"
2026-09-10,DEL,BOM,2026-10-10,30,"₹7,000"
2026-09-10,DEL,BOM,2026-10-10,30,"₹7,000"
2026-09-10,DEL,BOM,2026-10-10,30,"₹7,000"
2026-09-10,DEL,BOM,2026-10-25,45,"₹6,790"
2026-09-10,DEL,BOM,2026-10-25,45,"₹6,790"
2026-09-10,DEL,BOM,2026-10-25,45,"₹6,790"
2026-09-10,DEL,BOM,2026-10-25,45,"₹6,790"
2026-09-10,DEL,BOM,2026-10-25,45,"₹6,790"
2026-09-10,DEL,BOM,2026-10-25,45,"₹6,790"
2026-09-10,DEL,BOM,2026-10-25,45,"₹7,469"
2026-09-10,DEL,BOM,2026-10-25,45,"₹7,469"
2026-09-10,DEL,BOM,2026-10-25,45,"₹7,469"
2026-09-10,DEL,BOM,2026-10-25,45,"₹7,469"
2026-09-10,DEL,BOM,2026-10-25,45,"₹7,469"
2026-09-10,DEL,BOM,2026-10-25,45,"₹7,469"
2026-09-10,DEL,BOM,2026-10-25,45,"₹7,469"
2026-09-10,DEL,BOM,2026-10-25,45,"₹7,469"
2026-09-10,DEL,BLR,2026-09-11,1,"₹10,285"
2026-09-10,DEL,BLR,2026-09-11,1,"₹10,285"
2026-09-10,DEL,BLR,2026-09-11,1,"₹9,794"
2026-09-10,DEL,BLR,2026-09-11,1,"₹9,794"
2026-09-10,DEL,BLR,2026-09-11,1,"₹9,794"
2026-09-10,DEL,BLR,2026-09-11,1,"₹9,794"
2026-09-10,DEL,BLR,2026-09-11,1,"₹9,371"
2026-09-10,DEL,BLR,2026-09-11,1,"₹9,371"
2026-09-10,DEL,BLR,2026-09-11,1,"₹10,417"
2026-09-10,DEL,BLR,2026-09-11,1,"₹10,417"
2026-09-10,DEL,BLR,2026-09-11,1,"₹9,581"
2026-09-10,DEL,BLR,2026-09-11,1,"₹9,581"
2026-09-10,DEL,BLR,2026-09-11,1,"₹9,636"
2026-09-10,DEL,BLR,2026-09-11,1,"₹9,636"
2026-09-10,DEL,BLR,2026-09-17,7,"₹9,585"
2026-09-10,DEL,BLR,2026-09-17,7,"₹9,585"
2026-09-10,DEL,BLR,2026-09-17,7,"₹9,756"
2026-09-10,DEL,BLR,2026-09-17,7,"₹9,756"
2026-09-10,DEL,BLR,2026-09-17,7,"₹9,584"
2026-09-10,DEL,BLR,2026-09-17,7,"₹9,584"
2026-09-10,DEL,BLR,2026-09-17,7,"₹9,584"
2026-09-10,DEL,BLR,2026-09-17,7,"₹9,584"
2026-09-10,DEL,BLR,2026-09-17,7,"₹9,584"
2026-09-10,DEL,BLR,2026-09-17,7,"₹9,584"
2026-09-10,DEL,BLR,2026-09-17,7,"₹9,584"
2026-09-10,DEL,BLR,2026-09-17,7,"₹9,584"
2026-09-10,DEL,BLR,2026-09-17,7,"₹10,242"
2026-09-10,DEL,BLR,2026-09-17,7,"₹10,242"
2026-09-10,DEL,BLR,2026-09-25,15,"₹10,242"
2026-09-10,DEL,BLR,2026-09-25,15,"₹10,242"
2026-09-10,DEL,BLR,2026-09-25,15,"₹10,242"
2026-09-10,DEL,BLR,2026-09-25,15,"₹10,242"
2026-09-10,DEL,BLR,2026-09-25,15,"₹10,285"
2026-09-10,DEL,BLR,2026-09-25,15,"₹10,285"
2026-09-10,DEL,BLR,2026-09-25,15,"₹10,285"
2026-09-10,DEL,BLR,2026-09-25,15,"₹10,285"
2026-09-10,DEL,BLR,2026-09-25,15,"₹9,794"
2026-09-10,DEL,BLR,2026-09-25,15,"₹9,794"
2026-09-10,DEL,BLR,2026-09-25,15,"₹9,794"
2026-09-10,DEL,BLR,2026-09-25,15,"₹9,794"
2026-09-10,DEL,BLR,2026-09-25,15,"₹9,411"
2026-09-10,DEL,BLR,2026-09-25,15,"₹9,411"
2026-09-10,DEL,BLR,2026-10-10,30,"₹10,242"
2026-09-10,DEL,BLR,2026-10-10,30,"₹10,242"
2026-09-10,DEL,BLR,2026-10-10,30,"₹9,794"
2026-09-10,DEL,BLR,2026-10-10,30,"₹9,794"
2026-09-10,DEL,BLR,2026-10-10,30,"₹9,794"
2026-09-10,DEL,BLR,2026-10-10,30,"₹9,794"
2026-09-10,DEL,BLR,2026-10-10,30,"₹9,794"
2026-09-10,DEL,BLR,2026-10-10,30,"₹9,794"
2026-09-10,DEL,BLR,2026-10-10,30,"₹10,095"
2026-09-10,DEL,BLR,2026-10-10,30,"₹10,095"
2026-09-10,DEL,BLR,2026-10-10,30,"₹10,832"
2026-09-10,DEL,BLR,2026-10-10,30,"₹10,832"
2026-09-10,DEL,BLR,2026-10-10,30,"₹10,832"
2026-09-10,DEL,BLR,2026-10-10,30,"₹10,832"
2026-09-10,DEL,BLR,2026-10-10,30,"₹9,867"
2026-09-10,DEL,BLR,2026-10-10,30,"₹9,867"
2026-09-10,DEL,BLR,2026-10-25,45,"₹11,127"
2026-09-10,DEL,BLR,2026-10-25,45,"₹11,127"
2026-09-10,DEL,BLR,2026-10-25,45,"₹12,413"
2026-09-10,DEL,BLR,2026-10-25,45,"₹12,413"
2026-09-10,DEL,BLR,2026-10-25,45,"₹12,394"
2026-09-10,DEL,BLR,2026-10-25,45,"₹12,394"
2026-09-10,DEL,BLR,2026-10-25,45,"₹11,696"
2026-09-10,DEL,BLR,2026-10-25,45,"₹11,696"
2026-09-10,DEL,BLR,2026-10-25,45,"₹11,696"
2026-09-10,DEL,BLR,2026-10-25,45,"₹11,696"
2026-09-10,DEL,BLR,2026-10-25,45,"₹11,696"
2026-09-10,DEL,BLR,2026-10-25,45,"₹11,696"
2026-09-10,DEL,BLR,2026-10-25,45,"₹11,775"
2026-09-10,DEL,BLR,2026-10-25,45,"₹11,775"
2026-09-10,BOM,BLR,2026-09-11,1,"₹16,512"
2026-09-10,BOM,BLR,2026-09-11,1,"₹16,512"
2026-09-10,BOM,BLR,2026-09-11,1,"₹17,618"
2026-09-10,BOM,BLR,2026-09-11,1,"₹17,618"
2026-09-10,BOM,BLR,2026-09-11,1,"₹16,855"
2026-09-10,BOM,BLR,2026-09-11,1,"₹16,855"
2026-09-10,BOM,BLR,2026-09-11,1,"₹17,373"
2026-09-10,BOM,BLR,2026-09-11,1,"₹17,373"
2026-09-10,BOM,BLR,2026-09-11,1,"₹17,518"
2026-09-10,BOM,BLR,2026-09-11,1,"₹17,518"
2026-09-10,BOM,BLR,2026-09-11,1,"₹16,741"
2026-09-10,BOM,BLR,2026-09-11,1,"₹16,741"
2026-09-10,BOM,BLR,2026-09-11,1,"₹17,677"
2026-09-10,BOM,BLR,2026-09-11,1,"₹17,677"
2026-09-10,BOM,BLR,2026-09-11,1,"₹17,862"
2026-09-10,BOM,BLR,2026-09-11,1,"₹17,862"
2026-09-10,BOM,BLR,2026-09-17,7,"₹7,243"
2026-09-10,BOM,BLR,2026-09-17,7,"₹7,243"
2026-09-10,BOM,BLR,2026-09-17,7,"₹7,374"
2026-09-10,BOM,BLR,2026-09-17,7,"₹7,374"
2026-09-10,BOM,BLR,2026-09-17,7,"₹7,374"
2026-09-10,BOM,BLR,2026-09-17,7,"₹7,374"
2026-09-10,BOM,BLR,2026-09-17,7,"₹8,470"
2026-09-10,BOM,BLR,2026-09-17,7,"₹8,470"
2026-09-10,BOM,BLR,2026-09-17,7,"₹7,505"
2026-09-10,BOM,BLR,2026-09-17,7,"₹7,505"
2026-09-10,BOM,BLR,2026-09-17,7,"₹7,565"
2026-09-10,BOM,BLR,2026-09-17,7,"₹7,565"
2026-09-10,BOM,BLR,2026-09-17,7,"₹8,532"
2026-09-10,BOM,BLR,2026-09-17,7,"₹8,532"
2026-09-10,BOM,BLR,2026-09-17,7,"₹7,584"
2026-09-10,BOM,BLR,2026-09-17,7,"₹7,584"
2026-09-10,BOM,BLR,2026-09-25,15,"₹8,897"
2026-09-10,BOM,BLR,2026-09-25,15,"₹8,897"
2026-09-10,BOM,BLR,2026-09-25,15,"₹8,915"
2026-09-10,BOM,BLR,2026-09-25,15,"₹8,915"
2026-09-10,BOM,BLR,2026-09-25,15,"₹8,167"
2026-09-10,BOM,BLR,2026-09-25,15,"₹8,167"
2026-09-10,BOM,BLR,2026-09-25,15,"₹8,167"
2026-09-10,BOM,BLR,2026-09-25,15,"₹8,167"
2026-09-10,BOM,BLR,2026-09-25,15,"₹8,167"
2026-09-10,BOM,BLR,2026-09-25,15,"₹8,167"
2026-09-10,BOM,BLR,2026-09-25,15,"₹8,167"
2026-09-10,BOM,BLR,2026-09-25,15,"₹8,167"
2026-09-10,BOM,BLR,2026-09-25,15,"₹10,246"
2026-09-10,BOM,BLR,2026-09-25,15,"₹10,246"
2026-09-10,BOM,BLR,2026-09-25,15,"₹11,260"
2026-09-10,BOM,BLR,2026-09-25,15,"₹11,260"
2026-09-10,BOM,BLR,2026-10-10,30,"₹8,136"
2026-09-10,BOM,BLR,2026-10-10,30,"₹8,136"
2026-09-10,BOM,BLR,2026-10-10,30,"₹8,194"
2026-09-10,BOM,BLR,2026-10-10,30,"₹8,194"
2026-09-10,BOM,BLR,2026-10-10,30,"₹8,194"
2026-09-10,BOM,BLR,2026-10-10,30,"₹8,194"
2026-09-10,BOM,BLR,2026-10-10,30,"₹7,243"
2026-09-10,BOM,BLR,2026-10-10,30,"₹7,243"
2026-09-10,BOM,BLR,2026-10-10,30,"₹7,244"
2026-09-10,BOM,BLR,2026-10-10,30,"₹7,244"
2026-09-10,BOM,BLR,2026-10-10,30,"₹8,332"
2026-09-10,BOM,BLR,2026-10-10,30,"₹8,332"
2026-09-10,BOM,BLR,2026-10-10,30,"₹8,332"
2026-09-10,BOM,BLR,2026-10-10,30,"₹8,332"
2026-09-10,BOM,BLR,2026-10-10,30,"₹7,374"
2026-09-10,BOM,BLR,2026-10-10,30,"₹7,374"
2026-09-10,BOM,BLR,2026-10-25,45,"₹7,505"
2026-09-10,BOM,BLR,2026-10-25,45,"₹7,505"
2026-09-10,BOM,BLR,2026-10-25,45,"₹8,532"
2026-09-10,BOM,BLR,2026-10-25,45,"₹8,532"
2026-09-10,BOM,BLR,2026-10-25,45,"₹8,544"
2026-09-10,BOM,BLR,2026-10-25,45,"₹8,544"
2026-09-10,BOM,BLR,2026-10-25,45,"₹7,584"
2026-09-10,BOM,BLR,2026-10-25,45,"₹7,584"
2026-09-10,BOM,BLR,2026-10-25,45,"₹7,584"
2026-09-10,BOM,BLR,2026-10-25,45,"₹7,584"
2026-09-10,BOM,BLR,2026-10-25,45,"₹7,584"
2026-09-10,BOM,BLR,2026-10-25,45,"₹7,584"
2026-09-10,BOM,BLR,2026-10-25,45,"₹7,584"
2026-09-10,BOM,BLR,2026-10-25,45,"₹7,584"
2026-09-10,DEL,HYD,2026-09-11,1,"₹11,022"
2026-09-10,DEL,HYD,2026-09-11,1,"₹11,022"
2026-09-10,DEL,HYD,2026-09-11,1,"₹13,809"
2026-09-10,DEL,HYD,2026-09-11,1,"₹13,809"
2026-09-10,DEL,HYD,2026-09-11,1,"₹13,810"
2026-09-10,DEL,HYD,2026-09-11,1,"₹13,810"
2026-09-10,DEL,HYD,2026-09-11,1,"₹14,127"
2026-09-10,DEL,HYD,2026-09-11,1,"₹14,127"
2026-09-10,DEL,HYD,2026-09-11,1,"₹15,130"
2026-09-10,DEL,HYD,2026-09-11,1,"₹15,130"
2026-09-10,DEL,HYD,2026-09-11,1,"₹15,374"
2026-09-10,DEL,HYD,2026-09-11,1,"₹15,374"
2026-09-10,DEL,HYD,2026-09-11,1,"₹15,479"
2026-09-10,DEL,HYD,2026-09-11,1,"₹15,479"
2026-09-10,DEL,HYD,2026-09-11,1,"₹17,872"
2026-09-10,DEL,HYD,2026-09-11,1,"₹17,872"
2026-09-10,DEL,HYD,2026-09-17,7,"₹9,035"
2026-09-10,DEL,HYD,2026-09-17,7,"₹9,035"
2026-09-10,DEL,HYD,2026-09-17,7,"₹9,035"
2026-09-10,DEL,HYD,2026-09-17,7,"₹9,035"
2026-09-10,DEL,HYD,2026-09-17,7,"₹9,120"
2026-09-10,DEL,HYD,2026-09-17,7,"₹9,120"
2026-09-10,DEL,HYD,2026-09-17,7,"₹9,304"
2026-09-10,DEL,HYD,2026-09-17,7,"₹9,304"
2026-09-10,DEL,HYD,2026-09-17,7,"₹10,385"
2026-09-10,DEL,HYD,2026-09-17,7,"₹10,385"
2026-09-10,DEL,HYD,2026-09-17,7,"₹10,385"
2026-09-10,DEL,HYD,2026-09-17,7,"₹10,385"
2026-09-10,DEL,HYD,2026-09-17,7,"₹10,451"
2026-09-10,DEL,HYD,2026-09-17,7,"₹10,451"
2026-09-10,DEL,HYD,2026-09-17,7,"₹10,834"
2026-09-10,DEL,HYD,2026-09-17,7,"₹10,834"
2026-09-10,DEL,HYD,2026-09-25,15,"₹9,400"
2026-09-10,DEL,HYD,2026-09-25,15,"₹9,400"
2026-09-10,DEL,HYD,2026-09-25,15,"₹9,400"
2026-09-10,DEL,HYD,2026-09-25,15,"₹9,400"
2026-09-10,DEL,HYD,2026-09-25,15,"₹9,400"
2026-09-10,DEL,HYD,2026-09-25,15,"₹9,400"
2026-09-10,DEL,HYD,2026-09-25,15,"₹8,615"
2026-09-10,DEL,HYD,2026-09-25,15,"₹8,615"
2026-09-10,DEL,HYD,2026-09-25,15,"₹8,694"
2026-09-10,DEL,HYD,2026-09-25,15,"₹8,694"
2026-09-10,DEL,HYD,2026-09-25,15,"₹9,876"
2026-09-10,DEL,HYD,2026-09-25,15,"₹9,876"
2026-09-10,DEL,HYD,2026-09-25,15,"₹9,876"
2026-09-10,DEL,HYD,2026-09-25,15,"₹9,876"
2026-09-10,DEL,HYD,2026-09-25,15,"₹9,912"
2026-09-10,DEL,HYD,2026-09-25,15,"₹9,912"
2026-09-10,DEL,HYD,2026-10-10,30,"₹9,408"
2026-09-10,DEL,HYD,2026-10-10,30,"₹9,408"
2026-09-10,DEL,HYD,2026-10-10,30,"₹9,400"
2026-09-10,DEL,HYD,2026-10-10,30,"₹9,400"
2026-09-10,DEL,HYD,2026-10-10,30,"₹9,400"
2026-09-10,DEL,HYD,2026-10-10,30,"₹9,400"
2026-09-10,DEL,HYD,2026-10-10,30,"₹9,400"
2026-09-10,DEL,HYD,2026-10-10,30,"₹9,400"
2026-09-10,DEL,HYD,2026-10-10,30,"₹9,400"
2026-09-10,DEL,HYD,2026-10-10,30,"₹9,400"
2026-09-10,DEL,HYD,2026-10-10,30,"₹8,484"
2026-09-10,DEL,HYD,2026-10-10,30,"₹8,484"
2026-09-10,DEL,HYD,2026-10-10,30,"₹8,484"
2026-09-10,DEL,HYD,2026-10-10,30,"₹8,484"
2026-09-10,DEL,HYD,2026-10-10,30,"₹8,615"
2026-09-10,DEL,HYD,2026-10-10,30,"₹8,615"
2026-09-10,DEL,HYD,2026-10-25,45,"₹10,350"
2026-09-10,DEL,HYD,2026-10-25,45,"₹10,350"
2026-09-10,DEL,HYD,2026-10-25,45,"₹11,396"
2026-09-10,DEL,HYD,2026-10-25,45,"₹11,396"
2026-09-10,DEL,HYD,2026-10-25,45,"₹11,430"
2026-09-10,DEL,HYD,2026-10-25,45,"₹11,430"
2026-09-10,DEL,HYD,2026-10-25,45,"₹11,495"
2026-09-10,DEL,HYD,2026-10-25,45,"₹11,495"
2026-09-10,DEL,HYD,2026-10-25,45,"₹10,566"
2026-09-10,DEL,HYD,2026-10-25,45,"₹10,566"
2026-09-10,DEL,HYD,2026-10-25,45,"₹11,632"
2026-09-10,DEL,HYD,2026-10-25,45,"₹11,632"
2026-09-10,DEL,HYD,2026-10-25,45,"₹11,632"
2026-09-10,DEL,HYD,2026-10-25,45,"₹11,632"
2026-09-10,DEL,HYD,2026-10-25,45,"₹11,798"
2026-09-10,DEL,HYD,2026-10-25,45,"₹11,798"
2026-09-10,BOM,CCU,2026-09-11,1,"₹17,494"
2026-09-10,BOM,CCU,2026-09-11,1,"₹17,494"
2026-09-10,BOM,CCU,2026-09-11,1,"₹17,494"
2026-09-10,BOM,CCU,2026-09-11,1,"₹17,494"
2026-09-10,BOM,CCU,2026-09-11,1,"₹17,494"
2026-09-10,BOM,CCU,2026-09-11,1,"₹17,494"
2026-09-10,BOM,CCU,2026-09-11,1,"₹17,405"
2026-09-10,BOM,CCU,2026-09-11,1,"₹17,405"
2026-09-10,BOM,CCU,2026-09-11,1,"₹17,596"
2026-09-10,BOM,CCU,2026-09-11,1,"₹17,596"
2026-09-10,BOM,CCU,2026-09-11,1,"₹17,494"
2026-09-10,BOM,CCU,2026-09-11,1,"₹17,494"
2026-09-10,BOM,CCU,2026-09-11,1,"₹17,494"
2026-09-10,BOM,CCU,2026-09-11,1,"₹17,494"
2026-09-10,BOM,CCU,2026-09-11,1,"₹17,494"
2026-09-10,BOM,CCU,2026-09-11,1,"₹17,494"
2026-09-10,BOM,CCU,2026-09-17,7,"₹10,084"
2026-09-10,BOM,CCU,2026-09-17,7,"₹10,084"
2026-09-10,BOM,CCU,2026-09-17,7,"₹10,084"
2026-09-10,BOM,CCU,2026-09-17,7,"₹10,084"
2026-09-10,BOM,CCU,2026-09-17,7,"₹10,084"
2026-09-10,BOM,CCU,2026-09-17,7,"₹10,084"
2026-09-10,BOM,CCU,2026-09-17,7,"₹10,084"
2026-09-10,BOM,CCU,2026-09-17,7,"₹10,084"
2026-09-10,BOM,CCU,2026-09-17,7,"₹10,084"
2026-09-10,BOM,CCU,2026-09-17,7,"₹10,084"
2026-09-10,BOM,CCU,2026-09-17,7,"₹10,084"
2026-09-10,BOM,CCU,2026-09-17,7,"₹10,084"
2026-09-10,BOM,CCU,2026-09-17,7,"₹10,084"
2026-09-10,BOM,CCU,2026-09-17,7,"₹10,084"
2026-09-10,BOM,CCU,2026-09-17,7,"₹10,855"
2026-09-10,BOM,CCU,2026-09-17,7,"₹10,855"
2026-09-10,BOM,CCU,2026-09-25,15,"₹10,717"
2026-09-10,BOM,CCU,2026-09-25,15,"₹10,717"
2026-09-10,BOM,CCU,2026-09-25,15,"₹10,717"
2026-09-10,BOM,CCU,2026-09-25,15,"₹10,717"
2026-09-10,BOM,CCU,2026-09-25,15,"₹10,717"
2026-09-10,BOM,CCU,2026-09-25,15,"₹10,717"
2026-09-10,BOM,CCU,2026-09-25,15,"₹10,717"
2026-09-10,BOM,CCU,2026-09-25,15,"₹10,717"
2026-09-10,BOM,CCU,2026-09-25,15,"₹10,717"
2026-09-10,BOM,CCU,2026-09-25,15,"₹10,717"
2026-09-10,BOM,CCU,2026-09-25,15,"₹11,374"
2026-09-10,BOM,CCU,2026-09-25,15,"₹11,374"
2026-09-10,BOM,CCU,2026-09-25,15,"₹11,505"
2026-09-10,BOM,CCU,2026-09-25,15,"₹11,505"
2026-09-10,BOM,CCU,2026-10-10,30,"₹15,516"
2026-09-10,BOM,CCU,2026-10-10,30,"₹15,516"
2026-09-10,BOM,CCU,2026-10-10,30,"₹15,686"
2026-09-10,BOM,CCU,2026-10-10,30,"₹15,686"
2026-09-10,BOM,CCU,2026-10-10,30,"₹16,723"
2026-09-10,BOM,CCU,2026-10-10,30,"₹16,723"
2026-09-10,BOM,CCU,2026-10-10,30,"₹15,882"
2026-09-10,BOM,CCU,2026-10-10,30,"₹15,882"
2026-09-10,BOM,CCU,2026-10-10,30,"₹16,092"
2026-09-10,BOM,CCU,2026-10-10,30,"₹16,092"
2026-09-10,BOM,CCU,2026-10-10,30,"₹16,158"
2026-09-10,BOM,CCU,2026-10-10,30,"₹16,158"
2026-09-10,BOM,CCU,2026-10-10,30,"₹16,763"
2026-09-10,BOM,CCU,2026-10-10,30,"₹16,763"
2026-09-10,BOM,CCU,2026-10-25,45,"₹17,090"
2026-09-10,BOM,CCU,2026-10-25,45,"₹17,090"
2026-09-10,BOM,CCU,2026-10-25,45,"₹17,765"
2026-09-10,BOM,CCU,2026-10-25,45,"₹17,765"
2026-09-10,BOM,CCU,2026-10-25,45,"₹17,992"
2026-09-10,BOM,CCU,2026-10-25,45,"₹17,992"
2026-09-10,BOM,CCU,2026-10-25,45,"₹18,427"
2026-09-10,BOM,CCU,2026-10-25,45,"₹18,427"
2026-09-10,BOM,CCU,2026-10-25,45,"₹18,444"
2026-09-10,BOM,CCU,2026-10-25,45,"₹18,444"
2026-09-10,BOM,CCU,2026-10-25,45,"₹18,612"
2026-09-10,BOM,CCU,2026-10-25,45,"₹18,612"
2026-09-10,BOM,CCU,2026-10-25,45,"₹18,776"
2026-09-10,BOM,CCU,2026-10-25,45,"₹18,776"
2026-09-10,BOM,CCU,2026-10-25,45,"₹19,353"
2026-09-10,BOM,CCU,2026-10-25,45,"₹19,353"
