collected_on,origin,destination,travel_date,days_ahead,price_raw,base_fare,taxes,currency
2026-09-03,DEL,BOM,2026-09-04,1,67.94,57.58,10.36,USD
2026-09-03,DEL,BOM,2026-09-04,1,69.58,58.97,10.61,USD
2026-09-03,DEL,BOM,2026-09-04,1,69.70,59.07,10.63,USD
2026-09-03,DEL,BOM,2026-09-04,1,76.00,60.00,16,USD
2026-09-03,DEL,BOM,2026-09-04,1,81.20,65.00,16.2,USD
2026-09-03,DEL,BOM,2026-09-04,1,86.50,70.00,16.5,USD
2026-09-03,DEL,BOM,2026-09-04,1,86.50,70.00,16.5,USD
2026-09-03,DEL,BOM,2026-09-04,1,86.50,70.00,16.5,USD
2026-09-03,DEL,BOM,2026-09-04,1,86.50,70.00,16.5,USD
2026-09-03,DEL,BOM,2026-09-04,1,86.50,70.00,16.5,USD
2026-09-03,DEL,BOM,2026-09-04,1,86.50,70.00,16.5,USD
2026-09-03,DEL,BOM,2026-09-04,1,86.50,70.00,16.5,USD
2026-09-03,DEL,BOM,2026-09-04,1,86.50,70.00,16.5,USD
2026-09-03,DEL,BOM,2026-09-04,1,86.50,70.00,16.5,USD
2026-09-03,DEL,BOM,2026-09-04,1,86.50,70.00,16.5,USD
2026-09-03,DEL,BOM,2026-09-04,1,86.50,70.00,16.5,USD
2026-09-03,DEL,BOM,2026-09-04,1,86.50,70.00,16.5,USD
2026-09-03,DEL,BOM,2026-09-04,1,86.50,70.00,16.5,USD
2026-09-03,DEL,BOM,2026-09-04,1,86.50,70.00,16.5,USD
2026-09-03,DEL,BOM,2026-09-04,1,86.50,70.00,16.5,USD
2026-09-03,DEL,BOM,2026-09-10,7,68.73,58.25,10.48,USD
2026-09-03,DEL,BOM,2026-09-10,7,71.35,60.47,10.88,USD
2026-09-03,DEL,BOM,2026-09-10,7,71.48,60.58,10.90,USD
2026-09-03,DEL,BOM,2026-09-10,7,76.00,60.00,16,USD
2026-09-03,DEL,BOM,2026-09-10,7,81.20,65.00,16.2,USD
2026-09-03,DEL,BOM,2026-09-10,7,82.30,66.00,16.3,USD
2026-09-03,DEL,BOM,2026-09-10,7,86.50,70.00,16.5,USD
2026-09-03,DEL,BOM,2026-09-10,7,86.50,70.00,16.5,USD
2026-09-03,DEL,BOM,2026-09-10,7,86.50,70.00,16.5,USD
2026-09-03,DEL,BOM,2026-09-10,7,86.50,70.00,16.5,USD
2026-09-03,DEL,BOM,2026-09-10,7,86.50,70.00,16.5,USD
2026-09-03,DEL,BOM,2026-09-10,7,86.50,70.00,16.5,USD
2026-09-03,DEL,BOM,2026-09-10,7,86.50,70.00,16.5,USD
2026-09-03,DEL,BOM,2026-09-10,7,86.50,70.00,16.5,USD
2026-09-03,DEL,BOM,2026-09-10,7,86.50,70.00,16.5,USD
2026-09-03,DEL,BOM,2026-09-10,7,86.50,70.00,16.5,USD
2026-09-03,DEL,BOM,2026-09-10,7,86.50,70.00,16.5,USD
2026-09-03,DEL,BOM,2026-09-10,7,86.50,70.00,16.5,USD
2026-09-03,DEL,BOM,2026-09-10,7,86.50,70.00,16.5,USD
2026-09-03,DEL,BOM,2026-09-10,7,86.50,70.00,16.5,USD
2026-09-03,DEL,BOM,2026-09-18,15,69.55,58.94,10.61,USD
2026-09-03,DEL,BOM,2026-09-18,15,69.56,58.95,10.61,USD
2026-09-03,DEL,BOM,2026-09-18,15,69.74,59.10,10.64,USD
2026-09-03,DEL,BOM,2026-09-18,15,79.10,63.00,16.1,USD
2026-09-03,DEL,BOM,2026-09-18,15,79.10,63.00,16.1,USD
2026-09-03,DEL,BOM,2026-09-18,15,83.30,67.00,16.3,USD
2026-09-03,DEL,BOM,2026-09-18,15,83.30,67.00,16.3,USD
2026-09-03,DEL,BOM,2026-09-18,15,86.50,70.00,16.5,USD
2026-09-03,DEL,BOM,2026-09-18,15,86.50,70.00,16.5,USD
2026-09-03,DEL,BOM,2026-09-18,15,86.50,70.00,16.5,USD
2026-09-03,DEL,BOM,2026-09-18,15,86.50,70.00,16.5,USD
2026-09-03,DEL,BOM,2026-09-18,15,86.50,70.00,16.5,USD
2026-09-03,DEL,BOM,2026-09-18,15,86.50,70.00,16.5,USD
2026-09-03,DEL,BOM,2026-09-18,15,86.50,70.00,16.5,USD
2026-09-03,DEL,BOM,2026-09-18,15,86.50,70.00,16.5,USD
2026-09-03,DEL,BOM,2026-09-18,15,86.50,70.00,16.5,USD
2026-09-03,DEL,BOM,2026-09-18,15,86.50,70.00,16.5,USD
2026-09-03,DEL,BOM,2026-09-18,15,86.50,70.00,16.5,USD
2026-09-03,DEL,BOM,2026-09-18,15,86.50,70.00,16.5,USD
2026-09-03,DEL,BOM,2026-09-18,15,86.50,70.00,16.5,USD
2026-09-03,DEL,BOM,2026-10-03,30,67.96,57.59,10.37,USD
2026-09-03,DEL,BOM,2026-10-03,30,68.73,58.25,10.48,USD
2026-09-03,DEL,BOM,2026-10-03,30,68.73,58.25,10.48,USD
2026-09-03,DEL,BOM,2026-10-03,30,81.20,65.00,16.2,USD
2026-09-03,DEL,BOM,2026-10-03,30,81.20,65.00,16.2,USD
2026-09-03,DEL,BOM,2026-10-03,30,85.40,69.00,16.4,USD
2026-09-03,DEL,BOM,2026-10-03,30,85.40,69.00,16.4,USD
2026-09-03,DEL,BOM,2026-10-03,30,94.90,78.00,16.9,USD
2026-09-03,DEL,BOM,2026-10-03,30,94.90,78.00,16.9,USD
2026-09-03,DEL,BOM,2026-10-03,30,95.90,79.00,16.9,USD
2026-09-03,DEL,BOM,2026-10-03,30,95.90,79.00,16.9,USD
2026-09-03,DEL,BOM,2026-10-03,30,95.90,79.00,16.9,USD
2026-09-03,DEL,BOM,2026-10-03,30,95.90,79.00,16.9,USD
2026-09-03,DEL,BOM,2026-10-03,30,95.90,79.00,16.9,USD
2026-09-03,DEL,BOM,2026-10-03,30,95.90,79.00,16.9,USD
2026-09-03,DEL,BOM,2026-10-03,30,95.90,79.00,16.9,USD
2026-09-03,DEL,BOM,2026-10-03,30,95.90,79.00,16.9,USD
2026-09-03,DEL,BOM,2026-10-03,30,95.90,79.00,16.9,USD
2026-09-03,DEL,BOM,2026-10-03,30,95.90,79.00,16.9,USD
2026-09-03,DEL,BOM,2026-10-03,30,99.10,82.00,17.1,USD
2026-09-03,DEL,BOM,2026-10-18,45,68.47,58.03,10.44,USD
2026-09-03,DEL,BOM,2026-10-18,45,69.35,58.77,10.58,USD
2026-09-03,DEL,BOM,2026-10-18,45,70.61,59.84,10.77,USD
2026-09-03,DEL,BOM,2026-10-18,45,81.20,65.00,16.2,USD
2026-09-03,DEL,BOM,2026-10-18,45,81.20,65.00,16.2,USD
2026-09-03,DEL,BOM,2026-10-18,45,85.40,69.00,16.4,USD
2026-09-03,DEL,BOM,2026-10-18,45,85.40,69.00,16.4,USD
2026-09-03,DEL,BOM,2026-10-18,45,94.90,78.00,16.9,USD
2026-09-03,DEL,BOM,2026-10-18,45,94.90,78.00,16.9,USD
2026-09-03,DEL,BOM,2026-10-18,45,95.90,79.00,16.9,USD
2026-09-03,DEL,BOM,2026-10-18,45,95.90,79.00,16.9,USD
2026-09-03,DEL,BOM,2026-10-18,45,99.10,82.00,17.1,USD
2026-09-03,DEL,BOM,2026-10-18,45,99.10,82.00,17.1,USD
2026-09-03,DEL,BOM,2026-10-18,45,99.10,82.00,17.1,USD
2026-09-03,DEL,BOM,2026-10-18,45,99.10,82.00,17.1,USD
2026-09-03,DEL,BOM,2026-10-18,45,100.10,83.00,17.1,USD
2026-09-03,DEL,BOM,2026-10-18,45,101.20,84.00,17.2,USD
2026-09-03,DEL,BOM,2026-10-18,45,101.20,84.00,17.2,USD
2026-09-03,DEL,BOM,2026-10-18,45,101.20,84.00,17.2,USD
2026-09-03,DEL,BOM,2026-10-18,45,101.20,84.00,17.2,USD
2026-09-03,DEL,BLR,2026-09-04,1,87.59,74.23,13.36,USD
2026-09-03,DEL,BLR,2026-09-04,1,89.28,75.66,13.62,USD
2026-09-03,DEL,BLR,2026-09-04,1,90.39,76.60,13.79,USD
2026-09-03,DEL,BLR,2026-09-04,1,110.80,87.00,23.8,USD
2026-09-03,DEL,BLR,2026-09-04,1,110.80,87.00,23.8,USD
2026-09-03,DEL,BLR,2026-09-04,1,110.80,87.00,23.8,USD
2026-09-03,DEL,BLR,2026-09-04,1,113.00,94.00,19,USD
2026-09-03,DEL,BLR,2026-09-04,1,113.00,94.00,19,USD
2026-09-03,DEL,BLR,2026-09-04,1,113.00,94.00,19,USD
2026-09-03,DEL,BLR,2026-09-04,1,113.00,94.00,19,USD
2026-09-03,DEL,BLR,2026-09-04,1,113.00,94.00,19,USD
2026-09-03,DEL,BLR,2026-09-04,1,113.00,94.00,19,USD
2026-09-03,DEL,BLR,2026-09-04,1,113.00,94.00,19,USD
2026-09-03,DEL,BLR,2026-09-04,1,116.10,97.00,19.1,USD
2026-09-03,DEL,BLR,2026-09-04,1,116.10,97.00,19.1,USD
2026-09-03,DEL,BLR,2026-09-04,1,117.20,98.00,19.2,USD
2026-09-03,DEL,BLR,2026-09-04,1,118.10,94.00,24.1,USD
2026-09-03,DEL,BLR,2026-09-04,1,119.20,95.00,24.2,USD
2026-09-03,DEL,BLR,2026-09-04,1,119.20,95.00,24.2,USD
2026-09-03,DEL,BLR,2026-09-04,1,119.20,95.00,24.2,USD
2026-09-03,DEL,BLR,2026-09-10,7,87.88,74.47,13.41,USD
2026-09-03,DEL,BLR,2026-09-10,7,88.92,75.36,13.56,USD
2026-09-03,DEL,BLR,2026-09-10,7,90.63,76.81,13.82,USD
2026-09-03,DEL,BLR,2026-09-10,7,110.80,87.00,23.8,USD
2026-09-03,DEL,BLR,2026-09-10,7,110.80,87.00,23.8,USD
2026-09-03,DEL,BLR,2026-09-10,7,110.80,87.00,23.8,USD
2026-09-03,DEL,BLR,2026-09-10,7,111.90,93.00,18.9,USD
2026-09-03,DEL,BLR,2026-09-10,7,113.00,94.00,19,USD
2026-09-03,DEL,BLR,2026-09-10,7,113.00,94.00,19,USD
2026-09-03,DEL,BLR,2026-09-10,7,113.00,94.00,19,USD
2026-09-03,DEL,BLR,2026-09-10,7,113.00,94.00,19,USD
2026-09-03,DEL,BLR,2026-09-10,7,113.00,94.00,19,USD
2026-09-03,DEL,BLR,2026-09-10,7,113.00,94.00,19,USD
2026-09-03,DEL,BLR,2026-09-10,7,116.10,97.00,19.1,USD
2026-09-03,DEL,BLR,2026-09-10,7,116.10,97.00,19.1,USD
2026-09-03,DEL,BLR,2026-09-10,7,116.10,97.00,19.1,USD
2026-09-03,DEL,BLR,2026-09-10,7,118.10,94.00,24.1,USD
2026-09-03,DEL,BLR,2026-09-10,7,119.20,95.00,24.2,USD
2026-09-03,DEL,BLR,2026-09-10,7,119.20,95.00,24.2,USD
2026-09-03,DEL,BLR,2026-09-10,7,119.20,95.00,24.2,USD
2026-09-03,DEL,BLR,2026-09-18,15,88.75,75.21,13.54,USD
2026-09-03,DEL,BLR,2026-09-18,15,91.46,77.51,13.95,USD
2026-09-03,DEL,BLR,2026-09-18,15,92.32,78.24,14.08,USD
2026-09-03,DEL,BLR,2026-09-18,15,110.80,87.00,23.8,USD
2026-09-03,DEL,BLR,2026-09-18,15,110.80,87.00,23.8,USD
2026-09-03,DEL,BLR,2026-09-18,15,110.80,87.00,23.8,USD
2026-09-03,DEL,BLR,2026-09-18,15,111.90,93.00,18.9,USD
2026-09-03,DEL,BLR,2026-09-18,15,113.00,94.00,19,USD
2026-09-03,DEL,BLR,2026-09-18,15,113.00,94.00,19,USD
2026-09-03,DEL,BLR,2026-09-18,15,113.00,94.00,19,USD
2026-09-03,DEL,BLR,2026-09-18,15,113.00,94.00,19,USD
2026-09-03,DEL,BLR,2026-09-18,15,113.00,94.00,19,USD
2026-09-03,DEL,BLR,2026-09-18,15,113.00,94.00,19,USD
2026-09-03,DEL,BLR,2026-09-18,15,116.10,97.00,19.1,USD
2026-09-03,DEL,BLR,2026-09-18,15,116.10,97.00,19.1,USD
2026-09-03,DEL,BLR,2026-09-18,15,116.10,97.00,19.1,USD
2026-09-03,DEL,BLR,2026-09-18,15,119.20,95.00,24.2,USD
2026-09-03,DEL,BLR,2026-09-18,15,119.20,95.00,24.2,USD
2026-09-03,DEL,BLR,2026-09-18,15,119.20,95.00,24.2,USD
2026-09-03,DEL,BLR,2026-09-18,15,119.30,100.00,19.3,USD
2026-09-03,DEL,BLR,2026-10-03,30,88.15,74.70,13.45,USD
2026-09-03,DEL,BLR,2026-10-03,30,90.14,76.39,13.75,USD
2026-09-03,DEL,BLR,2026-10-03,30,92.60,78.47,14.13,USD
2026-09-03,DEL,BLR,2026-10-03,30,110.80,87.00,23.8,USD
2026-09-03,DEL,BLR,2026-10-03,30,113.00,94.00,19,USD
2026-09-03,DEL,BLR,2026-10-03,30,113.00,94.00,19,USD
2026-09-03,DEL,BLR,2026-10-03,30,113.00,94.00,19,USD
2026-09-03,DEL,BLR,2026-10-03,30,113.00,94.00,19,USD
2026-09-03,DEL,BLR,2026-10-03,30,113.00,94.00,19,USD
2026-09-03,DEL,BLR,2026-10-03,30,115.10,96.00,19.1,USD
2026-09-03,DEL,BLR,2026-10-03,30,116.00,92.00,24,USD
2026-09-03,DEL,BLR,2026-10-03,30,119.20,95.00,24.2,USD
2026-09-03,DEL,BLR,2026-10-03,30,119.30,100.00,19.3,USD
2026-09-03,DEL,BLR,2026-10-03,30,119.30,100.00,19.3,USD
2026-09-03,DEL,BLR,2026-10-03,30,119.30,100.00,19.3,USD
2026-09-03,DEL,BLR,2026-10-03,30,119.30,100.00,19.3,USD
2026-09-03,DEL,BLR,2026-10-03,30,119.30,100.00,19.3,USD
2026-09-03,DEL,BLR,2026-10-03,30,119.30,100.00,19.3,USD
2026-09-03,DEL,BLR,2026-10-03,30,119.30,100.00,19.3,USD
2026-09-03,DEL,BLR,2026-10-03,30,119.30,100.00,19.3,USD
2026-09-03,DEL,BLR,2026-10-18,45,86.99,73.72,13.27,USD
2026-09-03,DEL,BLR,2026-10-18,45,87.62,74.25,13.37,USD
2026-09-03,DEL,BLR,2026-10-18,45,87.73,74.35,13.38,USD
2026-09-03,DEL,BLR,2026-10-18,45,110.80,87.00,23.8,USD
2026-09-03,DEL,BLR,2026-10-18,45,113.00,94.00,19,USD
2026-09-03,DEL,BLR,2026-10-18,45,113.00,94.00,19,USD
2026-09-03,DEL,BLR,2026-10-18,45,113.00,94.00,19,USD
2026-09-03,DEL,BLR,2026-10-18,45,116.00,92.00,24,USD
2026-09-03,DEL,BLR,2026-10-18,45,117.10,93.00,24.1,USD
2026-09-03,DEL,BLR,2026-10-18,45,118.20,99.00,19.2,USD
2026-09-03,DEL,BLR,2026-10-18,45,118.20,99.00,19.2,USD
2026-09-03,DEL,BLR,2026-10-18,45,118.20,99.00,19.2,USD
2026-09-03,DEL,BLR,2026-10-18,45,119.20,95.00,24.2,USD
2026-09-03,DEL,BLR,2026-10-18,45,119.30,100.00,19.3,USD
2026-09-03,DEL,BLR,2026-10-18,45,119.30,100.00,19.3,USD
2026-09-03,DEL,BLR,2026-10-18,45,119.30,100.00,19.3,USD
2026-09-03,DEL,BLR,2026-10-18,45,120.30,101.00,19.3,USD
2026-09-03,DEL,BLR,2026-10-18,45,120.30,101.00,19.3,USD
2026-09-03,DEL,BLR,2026-10-18,45,124.50,105.00,19.5,USD
2026-09-03,DEL,BLR,2026-10-18,45,124.50,105.00,19.5,USD
2026-09-03,BOM,BLR,2026-09-04,1,59.13,50.11,9.02,USD
2026-09-03,BOM,BLR,2026-09-04,1,60.10,50.93,9.17,USD
2026-09-03,BOM,BLR,2026-09-04,1,83.20,65.00,18.2,USD
2026-09-03,BOM,BLR,2026-09-04,1,83.20,65.00,18.2,USD
2026-09-03,BOM,BLR,2026-09-04,1,87.70,73.00,14.7,USD
2026-09-03,BOM,BLR,2026-09-04,1,87.70,73.00,14.7,USD
2026-09-03,BOM,BLR,2026-09-04,1,92.70,74.00,18.7,USD
2026-09-03,BOM,BLR,2026-09-04,1,92.70,74.00,18.7,USD
2026-09-03,BOM,BLR,2026-09-04,1,92.90,78.00,14.9,USD
2026-09-03,BOM,BLR,2026-09-04,1,94.00,79.00,15,USD
2026-09-03,BOM,BLR,2026-09-04,1,94.00,79.00,15,USD
2026-09-03,BOM,BLR,2026-09-04,1,95.00,80.00,15,USD
2026-09-03,BOM,BLR,2026-09-04,1,96.10,81.00,15.1,USD
2026-09-03,BOM,BLR,2026-09-04,1,98.20,83.00,15.2,USD
2026-09-03,BOM,BLR,2026-09-04,1,100.30,85.00,15.3,USD
2026-09-03,BOM,BLR,2026-09-04,1,101.30,86.00,15.3,USD
2026-09-03,BOM,BLR,2026-09-04,1,101.30,86.00,15.3,USD
2026-09-03,BOM,BLR,2026-09-04,1,102.40,87.00,15.4,USD
2026-09-03,BOM,BLR,2026-09-04,1,104.30,84.00,20.3,USD
2026-09-03,BOM,BLR,2026-09-04,1,104.50,89.00,15.5,USD
2026-09-03,BOM,BLR,2026-09-10,7,57.88,49.05,8.83,USD
2026-09-03,BOM,BLR,2026-09-10,7,57.96,49.12,8.84,USD
2026-09-03,BOM,BLR,2026-09-10,7,78.00,60.00,18,USD
2026-09-03,BOM,BLR,2026-09-10,7,78.00,60.00,18,USD
2026-09-03,BOM,BLR,2026-09-10,7,83.20,65.00,18.2,USD
2026-09-03,BOM,BLR,2026-09-10,7,83.20,65.00,18.2,USD
2026-09-03,BOM,BLR,2026-09-10,7,87.70,73.00,14.7,USD
2026-09-03,BOM,BLR,2026-09-10,7,87.70,73.00,14.7,USD
2026-09-03,BOM,BLR,2026-09-10,7,87.70,73.00,14.7,USD
2026-09-03,BOM,BLR,2026-09-10,7,87.70,73.00,14.7,USD
2026-09-03,BOM,BLR,2026-09-10,7,90.80,76.00,14.8,USD
2026-09-03,BOM,BLR,2026-09-10,7,90.80,76.00,14.8,USD
2026-09-03,BOM,BLR,2026-09-10,7,91.60,73.00,18.6,USD
2026-09-03,BOM,BLR,2026-09-10,7,91.60,73.00,18.6,USD
2026-09-03,BOM,BLR,2026-09-10,7,92.90,78.00,14.9,USD
2026-09-03,BOM,BLR,2026-09-10,7,94.00,79.00,15,USD
2026-09-03,BOM,BLR,2026-09-10,7,94.00,79.00,15,USD
2026-09-03,BOM,BLR,2026-09-10,7,94.00,79.00,15,USD
2026-09-03,BOM,BLR,2026-09-10,7,94.00,79.00,15,USD
2026-09-03,BOM,BLR,2026-09-10,7,97.10,82.00,15.1,USD
2026-09-03,BOM,BLR,2026-09-18,15,58.99,49.99,9.00,USD
2026-09-03,BOM,BLR,2026-09-18,15,59.27,50.23,9.04,USD
2026-09-03,BOM,BLR,2026-09-18,15,78.00,60.00,18,USD
2026-09-03,BOM,BLR,2026-09-18,15,78.00,60.00,18,USD
2026-09-03,BOM,BLR,2026-09-18,15,83.20,65.00,18.2,USD
2026-09-03,BOM,BLR,2026-09-18,15,83.20,65.00,18.2,USD
2026-09-03,BOM,BLR,2026-09-18,15,87.70,73.00,14.7,USD
2026-09-03,BOM,BLR,2026-09-18,15,87.70,73.00,14.7,USD
2026-09-03,BOM,BLR,2026-09-18,15,87.70,73.00,14.7,USD
2026-09-03,BOM,BLR,2026-09-18,15,90.80,76.00,14.8,USD
2026-09-03,BOM,BLR,2026-09-18,15,91.60,73.00,18.6,USD
2026-09-03,BOM,BLR,2026-09-18,15,91.60,73.00,18.6,USD
2026-09-03,BOM,BLR,2026-09-18,15,91.90,77.00,14.9,USD
2026-09-03,BOM,BLR,2026-09-18,15,94.00,79.00,15,USD
2026-09-03,BOM,BLR,2026-09-18,15,94.00,79.00,15,USD
2026-09-03,BOM,BLR,2026-09-18,15,94.00,79.00,15,USD
2026-09-03,BOM,BLR,2026-09-18,15,96.10,81.00,15.1,USD
2026-09-03,BOM,BLR,2026-09-18,15,97.10,82.00,15.1,USD
2026-09-03,BOM,BLR,2026-09-18,15,97.10,82.00,15.1,USD
2026-09-03,BOM,BLR,2026-09-18,15,100.30,85.00,15.3,USD
2026-09-03,BOM,BLR,2026-10-03,30,58.67,49.72,8.95,USD
2026-09-03,BOM,BLR,2026-10-03,30,60.35,51.14,9.21,USD
2026-09-03,BOM,BLR,2026-10-03,30,89.80,75.00,14.8,USD
2026-09-03,BOM,BLR,2026-10-03,30,92.70,74.00,18.7,USD
2026-09-03,BOM,BLR,2026-10-03,30,92.70,74.00,18.7,USD
2026-09-03,BOM,BLR,2026-10-03,30,92.90,78.00,14.9,USD
2026-09-03,BOM,BLR,2026-10-03,30,95.00,80.00,15,USD
2026-09-03,BOM,BLR,2026-10-03,30,95.00,80.00,15,USD
2026-09-03,BOM,BLR,2026-10-03,30,97.10,82.00,15.1,USD
2026-09-03,BOM,BLR,2026-10-03,30,98.20,83.00,15.2,USD
2026-09-03,BOM,BLR,2026-10-03,30,100.30,85.00,15.3,USD
2026-09-03,BOM,BLR,2026-10-03,30,100.30,85.00,15.3,USD
2026-09-03,BOM,BLR,2026-10-03,30,101.10,82.00,19.1,USD
2026-09-03,BOM,BLR,2026-10-03,30,101.10,82.00,19.1,USD
2026-09-03,BOM,BLR,2026-10-03,30,101.30,86.00,15.3,USD
2026-09-03,BOM,BLR,2026-10-03,30,103.40,88.00,15.4,USD
2026-09-03,BOM,BLR,2026-10-03,30,105.50,90.00,15.5,USD
2026-09-03,BOM,BLR,2026-10-03,30,105.50,90.00,15.5,USD
2026-09-03,BOM,BLR,2026-10-03,30,105.50,90.00,15.5,USD
2026-09-03,BOM,BLR,2026-10-03,30,105.50,90.00,15.5,USD
2026-09-03,BOM,BLR,2026-10-18,45,58.47,49.55,8.92,USD
2026-09-03,BOM,BLR,2026-10-18,45,58.98,49.98,9.00,USD
2026-09-03,BOM,BLR,2026-10-18,45,92.70,74.00,18.7,USD
2026-09-03,BOM,BLR,2026-10-18,45,92.70,74.00,18.7,USD
2026-09-03,BOM,BLR,2026-10-18,45,92.90,78.00,14.9,USD
2026-09-03,BOM,BLR,2026-10-18,45,97.10,82.00,15.1,USD
2026-09-03,BOM,BLR,2026-10-18,45,97.10,82.00,15.1,USD
2026-09-03,BOM,BLR,2026-10-18,45,97.10,82.00,15.1,USD
2026-09-03,BOM,BLR,2026-10-18,45,98.20,83.00,15.2,USD
2026-09-03,BOM,BLR,2026-10-18,45,100.30,85.00,15.3,USD
2026-09-03,BOM,BLR,2026-10-18,45,101.10,82.00,19.1,USD
2026-09-03,BOM,BLR,2026-10-18,45,101.10,82.00,19.1,USD
2026-09-03,BOM,BLR,2026-10-18,45,103.40,88.00,15.4,USD
2026-09-03,BOM,BLR,2026-10-18,45,103.40,88.00,15.4,USD
2026-09-03,BOM,BLR,2026-10-18,45,103.40,88.00,15.4,USD
2026-09-03,BOM,BLR,2026-10-18,45,105.50,90.00,15.5,USD
2026-09-03,BOM,BLR,2026-10-18,45,106.60,91.00,15.6,USD
2026-09-03,BOM,BLR,2026-10-18,45,108.70,93.00,15.7,USD
2026-09-03,BOM,BLR,2026-10-18,45,108.70,93.00,15.7,USD
2026-09-03,BOM,BLR,2026-10-18,45,108.70,93.00,15.7,USD
2026-09-03,DEL,HYD,2026-09-04,1,76.02,64.42,11.60,USD
2026-09-03,DEL,HYD,2026-09-04,1,76.24,64.61,11.63,USD
2026-09-03,DEL,HYD,2026-09-04,1,76.42,64.76,11.66,USD
2026-09-03,DEL,HYD,2026-09-04,1,84.50,69.00,15.5,USD
2026-09-03,DEL,HYD,2026-09-04,1,84.50,69.00,15.5,USD
2026-09-03,DEL,HYD,2026-09-04,1,84.50,69.00,15.5,USD
2026-09-03,DEL,HYD,2026-09-04,1,84.50,69.00,15.5,USD
2026-09-03,DEL,HYD,2026-09-04,1,84.50,69.00,15.5,USD
2026-09-03,DEL,HYD,2026-09-04,1,84.50,69.00,15.5,USD
2026-09-03,DEL,HYD,2026-09-04,1,84.50,69.00,15.5,USD
2026-09-03,DEL,HYD,2026-09-04,1,84.50,69.00,15.5,USD
2026-09-03,DEL,HYD,2026-09-04,1,84.50,69.00,15.5,USD
2026-09-03,DEL,HYD,2026-09-04,1,84.50,69.00,15.5,USD
2026-09-03,DEL,HYD,2026-09-04,1,84.50,69.00,15.5,USD
2026-09-03,DEL,HYD,2026-09-04,1,84.50,69.00,15.5,USD
2026-09-03,DEL,HYD,2026-09-04,1,90.80,75.00,15.8,USD
2026-09-03,DEL,HYD,2026-09-04,1,90.80,75.00,15.8,USD
2026-09-03,DEL,HYD,2026-09-04,1,90.80,75.00,15.8,USD
2026-09-03,DEL,HYD,2026-09-04,1,90.80,75.00,15.8,USD
2026-09-03,DEL,HYD,2026-09-04,1,90.80,75.00,15.8,USD
2026-09-03,DEL,HYD,2026-09-10,7,72.28,61.25,11.03,USD
2026-09-03,DEL,HYD,2026-09-10,7,74.78,63.37,11.41,USD
2026-09-03,DEL,HYD,2026-09-10,7,75.16,63.69,11.47,USD
2026-09-03,DEL,HYD,2026-09-10,7,84.50,69.00,15.5,USD
2026-09-03,DEL,HYD,2026-09-10,7,84.50,69.00,15.5,USD
2026-09-03,DEL,HYD,2026-09-10,7,84.50,69.00,15.5,USD
2026-09-03,DEL,HYD,2026-09-10,7,84.50,69.00,15.5,USD
2026-09-03,DEL,HYD,2026-09-10,7,84.50,69.00,15.5,USD
2026-09-03,DEL,HYD,2026-09-10,7,84.50,69.00,15.5,USD
2026-09-03,DEL,HYD,2026-09-10,7,84.50,69.00,15.5,USD
2026-09-03,DEL,HYD,2026-09-10,7,84.50,69.00,15.5,USD
2026-09-03,DEL,HYD,2026-09-10,7,84.50,69.00,15.5,USD
2026-09-03,DEL,HYD,2026-09-10,7,84.50,69.00,15.5,USD
2026-09-03,DEL,HYD,2026-09-10,7,84.50,69.00,15.5,USD
2026-09-03,DEL,HYD,2026-09-10,7,84.50,69.00,15.5,USD
2026-09-03,DEL,HYD,2026-09-10,7,90.80,75.00,15.8,USD
2026-09-03,DEL,HYD,2026-09-10,7,90.80,75.00,15.8,USD
2026-09-03,DEL,HYD,2026-09-10,7,90.80,75.00,15.8,USD
2026-09-03,DEL,HYD,2026-09-10,7,90.80,75.00,15.8,USD
2026-09-03,DEL,HYD,2026-09-10,7,90.80,75.00,15.8,USD
2026-09-03,DEL,HYD,2026-09-18,15,75.08,63.63,11.45,USD
2026-09-03,DEL,HYD,2026-09-18,15,75.94,64.36,11.58,USD
2026-09-03,DEL,HYD,2026-09-18,15,76.17,64.55,11.62,USD
2026-09-03,DEL,HYD,2026-09-18,15,84.50,69.00,15.5,USD
2026-09-03,DEL,HYD,2026-09-18,15,84.50,69.00,15.5,USD
2026-09-03,DEL,HYD,2026-09-18,15,84.50,69.00,15.5,USD
2026-09-03,DEL,HYD,2026-09-18,15,84.50,69.00,15.5,USD
2026-09-03,DEL,HYD,2026-09-18,15,84.50,69.00,15.5,USD
2026-09-03,DEL,HYD,2026-09-18,15,84.50,69.00,15.5,USD
2026-09-03,DEL,HYD,2026-09-18,15,84.50,69.00,15.5,USD
2026-09-03,DEL,HYD,2026-09-18,15,84.50,69.00,15.5,USD
2026-09-03,DEL,HYD,2026-09-18,15,84.50,69.00,15.5,USD
2026-09-03,DEL,HYD,2026-09-18,15,84.50,69.00,15.5,USD
2026-09-03,DEL,HYD,2026-09-18,15,89.80,74.00,15.8,USD
2026-09-03,DEL,HYD,2026-09-18,15,90.80,75.00,15.8,USD
2026-09-03,DEL,HYD,2026-09-18,15,90.80,75.00,15.8,USD
2026-09-03,DEL,HYD,2026-09-18,15,90.80,75.00,15.8,USD
2026-09-03,DEL,HYD,2026-09-18,15,90.80,75.00,15.8,USD
2026-09-03,DEL,HYD,2026-09-18,15,90.80,75.00,15.8,USD
2026-09-03,DEL,HYD,2026-09-18,15,90.80,75.00,15.8,USD
2026-09-03,DEL,HYD,2026-10-03,30,74.77,63.36,11.41,USD
2026-09-03,DEL,HYD,2026-10-03,30,75.63,64.09,11.54,USD
2026-09-03,DEL,HYD,2026-10-03,30,75.83,64.26,11.57,USD
2026-09-03,DEL,HYD,2026-10-03,30,101.30,85.00,16.3,USD
2026-09-03,DEL,HYD,2026-10-03,30,101.30,85.00,16.3,USD
2026-09-03,DEL,HYD,2026-10-03,30,101.30,85.00,16.3,USD
2026-09-03,DEL,HYD,2026-10-03,30,101.30,85.00,16.3,USD
2026-09-03,DEL,HYD,2026-10-03,30,101.30,85.00,16.3,USD
2026-09-03,DEL,HYD,2026-10-03,30,101.30,85.00,16.3,USD
2026-09-03,DEL,HYD,2026-10-03,30,101.30,85.00,16.3,USD
2026-09-03,DEL,HYD,2026-10-03,30,101.30,85.00,16.3,USD
2026-09-03,DEL,HYD,2026-10-03,30,102.40,86.00,16.4,USD
2026-09-03,DEL,HYD,2026-10-03,30,103.40,87.00,16.4,USD
2026-09-03,DEL,HYD,2026-10-03,30,104.50,88.00,16.5,USD
2026-09-03,DEL,HYD,2026-10-03,30,106.60,90.00,16.6,USD
2026-09-03,DEL,HYD,2026-10-03,30,106.60,90.00,16.6,USD
2026-09-03,DEL,HYD,2026-10-03,30,106.60,90.00,16.6,USD
2026-09-03,DEL,HYD,2026-10-03,30,106.60,90.00,16.6,USD
2026-09-03,DEL,HYD,2026-10-03,30,106.60,90.00,16.6,USD
2026-09-03,DEL,HYD,2026-10-03,30,106.60,90.00,16.6,USD
2026-09-03,DEL,HYD,2026-10-18,45,72.34,61.31,11.03,USD
2026-09-03,DEL,HYD,2026-10-18,45,75.26,63.78,11.48,USD
2026-09-03,DEL,HYD,2026-10-18,45,75.40,63.90,11.50,USD
2026-09-03,DEL,HYD,2026-10-18,45,101.30,85.00,16.3,USD
2026-09-03,DEL,HYD,2026-10-18,45,101.30,85.00,16.3,USD
2026-09-03,DEL,HYD,2026-10-18,45,101.30,85.00,16.3,USD
2026-09-03,DEL,HYD,2026-10-18,45,101.30,85.00,16.3,USD
2026-09-03,DEL,HYD,2026-10-18,45,102.40,86.00,16.4,USD
2026-09-03,DEL,HYD,2026-10-18,45,103.40,87.00,16.4,USD
2026-09-03,DEL,HYD,2026-10-18,45,105.50,89.00,16.5,USD
2026-09-03,DEL,HYD,2026-10-18,45,106.60,90.00,16.6,USD
2026-09-03,DEL,HYD,2026-10-18,45,106.60,90.00,16.6,USD
2026-09-03,DEL,HYD,2026-10-18,45,106.60,90.00,16.6,USD
2026-09-03,DEL,HYD,2026-10-18,45,106.60,90.00,16.6,USD
2026-09-03,DEL,HYD,2026-10-18,45,106.60,90.00,16.6,USD
2026-09-03,DEL,HYD,2026-10-18,45,108.70,92.00,16.7,USD
2026-09-03,DEL,HYD,2026-10-18,45,109.70,93.00,16.7,USD
2026-09-03,DEL,HYD,2026-10-18,45,109.70,93.00,16.7,USD
2026-09-03,DEL,HYD,2026-10-18,45,109.70,93.00,16.7,USD
2026-09-03,DEL,HYD,2026-10-18,45,109.70,93.00,16.7,USD
2026-09-03,BOM,CCU,2026-09-04,1,90.29,76.52,13.77,USD
2026-09-03,BOM,CCU,2026-09-04,1,96.80,78.00,18.8,USD
2026-09-03,BOM,CCU,2026-09-04,1,96.80,78.00,18.8,USD
2026-09-03,BOM,CCU,2026-09-04,1,96.80,78.00,18.8,USD
2026-09-03,BOM,CCU,2026-09-04,1,96.80,78.00,18.8,USD
2026-09-03,BOM,CCU,2026-09-04,1,102.00,83.00,19,USD
2026-09-03,BOM,CCU,2026-09-04,1,102.00,83.00,19,USD
2026-09-03,BOM,CCU,2026-09-04,1,102.00,83.00,19,USD
2026-09-03,BOM,CCU,2026-09-04,1,102.00,83.00,19,USD
2026-09-03,BOM,CCU,2026-09-04,1,103.90,80.00,23.9,USD
2026-09-03,BOM,CCU,2026-09-04,1,108.10,84.00,24.1,USD
2026-09-03,BOM,CCU,2026-09-04,1,113.60,94.00,19.6,USD
2026-09-03,BOM,CCU,2026-09-04,1,113.60,94.00,19.6,USD
2026-09-03,BOM,CCU,2026-09-04,1,113.60,94.00,19.6,USD
2026-09-03,BOM,CCU,2026-09-04,1,113.60,94.00,19.6,USD
2026-09-03,BOM,CCU,2026-09-04,1,117.60,93.00,24.6,USD
2026-09-03,BOM,CCU,2026-09-04,1,144.60,118.00,26.6,USD
2026-09-03,BOM,CCU,2026-09-04,1,144.60,118.00,26.6,USD
2026-09-03,BOM,CCU,2026-09-04,1,145.60,119.00,26.6,USD
2026-09-03,BOM,CCU,2026-09-04,1,151.40,124.00,27.4,USD
2026-09-03,BOM,CCU,2026-09-10,7,86.08,72.95,13.13,USD
2026-09-03,BOM,CCU,2026-09-10,7,96.60,73.00,23.6,USD
2026-09-03,BOM,CCU,2026-09-10,7,96.80,78.00,18.8,USD
2026-09-03,BOM,CCU,2026-09-10,7,96.80,78.00,18.8,USD
2026-09-03,BOM,CCU,2026-09-10,7,96.80,78.00,18.8,USD
2026-09-03,BOM,CCU,2026-09-10,7,96.80,78.00,18.8,USD
2026-09-03,BOM,CCU,2026-09-10,7,100.80,77.00,23.8,USD
2026-09-03,BOM,CCU,2026-09-10,7,102.00,83.00,19,USD
2026-09-03,BOM,CCU,2026-09-10,7,102.00,83.00,19,USD
2026-09-03,BOM,CCU,2026-09-10,7,102.00,83.00,19,USD
2026-09-03,BOM,CCU,2026-09-10,7,102.00,83.00,19,USD
2026-09-03,BOM,CCU,2026-09-10,7,110.20,86.00,24.2,USD
2026-09-03,BOM,CCU,2026-09-10,7,113.60,94.00,19.6,USD
2026-09-03,BOM,CCU,2026-09-10,7,113.60,94.00,19.6,USD
2026-09-03,BOM,CCU,2026-09-10,7,113.60,94.00,19.6,USD
2026-09-03,BOM,CCU,2026-09-10,7,113.60,94.00,19.6,USD
2026-09-03,BOM,CCU,2026-09-10,7,144.60,118.00,26.6,USD
2026-09-03,BOM,CCU,2026-09-10,7,145.60,119.00,26.6,USD
2026-09-03,BOM,CCU,2026-09-10,7,146.70,120.00,26.7,USD
2026-09-03,BOM,CCU,2026-09-10,7,151.40,124.00,27.4,USD
2026-09-03,BOM,CCU,2026-09-18,15,87.60,74.24,13.36,USD
2026-09-03,BOM,CCU,2026-09-18,15,96.60,73.00,23.6,USD
2026-09-03,BOM,CCU,2026-09-18,15,96.80,78.00,18.8,USD
2026-09-03,BOM,CCU,2026-09-18,15,96.80,78.00,18.8,USD
2026-09-03,BOM,CCU,2026-09-18,15,96.80,78.00,18.8,USD
2026-09-03,BOM,CCU,2026-09-18,15,96.80,78.00,18.8,USD
2026-09-03,BOM,CCU,2026-09-18,15,100.80,77.00,23.8,USD
2026-09-03,BOM,CCU,2026-09-18,15,102.00,83.00,19,USD
2026-09-03,BOM,CCU,2026-09-18,15,102.00,83.00,19,USD
2026-09-03,BOM,CCU,2026-09-18,15,102.00,83.00,19,USD
2026-09-03,BOM,CCU,2026-09-18,15,102.00,83.00,19,USD
2026-09-03,BOM,CCU,2026-09-18,15,110.20,86.00,24.2,USD
2026-09-03,BOM,CCU,2026-09-18,15,113.60,94.00,19.6,USD
2026-09-03,BOM,CCU,2026-09-18,15,113.60,94.00,19.6,USD
2026-09-03,BOM,CCU,2026-09-18,15,113.60,94.00,19.6,USD
2026-09-03,BOM,CCU,2026-09-18,15,113.60,94.00,19.6,USD
2026-09-03,BOM,CCU,2026-09-18,15,144.60,118.00,26.6,USD
2026-09-03,BOM,CCU,2026-09-18,15,145.60,119.00,26.6,USD
2026-09-03,BOM,CCU,2026-09-18,15,148.80,122.00,26.8,USD
2026-09-03,BOM,CCU,2026-09-18,15,151.40,124.00,27.4,USD
2026-09-03,BOM,CCU,2026-10-03,30,90.78,76.93,13.85,USD
2026-09-03,BOM,CCU,2026-10-03,30,112.50,93.00,19.5,USD
2026-09-03,BOM,CCU,2026-10-03,30,112.50,93.00,19.5,USD
2026-09-03,BOM,CCU,2026-10-03,30,117.80,98.00,19.8,USD
2026-09-03,BOM,CCU,2026-10-03,30,117.80,98.00,19.8,USD
2026-09-03,BOM,CCU,2026-10-03,30,117.80,98.00,19.8,USD
2026-09-03,BOM,CCU,2026-10-03,30,123.00,103.00,20,USD
2026-09-03,BOM,CCU,2026-10-03,30,123.00,103.00,20,USD
2026-09-03,BOM,CCU,2026-10-03,30,124.10,104.00,20.1,USD
2026-09-03,BOM,CCU,2026-10-03,30,128.30,108.00,20.3,USD
2026-09-03,BOM,CCU,2026-10-03,30,128.30,108.00,20.3,USD
2026-09-03,BOM,CCU,2026-10-03,30,129.30,109.00,20.3,USD
2026-09-03,BOM,CCU,2026-10-03,30,129.30,109.00,20.3,USD
2026-09-03,BOM,CCU,2026-10-03,30,134.60,114.00,20.6,USD
2026-09-03,BOM,CCU,2026-10-03,30,140.90,120.00,20.9,USD
2026-09-03,BOM,CCU,2026-10-03,30,140.90,120.00,20.9,USD
2026-09-03,BOM,CCU,2026-10-03,30,144.60,118.00,26.6,USD
2026-09-03,BOM,CCU,2026-10-03,30,147.70,121.00,26.7,USD
2026-09-03,BOM,CCU,2026-10-03,30,154.00,127.00,27,USD
2026-09-03,BOM,CCU,2026-10-03,30,155.10,128.00,27.1,USD
2026-09-03,BOM,CCU,2026-10-18,45,86.01,72.89,13.12,USD
2026-09-03,BOM,CCU,2026-10-18,45,112.50,93.00,19.5,USD
2026-09-03,BOM,CCU,2026-10-18,45,117.80,98.00,19.8,USD
2026-09-03,BOM,CCU,2026-10-18,45,123.00,103.00,20,USD
2026-09-03,BOM,CCU,2026-10-18,45,125.10,105.00,20.1,USD
2026-09-03,BOM,CCU,2026-10-18,45,127.20,107.00,20.2,USD
2026-09-03,BOM,CCU,2026-10-18,45,128.30,108.00,20.3,USD
2026-09-03,BOM,CCU,2026-10-18,45,129.30,109.00,20.3,USD
2026-09-03,BOM,CCU,2026-10-18,45,131.40,111.00,20.4,USD
2026-09-03,BOM,CCU,2026-10-18,45,133.50,113.00,20.5,USD
2026-09-03,BOM,CCU,2026-10-18,45,133.50,113.00,20.5,USD
2026-09-03,BOM,CCU,2026-10-18,45,139.80,119.00,20.8,USD
2026-09-03,BOM,CCU,2026-10-18,45,140.90,120.00,20.9,USD
2026-09-03,BOM,CCU,2026-10-18,45,144.00,123.00,21,USD
2026-09-03,BOM,CCU,2026-10-18,45,146.10,125.00,21.1,USD
2026-09-03,BOM,CCU,2026-10-18,45,146.70,120.00,26.7,USD
2026-09-03,BOM,CCU,2026-10-18,45,147.70,121.00,26.7,USD
2026-09-03,BOM,CCU,2026-10-18,45,152.40,131.00,21.4,USD
2026-09-03,BOM,CCU,2026-10-18,45,154.00,127.00,27,USD
2026-09-03,BOM,CCU,2026-10-18,45,157.20,130.00,27.2,USD
2026-09-05,DEL,BOM,2026-09-06,1,70.80,60.00,10.80,USD
2026-09-05,DEL,BOM,2026-09-06,1,71.07,60.23,10.84,USD
2026-09-05,DEL,BOM,2026-09-06,1,71.54,60.63,10.91,USD
2026-09-05,DEL,BOM,2026-09-06,1,76.00,60.00,16,USD
2026-09-05,DEL,BOM,2026-09-06,1,81.20,65.00,16.2,USD
2026-09-05,DEL,BOM,2026-09-06,1,86.50,70.00,16.5,USD
2026-09-05,DEL,BOM,2026-09-06,1,86.50,70.00,16.5,USD
2026-09-05,DEL,BOM,2026-09-06,1,86.50,70.00,16.5,USD
2026-09-05,DEL,BOM,2026-09-06,1,86.50,70.00,16.5,USD
2026-09-05,DEL,BOM,2026-09-06,1,86.50,70.00,16.5,USD
2026-09-05,DEL,BOM,2026-09-06,1,86.50,70.00,16.5,USD
2026-09-05,DEL,BOM,2026-09-06,1,86.50,70.00,16.5,USD
2026-09-05,DEL,BOM,2026-09-06,1,86.50,70.00,16.5,USD
2026-09-05,DEL,BOM,2026-09-06,1,86.50,70.00,16.5,USD
2026-09-05,DEL,BOM,2026-09-06,1,86.50,70.00,16.5,USD
2026-09-05,DEL,BOM,2026-09-06,1,86.50,70.00,16.5,USD
2026-09-05,DEL,BOM,2026-09-06,1,86.50,70.00,16.5,USD
2026-09-05,DEL,BOM,2026-09-06,1,86.50,70.00,16.5,USD
2026-09-05,DEL,BOM,2026-09-06,1,86.50,70.00,16.5,USD
2026-09-05,DEL,BOM,2026-09-06,1,86.50,70.00,16.5,USD
2026-09-05,DEL,BOM,2026-09-12,7,68.13,57.74,10.39,USD
2026-09-05,DEL,BOM,2026-09-12,7,68.89,58.38,10.51,USD
2026-09-05,DEL,BOM,2026-09-12,7,70.46,59.71,10.75,USD
2026-09-05,DEL,BOM,2026-09-12,7,76.00,60.00,16,USD
2026-09-05,DEL,BOM,2026-09-12,7,76.00,60.00,16,USD
2026-09-05,DEL,BOM,2026-09-12,7,81.20,65.00,16.2,USD
2026-09-05,DEL,BOM,2026-09-12,7,81.20,65.00,16.2,USD
2026-09-05,DEL,BOM,2026-09-12,7,86.50,70.00,16.5,USD
2026-09-05,DEL,BOM,2026-09-12,7,86.50,70.00,16.5,USD
2026-09-05,DEL,BOM,2026-09-12,7,86.50,70.00,16.5,USD
2026-09-05,DEL,BOM,2026-09-12,7,86.50,70.00,16.5,USD
2026-09-05,DEL,BOM,2026-09-12,7,86.50,70.00,16.5,USD
2026-09-05,DEL,BOM,2026-09-12,7,86.50,70.00,16.5,USD
2026-09-05,DEL,BOM,2026-09-12,7,86.50,70.00,16.5,USD
2026-09-05,DEL,BOM,2026-09-12,7,86.50,70.00,16.5,USD
2026-09-05,DEL,BOM,2026-09-12,7,86.50,70.00,16.5,USD
2026-09-05,DEL,BOM,2026-09-12,7,86.50,70.00,16.5,USD
2026-09-05,DEL,BOM,2026-09-12,7,86.50,70.00,16.5,USD
2026-09-05,DEL,BOM,2026-09-12,7,86.50,70.00,16.5,USD
2026-09-05,DEL,BOM,2026-09-12,7,86.50,70.00,16.5,USD
2026-09-05,DEL,BOM,2026-09-20,15,69.87,59.21,10.66,USD
2026-09-05,DEL,BOM,2026-09-20,15,70.74,59.95,10.79,USD
2026-09-05,DEL,BOM,2026-09-20,15,71.00,60.17,10.83,USD
2026-09-05,DEL,BOM,2026-09-20,15,76.00,60.00,16,USD
2026-09-05,DEL,BOM,2026-09-20,15,79.10,63.00,16.1,USD
2026-09-05,DEL,BOM,2026-09-20,15,81.20,65.00,16.2,USD
2026-09-05,DEL,BOM,2026-09-20,15,83.30,67.00,16.3,USD
2026-09-05,DEL,BOM,2026-09-20,15,86.50,70.00,16.5,USD
2026-09-05,DEL,BOM,2026-09-20,15,86.50,70.00,16.5,USD
2026-09-05,DEL,BOM,2026-09-20,15,86.50,70.00,16.5,USD
2026-09-05,DEL,BOM,2026-09-20,15,86.50,70.00,16.5,USD
2026-09-05,DEL,BOM,2026-09-20,15,86.50,70.00,16.5,USD
2026-09-05,DEL,BOM,2026-09-20,15,86.50,70.00,16.5,USD
2026-09-05,DEL,BOM,2026-09-20,15,86.50,70.00,16.5,USD
2026-09-05,DEL,BOM,2026-09-20,15,86.50,70.00,16.5,USD
2026-09-05,DEL,BOM,2026-09-20,15,86.50,70.00,16.5,USD
2026-09-05,DEL,BOM,2026-09-20,15,86.50,70.00,16.5,USD
2026-09-05,DEL,BOM,2026-09-20,15,86.50,70.00,16.5,USD
2026-09-05,DEL,BOM,2026-09-20,15,86.50,70.00,16.5,USD
2026-09-05,DEL,BOM,2026-09-20,15,86.50,70.00,16.5,USD
2026-09-05,DEL,BOM,2026-10-05,30,70.20,59.49,10.71,USD
2026-09-05,DEL,BOM,2026-10-05,30,71.08,60.24,10.84,USD
2026-09-05,DEL,BOM,2026-10-05,30,71.66,60.73,10.93,USD
2026-09-05,DEL,BOM,2026-10-05,30,81.20,65.00,16.2,USD
2026-09-05,DEL,BOM,2026-10-05,30,81.20,65.00,16.2,USD
2026-09-05,DEL,BOM,2026-10-05,30,85.40,69.00,16.4,USD
2026-09-05,DEL,BOM,2026-10-05,30,85.40,69.00,16.4,USD
2026-09-05,DEL,BOM,2026-10-05,30,94.90,78.00,16.9,USD
2026-09-05,DEL,BOM,2026-10-05,30,94.90,78.00,16.9,USD
2026-09-05,DEL,BOM,2026-10-05,30,95.90,79.00,16.9,USD
2026-09-05,DEL,BOM,2026-10-05,30,95.90,79.00,16.9,USD
2026-09-05,DEL,BOM,2026-10-05,30,95.90,79.00,16.9,USD
2026-09-05,DEL,BOM,2026-10-05,30,95.90,79.00,16.9,USD
2026-09-05,DEL,BOM,2026-10-05,30,95.90,79.00,16.9,USD
2026-09-05,DEL,BOM,2026-10-05,30,99.10,82.00,17.1,USD
2026-09-05,DEL,BOM,2026-10-05,30,99.10,82.00,17.1,USD
2026-09-05,DEL,BOM,2026-10-05,30,99.10,82.00,17.1,USD
2026-09-05,DEL,BOM,2026-10-05,30,99.10,82.00,17.1,USD
2026-09-05,DEL,BOM,2026-10-05,30,99.10,82.00,17.1,USD
2026-09-05,DEL,BOM,2026-10-05,30,99.10,82.00,17.1,USD
2026-09-05,DEL,BOM,2026-10-20,45,68.06,57.68,10.38,USD
2026-09-05,DEL,BOM,2026-10-20,45,69.55,58.94,10.61,USD
2026-09-05,DEL,BOM,2026-10-20,45,70.72,59.93,10.79,USD
2026-09-05,DEL,BOM,2026-10-20,45,81.20,65.00,16.2,USD
2026-09-05,DEL,BOM,2026-10-20,45,81.20,65.00,16.2,USD
2026-09-05,DEL,BOM,2026-10-20,45,85.40,69.00,16.4,USD
2026-09-05,DEL,BOM,2026-10-20,45,85.40,69.00,16.4,USD
2026-09-05,DEL,BOM,2026-10-20,45,94.90,78.00,16.9,USD
2026-09-05,DEL,BOM,2026-10-20,45,94.90,78.00,16.9,USD
2026-09-05,DEL,BOM,2026-10-20,45,95.90,79.00,16.9,USD
2026-09-05,DEL,BOM,2026-10-20,45,95.90,79.00,16.9,USD
2026-09-05,DEL,BOM,2026-10-20,45,95.90,79.00,16.9,USD
2026-09-05,DEL,BOM,2026-10-20,45,95.90,79.00,16.9,USD
2026-09-05,DEL,BOM,2026-10-20,45,95.90,79.00,16.9,USD
2026-09-05,DEL,BOM,2026-10-20,45,95.90,79.00,16.9,USD
2026-09-05,DEL,BOM,2026-10-20,45,95.90,79.00,16.9,USD
2026-09-05,DEL,BOM,2026-10-20,45,95.90,79.00,16.9,USD
2026-09-05,DEL,BOM,2026-10-20,45,95.90,79.00,16.9,USD
2026-09-05,DEL,BOM,2026-10-20,45,95.90,79.00,16.9,USD
2026-09-05,DEL,BOM,2026-10-20,45,95.90,79.00,16.9,USD
2026-09-05,DEL,BLR,2026-09-06,1,89.35,75.72,13.63,USD
2026-09-05,DEL,BLR,2026-09-06,1,89.88,76.17,13.71,USD
2026-09-05,DEL,BLR,2026-09-06,1,90.51,76.70,13.81,USD
2026-09-05,DEL,BLR,2026-09-06,1,110.80,87.00,23.8,USD
2026-09-05,DEL,BLR,2026-09-06,1,110.80,87.00,23.8,USD
2026-09-05,DEL,BLR,2026-09-06,1,110.80,87.00,23.8,USD
2026-09-05,DEL,BLR,2026-09-06,1,111.90,93.00,18.9,USD
2026-09-05,DEL,BLR,2026-09-06,1,116.10,97.00,19.1,USD
2026-09-05,DEL,BLR,2026-09-06,1,116.10,97.00,19.1,USD
2026-09-05,DEL,BLR,2026-09-06,1,117.20,98.00,19.2,USD
2026-09-05,DEL,BLR,2026-09-06,1,117.20,98.00,19.2,USD
2026-09-05,DEL,BLR,2026-09-06,1,118.10,94.00,24.1,USD
2026-09-05,DEL,BLR,2026-09-06,1,118.10,94.00,24.1,USD
2026-09-05,DEL,BLR,2026-09-06,1,118.10,94.00,24.1,USD
2026-09-05,DEL,BLR,2026-09-06,1,119.20,95.00,24.2,USD
2026-09-05,DEL,BLR,2026-09-06,1,119.20,95.00,24.2,USD
2026-09-05,DEL,BLR,2026-09-06,1,119.20,95.00,24.2,USD
2026-09-05,DEL,BLR,2026-09-06,1,121.40,102.00,19.4,USD
2026-09-05,DEL,BLR,2026-09-06,1,122.40,103.00,19.4,USD
2026-09-05,DEL,BLR,2026-09-06,1,123.50,104.00,19.5,USD
2026-09-05,DEL,BLR,2026-09-12,7,88.63,75.11,13.52,USD
2026-09-05,DEL,BLR,2026-09-12,7,90.18,76.42,13.76,USD
2026-09-05,DEL,BLR,2026-09-12,7,91.83,77.82,14.01,USD
2026-09-05,DEL,BLR,2026-09-12,7,110.80,87.00,23.8,USD
2026-09-05,DEL,BLR,2026-09-12,7,111.90,93.00,18.9,USD
2026-09-05,DEL,BLR,2026-09-12,7,113.00,94.00,19,USD
2026-09-05,DEL,BLR,2026-09-12,7,113.00,94.00,19,USD
2026-09-05,DEL,BLR,2026-09-12,7,116.10,97.00,19.1,USD
2026-09-05,DEL,BLR,2026-09-12,7,116.10,97.00,19.1,USD
2026-09-05,DEL,BLR,2026-09-12,7,116.10,97.00,19.1,USD
2026-09-05,DEL,BLR,2026-09-12,7,118.10,94.00,24.1,USD
2026-09-05,DEL,BLR,2026-09-12,7,118.10,94.00,24.1,USD
2026-09-05,DEL,BLR,2026-09-12,7,118.20,99.00,19.2,USD
2026-09-05,DEL,BLR,2026-09-12,7,119.20,95.00,24.2,USD
2026-09-05,DEL,BLR,2026-09-12,7,119.30,100.00,19.3,USD
2026-09-05,DEL,BLR,2026-09-12,7,119.30,100.00,19.3,USD
2026-09-05,DEL,BLR,2026-09-12,7,122.40,103.00,19.4,USD
2026-09-05,DEL,BLR,2026-09-12,7,122.40,103.00,19.4,USD
2026-09-05,DEL,BLR,2026-09-12,7,123.50,104.00,19.5,USD
2026-09-05,DEL,BLR,2026-09-12,7,124.50,105.00,19.5,USD
2026-09-05,DEL,BLR,2026-09-20,15,86.93,73.67,13.26,USD
2026-09-05,DEL,BLR,2026-09-20,15,87.57,74.21,13.36,USD
2026-09-05,DEL,BLR,2026-09-20,15,92.51,78.40,14.11,USD
2026-09-05,DEL,BLR,2026-09-20,15,110.80,87.00,23.8,USD
2026-09-05,DEL,BLR,2026-09-20,15,110.80,87.00,23.8,USD
2026-09-05,DEL,BLR,2026-09-20,15,110.80,87.00,23.8,USD
2026-09-05,DEL,BLR,2026-09-20,15,111.90,93.00,18.9,USD
2026-09-05,DEL,BLR,2026-09-20,15,113.00,94.00,19,USD
2026-09-05,DEL,BLR,2026-09-20,15,113.00,94.00,19,USD
2026-09-05,DEL,BLR,2026-09-20,15,113.00,94.00,19,USD
2026-09-05,DEL,BLR,2026-09-20,15,113.00,94.00,19,USD
2026-09-05,DEL,BLR,2026-09-20,15,116.10,97.00,19.1,USD
2026-09-05,DEL,BLR,2026-09-20,15,118.10,94.00,24.1,USD
2026-09-05,DEL,BLR,2026-09-20,15,119.20,95.00,24.2,USD
2026-09-05,DEL,BLR,2026-09-20,15,119.20,95.00,24.2,USD
2026-09-05,DEL,BLR,2026-09-20,15,119.20,95.00,24.2,USD
2026-09-05,DEL,BLR,2026-09-20,15,119.30,100.00,19.3,USD
2026-09-05,DEL,BLR,2026-09-20,15,119.30,100.00,19.3,USD
2026-09-05,DEL,BLR,2026-09-20,15,119.30,100.00,19.3,USD
2026-09-05,DEL,BLR,2026-09-20,15,119.30,100.00,19.3,USD
2026-09-05,DEL,BLR,2026-10-05,30,87.65,74.28,13.37,USD
2026-09-05,DEL,BLR,2026-10-05,30,88.40,74.92,13.48,USD
2026-09-05,DEL,BLR,2026-10-05,30,92.11,78.06,14.05,USD
2026-09-05,DEL,BLR,2026-10-05,30,113.00,94.00,19,USD
2026-09-05,DEL,BLR,2026-10-05,30,113.00,94.00,19,USD
2026-09-05,DEL,BLR,2026-10-05,30,115.10,96.00,19.1,USD
2026-09-05,DEL,BLR,2026-10-05,30,115.10,96.00,19.1,USD
2026-09-05,DEL,BLR,2026-10-05,30,115.10,96.00,19.1,USD
2026-09-05,DEL,BLR,2026-10-05,30,116.00,92.00,24,USD
2026-09-05,DEL,BLR,2026-10-05,30,116.10,97.00,19.1,USD
2026-09-05,DEL,BLR,2026-10-05,30,116.10,97.00,19.1,USD
2026-09-05,DEL,BLR,2026-10-05,30,117.10,93.00,24.1,USD
2026-09-05,DEL,BLR,2026-10-05,30,117.20,98.00,19.2,USD
2026-09-05,DEL,BLR,2026-10-05,30,118.20,99.00,19.2,USD
2026-09-05,DEL,BLR,2026-10-05,30,119.30,100.00,19.3,USD
2026-09-05,DEL,BLR,2026-10-05,30,119.30,100.00,19.3,USD
2026-09-05,DEL,BLR,2026-10-05,30,119.30,100.00,19.3,USD
2026-09-05,DEL,BLR,2026-10-05,30,120.30,101.00,19.3,USD
2026-09-05,DEL,BLR,2026-10-05,30,120.30,101.00,19.3,USD
2026-09-05,DEL,BLR,2026-10-05,30,121.40,102.00,19.4,USD
2026-09-05,DEL,BLR,2026-10-20,45,87.27,73.96,13.31,USD
2026-09-05,DEL,BLR,2026-10-20,45,87.76,74.37,13.39,USD
2026-09-05,DEL,BLR,2026-10-20,45,89.82,76.12,13.70,USD
2026-09-05,DEL,BLR,2026-10-20,45,113.00,94.00,19,USD
2026-09-05,DEL,BLR,2026-10-20,45,113.00,94.00,19,USD
2026-09-05,DEL,BLR,2026-10-20,45,113.00,94.00,19,USD
2026-09-05,DEL,BLR,2026-10-20,45,113.00,94.00,19,USD
2026-09-05,DEL,BLR,2026-10-20,45,113.00,94.00,19,USD
2026-09-05,DEL,BLR,2026-10-20,45,113.00,94.00,19,USD
2026-09-05,DEL,BLR,2026-10-20,45,113.00,94.00,19,USD
2026-09-05,DEL,BLR,2026-10-20,45,113.00,94.00,19,USD
2026-09-05,DEL,BLR,2026-10-20,45,113.00,94.00,19,USD
2026-09-05,DEL,BLR,2026-10-20,45,113.00,94.00,19,USD
2026-09-05,DEL,BLR,2026-10-20,45,115.10,96.00,19.1,USD
2026-09-05,DEL,BLR,2026-10-20,45,115.10,96.00,19.1,USD
2026-09-05,DEL,BLR,2026-10-20,45,115.10,96.00,19.1,USD
2026-09-05,DEL,BLR,2026-10-20,45,116.00,92.00,24,USD
2026-09-05,DEL,BLR,2026-10-20,45,117.10,93.00,24.1,USD
2026-09-05,DEL,BLR,2026-10-20,45,119.30,100.00,19.3,USD
2026-09-05,DEL,BLR,2026-10-20,45,119.30,100.00,19.3,USD
2026-09-05,BOM,BLR,2026-09-06,1,59.73,50.62,9.11,USD
2026-09-05,BOM,BLR,2026-09-06,1,60.24,51.05,9.19,USD
2026-09-05,BOM,BLR,2026-09-06,1,83.20,65.00,18.2,USD
2026-09-05,BOM,BLR,2026-09-06,1,83.20,65.00,18.2,USD
2026-09-05,BOM,BLR,2026-09-06,1,92.70,74.00,18.7,USD
2026-09-05,BOM,BLR,2026-09-06,1,92.70,74.00,18.7,USD
2026-09-05,BOM,BLR,2026-09-06,1,92.90,78.00,14.9,USD
2026-09-05,BOM,BLR,2026-09-06,1,97.10,82.00,15.1,USD
2026-09-05,BOM,BLR,2026-09-06,1,97.10,82.00,15.1,USD
2026-09-05,BOM,BLR,2026-09-06,1,97.10,82.00,15.1,USD
2026-09-05,BOM,BLR,2026-09-06,1,98.20,83.00,15.2,USD
2026-09-05,BOM,BLR,2026-09-06,1,99.00,80.00,19,USD
2026-09-05,BOM,BLR,2026-09-06,1,100.30,85.00,15.3,USD
2026-09-05,BOM,BLR,2026-09-06,1,100.30,85.00,15.3,USD
2026-09-05,BOM,BLR,2026-09-06,1,100.30,85.00,15.3,USD
2026-09-05,BOM,BLR,2026-09-06,1,103.30,83.00,20.3,USD
2026-09-05,BOM,BLR,2026-09-06,1,103.40,88.00,15.4,USD
2026-09-05,BOM,BLR,2026-09-06,1,103.40,88.00,15.4,USD
2026-09-05,BOM,BLR,2026-09-06,1,103.40,88.00,15.4,USD
2026-09-05,BOM,BLR,2026-09-06,1,105.50,90.00,15.5,USD
2026-09-05,BOM,BLR,2026-09-12,7,58.18,49.31,8.87,USD
2026-09-05,BOM,BLR,2026-09-12,7,58.73,49.77,8.96,USD
2026-09-05,BOM,BLR,2026-09-12,7,78.00,60.00,18,USD
2026-09-05,BOM,BLR,2026-09-12,7,78.00,60.00,18,USD
2026-09-05,BOM,BLR,2026-09-12,7,83.20,65.00,18.2,USD
2026-09-05,BOM,BLR,2026-09-12,7,83.20,65.00,18.2,USD
2026-09-05,BOM,BLR,2026-09-12,7,89.80,75.00,14.8,USD
2026-09-05,BOM,BLR,2026-09-12,7,90.80,76.00,14.8,USD
2026-09-05,BOM,BLR,2026-09-12,7,91.60,73.00,18.6,USD
2026-09-05,BOM,BLR,2026-09-12,7,91.60,73.00,18.6,USD
2026-09-05,BOM,BLR,2026-09-12,7,92.90,78.00,14.9,USD
2026-09-05,BOM,BLR,2026-09-12,7,95.00,80.00,15,USD
2026-09-05,BOM,BLR,2026-09-12,7,97.10,82.00,15.1,USD
2026-09-05,BOM,BLR,2026-09-12,7,97.10,82.00,15.1,USD
2026-09-05,BOM,BLR,2026-09-12,7,97.10,82.00,15.1,USD
2026-09-05,BOM,BLR,2026-09-12,7,98.20,83.00,15.2,USD
2026-09-05,BOM,BLR,2026-09-12,7,100.30,85.00,15.3,USD
2026-09-05,BOM,BLR,2026-09-12,7,100.30,85.00,15.3,USD
2026-09-05,BOM,BLR,2026-09-12,7,103.30,83.00,20.3,USD
2026-09-05,BOM,BLR,2026-09-12,7,103.40,88.00,15.4,USD
2026-09-05,BOM,BLR,2026-09-20,15,57.80,48.98,8.82,USD
2026-09-05,BOM,BLR,2026-09-20,15,60.33,51.13,9.20,USD
2026-09-05,BOM,BLR,2026-09-20,15,78.00,60.00,18,USD
2026-09-05,BOM,BLR,2026-09-20,15,78.00,60.00,18,USD
2026-09-05,BOM,BLR,2026-09-20,15,83.20,65.00,18.2,USD
2026-09-05,BOM,BLR,2026-09-20,15,83.20,65.00,18.2,USD
2026-09-05,BOM,BLR,2026-09-20,15,87.70,73.00,14.7,USD
2026-09-05,BOM,BLR,2026-09-20,15,87.70,73.00,14.7,USD
2026-09-05,BOM,BLR,2026-09-20,15,90.80,76.00,14.8,USD
2026-09-05,BOM,BLR,2026-09-20,15,91.60,73.00,18.6,USD
2026-09-05,BOM,BLR,2026-09-20,15,91.60,73.00,18.6,USD
2026-09-05,BOM,BLR,2026-09-20,15,92.90,78.00,14.9,USD
2026-09-05,BOM,BLR,2026-09-20,15,92.90,78.00,14.9,USD
2026-09-05,BOM,BLR,2026-09-20,15,94.00,79.00,15,USD
2026-09-05,BOM,BLR,2026-09-20,15,94.00,79.00,15,USD
2026-09-05,BOM,BLR,2026-09-20,15,95.00,80.00,15,USD
2026-09-05,BOM,BLR,2026-09-20,15,97.10,82.00,15.1,USD
2026-09-05,BOM,BLR,2026-09-20,15,98.20,83.00,15.2,USD
2026-09-05,BOM,BLR,2026-09-20,15,98.20,83.00,15.2,USD
2026-09-05,BOM,BLR,2026-09-20,15,100.30,85.00,15.3,USD
2026-09-05,BOM,BLR,2026-10-05,30,58.00,49.15,8.85,USD
2026-09-05,BOM,BLR,2026-10-05,30,60.62,51.37,9.25,USD
2026-09-05,BOM,BLR,2026-10-05,30,92.70,74.00,18.7,USD
2026-09-05,BOM,BLR,2026-10-05,30,92.70,74.00,18.7,USD
2026-09-05,BOM,BLR,2026-10-05,30,97.10,82.00,15.1,USD
2026-09-05,BOM,BLR,2026-10-05,30,97.10,82.00,15.1,USD
2026-09-05,BOM,BLR,2026-10-05,30,97.10,82.00,15.1,USD
2026-09-05,BOM,BLR,2026-10-05,30,97.10,82.00,15.1,USD
2026-09-05,BOM,BLR,2026-10-05,30,100.30,85.00,15.3,USD
2026-09-05,BOM,BLR,2026-10-05,30,100.30,85.00,15.3,USD
2026-09-05,BOM,BLR,2026-10-05,30,100.30,85.00,15.3,USD
2026-09-05,BOM,BLR,2026-10-05,30,100.30,85.00,15.3,USD
2026-09-05,BOM,BLR,2026-10-05,30,101.10,82.00,19.1,USD
2026-09-05,BOM,BLR,2026-10-05,30,101.10,82.00,19.1,USD
2026-09-05,BOM,BLR,2026-10-05,30,103.40,88.00,15.4,USD
2026-09-05,BOM,BLR,2026-10-05,30,103.40,88.00,15.4,USD
2026-09-05,BOM,BLR,2026-10-05,30,103.40,88.00,15.4,USD
2026-09-05,BOM,BLR,2026-10-05,30,103.40,88.00,15.4,USD
2026-09-05,BOM,BLR,2026-10-05,30,105.50,90.00,15.5,USD
2026-09-05,BOM,BLR,2026-10-05,30,106.30,87.00,19.3,USD
2026-09-05,BOM,BLR,2026-10-20,45,58.31,49.42,8.89,USD
2026-09-05,BOM,BLR,2026-10-20,45,59.28,50.24,9.04,USD
2026-09-05,BOM,BLR,2026-10-20,45,92.70,74.00,18.7,USD
2026-09-05,BOM,BLR,2026-10-20,45,92.70,74.00,18.7,USD
2026-09-05,BOM,BLR,2026-10-20,45,92.90,78.00,14.9,USD
2026-09-05,BOM,BLR,2026-10-20,45,92.90,78.00,14.9,USD
2026-09-05,BOM,BLR,2026-10-20,45,92.90,78.00,14.9,USD
2026-09-05,BOM,BLR,2026-10-20,45,92.90,78.00,14.9,USD
2026-09-05,BOM,BLR,2026-10-20,45,95.00,80.00,15,USD
2026-09-05,BOM,BLR,2026-10-20,45,98.20,83.00,15.2,USD
2026-09-05,BOM,BLR,2026-10-20,45,98.20,83.00,15.2,USD
2026-09-05,BOM,BLR,2026-10-20,45,98.20,83.00,15.2,USD
2026-09-05,BOM,BLR,2026-10-20,45,98.20,83.00,15.2,USD
2026-09-05,BOM,BLR,2026-10-20,45,101.10,82.00,19.1,USD
2026-09-05,BOM,BLR,2026-10-20,45,101.10,82.00,19.1,USD
2026-09-05,BOM,BLR,2026-10-20,45,101.30,86.00,15.3,USD
2026-09-05,BOM,BLR,2026-10-20,45,105.50,90.00,15.5,USD
2026-09-05,BOM,BLR,2026-10-20,45,106.30,87.00,19.3,USD
2026-09-05,BOM,BLR,2026-10-20,45,108.70,93.00,15.7,USD
2026-09-05,BOM,BLR,2026-10-20,45,109.70,94.00,15.7,USD
2026-09-05,DEL,HYD,2026-09-06,1,72.26,61.24,11.02,USD
2026-09-05,DEL,HYD,2026-09-06,1,75.11,63.65,11.46,USD
2026-09-05,DEL,HYD,2026-09-06,1,75.81,64.25,11.56,USD
2026-09-05,DEL,HYD,2026-09-06,1,84.50,69.00,15.5,USD
2026-09-05,DEL,HYD,2026-09-06,1,84.50,69.00,15.5,USD
2026-09-05,DEL,HYD,2026-09-06,1,84.50,69.00,15.5,USD
2026-09-05,DEL,HYD,2026-09-06,1,84.50,69.00,15.5,USD
2026-09-05,DEL,HYD,2026-09-06,1,84.50,69.00,15.5,USD
2026-09-05,DEL,HYD,2026-09-06,1,84.50,69.00,15.5,USD
2026-09-05,DEL,HYD,2026-09-06,1,84.50,69.00,15.5,USD
2026-09-05,DEL,HYD,2026-09-06,1,84.50,69.00,15.5,USD
2026-09-05,DEL,HYD,2026-09-06,1,84.50,69.00,15.5,USD
2026-09-05,DEL,HYD,2026-09-06,1,84.50,69.00,15.5,USD
2026-09-05,DEL,HYD,2026-09-06,1,89.80,74.00,15.8,USD
2026-09-05,DEL,HYD,2026-09-06,1,90.80,75.00,15.8,USD
2026-09-05,DEL,HYD,2026-09-06,1,90.80,75.00,15.8,USD
2026-09-05,DEL,HYD,2026-09-06,1,90.80,75.00,15.8,USD
2026-09-05,DEL,HYD,2026-09-06,1,90.80,75.00,15.8,USD
2026-09-05,DEL,HYD,2026-09-06,1,90.80,75.00,15.8,USD
2026-09-05,DEL,HYD,2026-09-06,1,90.80,75.00,15.8,USD
2026-09-05,DEL,HYD,2026-09-12,7,72.90,61.78,11.12,USD
2026-09-05,DEL,HYD,2026-09-12,7,76.38,64.73,11.65,USD
2026-09-05,DEL,HYD,2026-09-12,7,76.48,64.81,11.67,USD
2026-09-05,DEL,HYD,2026-09-12,7,84.50,69.00,15.5,USD
2026-09-05,DEL,HYD,2026-09-12,7,84.50,69.00,15.5,USD
2026-09-05,DEL,HYD,2026-09-12,7,84.50,69.00,15.5,USD
2026-09-05,DEL,HYD,2026-09-12,7,84.50,69.00,15.5,USD
2026-09-05,DEL,HYD,2026-09-12,7,84.50,69.00,15.5,USD
2026-09-05,DEL,HYD,2026-09-12,7,84.50,69.00,15.5,USD
2026-09-05,DEL,HYD,2026-09-12,7,84.50,69.00,15.5,USD
2026-09-05,DEL,HYD,2026-09-12,7,84.50,69.00,15.5,USD
2026-09-05,DEL,HYD,2026-09-12,7,84.50,69.00,15.5,USD
2026-09-05,DEL,HYD,2026-09-12,7,84.50,69.00,15.5,USD
2026-09-05,DEL,HYD,2026-09-12,7,84.50,69.00,15.5,USD
2026-09-05,DEL,HYD,2026-09-12,7,87.70,72.00,15.7,USD
2026-09-05,DEL,HYD,2026-09-12,7,90.80,75.00,15.8,USD
2026-09-05,DEL,HYD,2026-09-12,7,90.80,75.00,15.8,USD
2026-09-05,DEL,HYD,2026-09-12,7,90.80,75.00,15.8,USD
2026-09-05,DEL,HYD,2026-09-12,7,90.80,75.00,15.8,USD
2026-09-05,DEL,HYD,2026-09-12,7,90.80,75.00,15.8,USD
2026-09-05,DEL,HYD,2026-09-20,15,75.03,63.58,11.45,USD
2026-09-05,DEL,HYD,2026-09-20,15,75.37,63.87,11.50,USD
2026-09-05,DEL,HYD,2026-09-20,15,76.31,64.67,11.64,USD
2026-09-05,DEL,HYD,2026-09-20,15,84.50,69.00,15.5,USD
2026-09-05,DEL,HYD,2026-09-20,15,84.50,69.00,15.5,USD
2026-09-05,DEL,HYD,2026-09-20,15,84.50,69.00,15.5,USD
2026-09-05,DEL,HYD,2026-09-20,15,84.50,69.00,15.5,USD
2026-09-05,DEL,HYD,2026-09-20,15,84.50,69.00,15.5,USD
2026-09-05,DEL,HYD,2026-09-20,15,84.50,69.00,15.5,USD
2026-09-05,DEL,HYD,2026-09-20,15,84.50,69.00,15.5,USD
2026-09-05,DEL,HYD,2026-09-20,15,84.50,69.00,15.5,USD
2026-09-05,DEL,HYD,2026-09-20,15,84.50,69.00,15.5,USD
2026-09-05,DEL,HYD,2026-09-20,15,84.50,69.00,15.5,USD
2026-09-05,DEL,HYD,2026-09-20,15,89.80,74.00,15.8,USD
2026-09-05,DEL,HYD,2026-09-20,15,90.80,75.00,15.8,USD
2026-09-05,DEL,HYD,2026-09-20,15,90.80,75.00,15.8,USD
2026-09-05,DEL,HYD,2026-09-20,15,90.80,75.00,15.8,USD
2026-09-05,DEL,HYD,2026-09-20,15,90.80,75.00,15.8,USD
2026-09-05,DEL,HYD,2026-09-20,15,90.80,75.00,15.8,USD
2026-09-05,DEL,HYD,2026-09-20,15,90.80,75.00,15.8,USD
2026-09-05,DEL,HYD,2026-10-05,30,73.18,62.02,11.16,USD
2026-09-05,DEL,HYD,2026-10-05,30,74.62,63.24,11.38,USD
2026-09-05,DEL,HYD,2026-10-05,30,76.05,64.45,11.60,USD
2026-09-05,DEL,HYD,2026-10-05,30,101.30,85.00,16.3,USD
2026-09-05,DEL,HYD,2026-10-05,30,101.30,85.00,16.3,USD
2026-09-05,DEL,HYD,2026-10-05,30,101.30,85.00,16.3,USD
2026-09-05,DEL,HYD,2026-10-05,30,101.30,85.00,16.3,USD
2026-09-05,DEL,HYD,2026-10-05,30,101.30,85.00,16.3,USD
2026-09-05,DEL,HYD,2026-10-05,30,101.30,85.00,16.3,USD
2026-09-05,DEL,HYD,2026-10-05,30,101.30,85.00,16.3,USD
2026-09-05,DEL,HYD,2026-10-05,30,102.40,86.00,16.4,USD
2026-09-05,DEL,HYD,2026-10-05,30,103.40,87.00,16.4,USD
2026-09-05,DEL,HYD,2026-10-05,30,104.50,88.00,16.5,USD
2026-09-05,DEL,HYD,2026-10-05,30,106.60,90.00,16.6,USD
2026-09-05,DEL,HYD,2026-10-05,30,106.60,90.00,16.6,USD
2026-09-05,DEL,HYD,2026-10-05,30,106.60,90.00,16.6,USD
2026-09-05,DEL,HYD,2026-10-05,30,106.60,90.00,16.6,USD
2026-09-05,DEL,HYD,2026-10-05,30,106.60,90.00,16.6,USD
2026-09-05,DEL,HYD,2026-10-05,30,106.60,90.00,16.6,USD
2026-09-05,DEL,HYD,2026-10-05,30,106.60,90.00,16.6,USD
2026-09-05,DEL,HYD,2026-10-20,45,73.09,61.94,11.15,USD
2026-09-05,DEL,HYD,2026-10-20,45,73.73,62.48,11.25,USD
2026-09-05,DEL,HYD,2026-10-20,45,75.35,63.86,11.49,USD
2026-09-05,DEL,HYD,2026-10-20,45,101.30,85.00,16.3,USD
2026-09-05,DEL,HYD,2026-10-20,45,101.30,85.00,16.3,USD
2026-09-05,DEL,HYD,2026-10-20,45,101.30,85.00,16.3,USD
2026-09-05,DEL,HYD,2026-10-20,45,101.30,85.00,16.3,USD
2026-09-05,DEL,HYD,2026-10-20,45,101.30,85.00,16.3,USD
2026-09-05,DEL,HYD,2026-10-20,45,101.30,85.00,16.3,USD
2026-09-05,DEL,HYD,2026-10-20,45,101.30,85.00,16.3,USD
2026-09-05,DEL,HYD,2026-10-20,45,102.40,86.00,16.4,USD
2026-09-05,DEL,HYD,2026-10-20,45,102.40,86.00,16.4,USD
2026-09-05,DEL,HYD,2026-10-20,45,104.50,88.00,16.5,USD
2026-09-05,DEL,HYD,2026-10-20,45,106.60,90.00,16.6,USD
2026-09-05,DEL,HYD,2026-10-20,45,106.60,90.00,16.6,USD
2026-09-05,DEL,HYD,2026-10-20,45,106.60,90.00,16.6,USD
2026-09-05,DEL,HYD,2026-10-20,45,106.60,90.00,16.6,USD
2026-09-05,DEL,HYD,2026-10-20,45,106.60,90.00,16.6,USD
2026-09-05,DEL,HYD,2026-10-20,45,106.60,90.00,16.6,USD
2026-09-05,DEL,HYD,2026-10-20,45,106.60,90.00,16.6,USD
2026-09-05,BOM,CCU,2026-09-06,1,86.51,73.31,13.20,USD
2026-09-05,BOM,CCU,2026-09-06,1,96.80,78.00,18.8,USD
2026-09-05,BOM,CCU,2026-09-06,1,96.80,78.00,18.8,USD
2026-09-05,BOM,CCU,2026-09-06,1,96.80,78.00,18.8,USD
2026-09-05,BOM,CCU,2026-09-06,1,96.80,78.00,18.8,USD
2026-09-05,BOM,CCU,2026-09-06,1,102.00,83.00,19,USD
2026-09-05,BOM,CCU,2026-09-06,1,102.00,83.00,19,USD
2026-09-05,BOM,CCU,2026-09-06,1,102.00,83.00,19,USD
2026-09-05,BOM,CCU,2026-09-06,1,102.00,83.00,19,USD
2026-09-05,BOM,CCU,2026-09-06,1,103.90,80.00,23.9,USD
2026-09-05,BOM,CCU,2026-09-06,1,108.10,84.00,24.1,USD
2026-09-05,BOM,CCU,2026-09-06,1,113.60,94.00,19.6,USD
2026-09-05,BOM,CCU,2026-09-06,1,113.60,94.00,19.6,USD
2026-09-05,BOM,CCU,2026-09-06,1,113.60,94.00,19.6,USD
2026-09-05,BOM,CCU,2026-09-06,1,113.60,94.00,19.6,USD
2026-09-05,BOM,CCU,2026-09-06,1,117.60,93.00,24.6,USD
2026-09-05,BOM,CCU,2026-09-06,1,144.60,118.00,26.6,USD
2026-09-05,BOM,CCU,2026-09-06,1,145.60,119.00,26.6,USD
2026-09-05,BOM,CCU,2026-09-06,1,146.70,120.00,26.7,USD
2026-09-05,BOM,CCU,2026-09-06,1,155.10,128.00,27.1,USD
2026-09-05,BOM,CCU,2026-09-12,7,87.30,73.98,13.32,USD
2026-09-05,BOM,CCU,2026-09-12,7,96.60,73.00,23.6,USD
2026-09-05,BOM,CCU,2026-09-12,7,96.80,78.00,18.8,USD
2026-09-05,BOM,CCU,2026-09-12,7,96.80,78.00,18.8,USD
2026-09-05,BOM,CCU,2026-09-12,7,96.80,78.00,18.8,USD
2026-09-05,BOM,CCU,2026-09-12,7,96.80,78.00,18.8,USD
2026-09-05,BOM,CCU,2026-09-12,7,100.80,77.00,23.8,USD
2026-09-05,BOM,CCU,2026-09-12,7,102.00,83.00,19,USD
2026-09-05,BOM,CCU,2026-09-12,7,102.00,83.00,19,USD
2026-09-05,BOM,CCU,2026-09-12,7,102.00,83.00,19,USD
2026-09-05,BOM,CCU,2026-09-12,7,102.00,83.00,19,USD
2026-09-05,BOM,CCU,2026-09-12,7,110.20,86.00,24.2,USD
2026-09-05,BOM,CCU,2026-09-12,7,113.60,94.00,19.6,USD
2026-09-05,BOM,CCU,2026-09-12,7,113.60,94.00,19.6,USD
2026-09-05,BOM,CCU,2026-09-12,7,113.60,94.00,19.6,USD
2026-09-05,BOM,CCU,2026-09-12,7,113.60,94.00,19.6,USD
2026-09-05,BOM,CCU,2026-09-12,7,144.60,118.00,26.6,USD
2026-09-05,BOM,CCU,2026-09-12,7,144.60,118.00,26.6,USD
2026-09-05,BOM,CCU,2026-09-12,7,145.60,119.00,26.6,USD
2026-09-05,BOM,CCU,2026-09-12,7,152.40,125.00,27.4,USD
2026-09-05,BOM,CCU,2026-09-20,15,85.57,72.52,13.05,USD
2026-09-05,BOM,CCU,2026-09-20,15,96.80,78.00,18.8,USD
2026-09-05,BOM,CCU,2026-09-20,15,96.80,78.00,18.8,USD
2026-09-05,BOM,CCU,2026-09-20,15,96.80,78.00,18.8,USD
2026-09-05,BOM,CCU,2026-09-20,15,97.60,74.00,23.6,USD
2026-09-05,BOM,CCU,2026-09-20,15,101.80,78.00,23.8,USD
2026-09-05,BOM,CCU,2026-09-20,15,102.00,83.00,19,USD
2026-09-05,BOM,CCU,2026-09-20,15,102.00,83.00,19,USD
2026-09-05,BOM,CCU,2026-09-20,15,102.00,83.00,19,USD
2026-09-05,BOM,CCU,2026-09-20,15,104.10,85.00,19.1,USD
2026-09-05,BOM,CCU,2026-09-20,15,109.40,90.00,19.4,USD
2026-09-05,BOM,CCU,2026-09-20,15,111.30,87.00,24.3,USD
2026-09-05,BOM,CCU,2026-09-20,15,113.60,94.00,19.6,USD
2026-09-05,BOM,CCU,2026-09-20,15,113.60,94.00,19.6,USD
2026-09-05,BOM,CCU,2026-09-20,15,113.60,94.00,19.6,USD
2026-09-05,BOM,CCU,2026-09-20,15,122.00,102.00,20,USD
2026-09-05,BOM,CCU,2026-09-20,15,145.60,119.00,26.6,USD
2026-09-05,BOM,CCU,2026-09-20,15,146.70,120.00,26.7,USD
2026-09-05,BOM,CCU,2026-09-20,15,148.80,122.00,26.8,USD
2026-09-05,BOM,CCU,2026-09-20,15,151.40,124.00,27.4,USD
2026-09-05,BOM,CCU,2026-10-05,30,87.38,74.05,13.33,USD
2026-09-05,BOM,CCU,2026-10-05,30,112.50,93.00,19.5,USD
2026-09-05,BOM,CCU,2026-10-05,30,112.50,93.00,19.5,USD
2026-09-05,BOM,CCU,2026-10-05,30,116.70,97.00,19.7,USD
2026-09-05,BOM,CCU,2026-10-05,30,117.80,98.00,19.8,USD
2026-09-05,BOM,CCU,2026-10-05,30,117.80,98.00,19.8,USD
2026-09-05,BOM,CCU,2026-10-05,30,117.80,98.00,19.8,USD
2026-09-05,BOM,CCU,2026-10-05,30,123.00,103.00,20,USD
2026-09-05,BOM,CCU,2026-10-05,30,123.00,103.00,20,USD
2026-09-05,BOM,CCU,2026-10-05,30,124.10,104.00,20.1,USD
2026-09-05,BOM,CCU,2026-10-05,30,128.30,108.00,20.3,USD
2026-09-05,BOM,CCU,2026-10-05,30,129.30,109.00,20.3,USD
2026-09-05,BOM,CCU,2026-10-05,30,129.30,109.00,20.3,USD
2026-09-05,BOM,CCU,2026-10-05,30,134.60,114.00,20.6,USD
2026-09-05,BOM,CCU,2026-10-05,30,134.60,114.00,20.6,USD
2026-09-05,BOM,CCU,2026-10-05,30,140.90,120.00,20.9,USD
2026-09-05,BOM,CCU,2026-10-05,30,144.60,118.00,26.6,USD
2026-09-05,BOM,CCU,2026-10-05,30,146.70,120.00,26.7,USD
2026-09-05,BOM,CCU,2026-10-05,30,155.10,128.00,27.1,USD
2026-09-05,BOM,CCU,2026-10-05,30,157.20,130.00,27.2,USD
2026-09-05,BOM,CCU,2026-10-20,45,89.97,76.25,13.72,USD
2026-09-05,BOM,CCU,2026-10-20,45,112.50,93.00,19.5,USD
2026-09-05,BOM,CCU,2026-10-20,45,114.60,95.00,19.6,USD
2026-09-05,BOM,CCU,2026-10-20,45,114.60,95.00,19.6,USD
2026-09-05,BOM,CCU,2026-10-20,45,117.80,98.00,19.8,USD
2026-09-05,BOM,CCU,2026-10-20,45,119.90,100.00,19.9,USD
2026-09-05,BOM,CCU,2026-10-20,45,120.90,101.00,19.9,USD
2026-09-05,BOM,CCU,2026-10-20,45,120.90,101.00,19.9,USD
2026-09-05,BOM,CCU,2026-10-20,45,125.10,105.00,20.1,USD
2026-09-05,BOM,CCU,2026-10-20,45,128.30,108.00,20.3,USD
2026-09-05,BOM,CCU,2026-10-20,45,129.30,109.00,20.3,USD
2026-09-05,BOM,CCU,2026-10-20,45,132.50,112.00,20.5,USD
2026-09-05,BOM,CCU,2026-10-20,45,132.50,112.00,20.5,USD
2026-09-05,BOM,CCU,2026-10-20,45,134.60,114.00,20.6,USD
2026-09-05,BOM,CCU,2026-10-20,45,137.70,117.00,20.7,USD
2026-09-05,BOM,CCU,2026-10-20,45,144.60,118.00,26.6,USD
2026-09-05,BOM,CCU,2026-10-20,45,144.60,118.00,26.6,USD
2026-09-05,BOM,CCU,2026-10-20,45,146.10,125.00,21.1,USD
2026-09-05,BOM,CCU,2026-10-20,45,147.70,121.00,26.7,USD
2026-09-05,BOM,CCU,2026-10-20,45,155.10,128.00,27.1,USD
2026-09-06,DEL,BOM,2026-09-07,1,70.88,60.07,10.81,USD
2026-09-06,DEL,BOM,2026-09-07,1,70.98,60.15,10.83,USD
2026-09-06,DEL,BOM,2026-09-07,1,71.17,60.31,10.86,USD
2026-09-06,DEL,BOM,2026-09-07,1,76.00,60.00,16,USD
2026-09-06,DEL,BOM,2026-09-07,1,76.00,60.00,16,USD
2026-09-06,DEL,BOM,2026-09-07,1,81.20,65.00,16.2,USD
2026-09-06,DEL,BOM,2026-09-07,1,81.20,65.00,16.2,USD
2026-09-06,DEL,BOM,2026-09-07,1,86.50,70.00,16.5,USD
2026-09-06,DEL,BOM,2026-09-07,1,86.50,70.00,16.5,USD
2026-09-06,DEL,BOM,2026-09-07,1,86.50,70.00,16.5,USD
2026-09-06,DEL,BOM,2026-09-07,1,86.50,70.00,16.5,USD
2026-09-06,DEL,BOM,2026-09-07,1,86.50,70.00,16.5,USD
2026-09-06,DEL,BOM,2026-09-07,1,86.50,70.00,16.5,USD
2026-09-06,DEL,BOM,2026-09-07,1,86.50,70.00,16.5,USD
2026-09-06,DEL,BOM,2026-09-07,1,86.50,70.00,16.5,USD
2026-09-06,DEL,BOM,2026-09-07,1,86.50,70.00,16.5,USD
2026-09-06,DEL,BOM,2026-09-07,1,86.50,70.00,16.5,USD
2026-09-06,DEL,BOM,2026-09-07,1,86.50,70.00,16.5,USD
2026-09-06,DEL,BOM,2026-09-07,1,86.50,70.00,16.5,USD
2026-09-06,DEL,BOM,2026-09-07,1,88.60,72.00,16.6,USD
2026-09-06,DEL,BOM,2026-09-13,7,68.50,58.05,10.45,USD
2026-09-06,DEL,BOM,2026-09-13,7,70.58,59.81,10.77,USD
2026-09-06,DEL,BOM,2026-09-13,7,70.66,59.88,10.78,USD
2026-09-06,DEL,BOM,2026-09-13,7,76.00,60.00,16,USD
2026-09-06,DEL,BOM,2026-09-13,7,79.10,63.00,16.1,USD
2026-09-06,DEL,BOM,2026-09-13,7,81.20,65.00,16.2,USD
2026-09-06,DEL,BOM,2026-09-13,7,83.30,67.00,16.3,USD
2026-09-06,DEL,BOM,2026-09-13,7,86.50,70.00,16.5,USD
2026-09-06,DEL,BOM,2026-09-13,7,86.50,70.00,16.5,USD
2026-09-06,DEL,BOM,2026-09-13,7,86.50,70.00,16.5,USD
2026-09-06,DEL,BOM,2026-09-13,7,86.50,70.00,16.5,USD
2026-09-06,DEL,BOM,2026-09-13,7,86.50,70.00,16.5,USD
2026-09-06,DEL,BOM,2026-09-13,7,86.50,70.00,16.5,USD
2026-09-06,DEL,BOM,2026-09-13,7,86.50,70.00,16.5,USD
2026-09-06,DEL,BOM,2026-09-13,7,86.50,70.00,16.5,USD
2026-09-06,DEL,BOM,2026-09-13,7,86.50,70.00,16.5,USD
2026-09-06,DEL,BOM,2026-09-13,7,86.50,70.00,16.5,USD
2026-09-06,DEL,BOM,2026-09-13,7,86.50,70.00,16.5,USD
2026-09-06,DEL,BOM,2026-09-13,7,86.50,70.00,16.5,USD
2026-09-06,DEL,BOM,2026-09-13,7,86.50,70.00,16.5,USD
2026-09-06,DEL,BOM,2026-09-21,15,69.26,58.69,10.57,USD
2026-09-06,DEL,BOM,2026-09-21,15,69.62,59.00,10.62,USD
2026-09-06,DEL,BOM,2026-09-21,15,70.25,59.53,10.72,USD
2026-09-06,DEL,BOM,2026-09-21,15,76.00,60.00,16,USD
2026-09-06,DEL,BOM,2026-09-21,15,76.00,60.00,16,USD
2026-09-06,DEL,BOM,2026-09-21,15,81.20,65.00,16.2,USD
2026-09-06,DEL,BOM,2026-09-21,15,81.20,65.00,16.2,USD
2026-09-06,DEL,BOM,2026-09-21,15,86.50,70.00,16.5,USD
2026-09-06,DEL,BOM,2026-09-21,15,86.50,70.00,16.5,USD
2026-09-06,DEL,BOM,2026-09-21,15,86.50,70.00,16.5,USD
2026-09-06,DEL,BOM,2026-09-21,15,86.50,70.00,16.5,USD
2026-09-06,DEL,BOM,2026-09-21,15,86.50,70.00,16.5,USD
2026-09-06,DEL,BOM,2026-09-21,15,86.50,70.00,16.5,USD
2026-09-06,DEL,BOM,2026-09-21,15,86.50,70.00,16.5,USD
2026-09-06,DEL,BOM,2026-09-21,15,86.50,70.00,16.5,USD
2026-09-06,DEL,BOM,2026-09-21,15,86.50,70.00,16.5,USD
2026-09-06,DEL,BOM,2026-09-21,15,86.50,70.00,16.5,USD
2026-09-06,DEL,BOM,2026-09-21,15,86.50,70.00,16.5,USD
2026-09-06,DEL,BOM,2026-09-21,15,88.60,72.00,16.6,USD
2026-09-06,DEL,BOM,2026-09-21,15,88.60,72.00,16.6,USD
2026-09-06,DEL,BOM,2026-10-06,30,68.61,58.14,10.47,USD
2026-09-06,DEL,BOM,2026-10-06,30,69.40,58.81,10.59,USD
2026-09-06,DEL,BOM,2026-10-06,30,69.70,59.07,10.63,USD
2026-09-06,DEL,BOM,2026-10-06,30,81.20,65.00,16.2,USD
2026-09-06,DEL,BOM,2026-10-06,30,81.20,65.00,16.2,USD
2026-09-06,DEL,BOM,2026-10-06,30,85.40,69.00,16.4,USD
2026-09-06,DEL,BOM,2026-10-06,30,85.40,69.00,16.4,USD
2026-09-06,DEL,BOM,2026-10-06,30,94.90,78.00,16.9,USD
2026-09-06,DEL,BOM,2026-10-06,30,94.90,78.00,16.9,USD
2026-09-06,DEL,BOM,2026-10-06,30,95.90,79.00,16.9,USD
2026-09-06,DEL,BOM,2026-10-06,30,95.90,79.00,16.9,USD
2026-09-06,DEL,BOM,2026-10-06,30,95.90,79.00,16.9,USD
2026-09-06,DEL,BOM,2026-10-06,30,95.90,79.00,16.9,USD
2026-09-06,DEL,BOM,2026-10-06,30,95.90,79.00,16.9,USD
2026-09-06,DEL,BOM,2026-10-06,30,95.90,79.00,16.9,USD
2026-09-06,DEL,BOM,2026-10-06,30,95.90,79.00,16.9,USD
2026-09-06,DEL,BOM,2026-10-06,30,95.90,79.00,16.9,USD
2026-09-06,DEL,BOM,2026-10-06,30,95.90,79.00,16.9,USD
2026-09-06,DEL,BOM,2026-10-06,30,95.90,79.00,16.9,USD
2026-09-06,DEL,BOM,2026-10-06,30,95.90,79.00,16.9,USD
2026-09-06,DEL,BOM,2026-10-21,45,68.14,57.75,10.39,USD
2026-09-06,DEL,BOM,2026-10-21,45,69.15,58.60,10.55,USD
2026-09-06,DEL,BOM,2026-10-21,45,70.35,59.62,10.73,USD
2026-09-06,DEL,BOM,2026-10-21,45,81.20,65.00,16.2,USD
2026-09-06,DEL,BOM,2026-10-21,45,81.20,65.00,16.2,USD
2026-09-06,DEL,BOM,2026-10-21,45,85.40,69.00,16.4,USD
2026-09-06,DEL,BOM,2026-10-21,45,85.40,69.00,16.4,USD
2026-09-06,DEL,BOM,2026-10-21,45,94.90,78.00,16.9,USD
2026-09-06,DEL,BOM,2026-10-21,45,94.90,78.00,16.9,USD
2026-09-06,DEL,BOM,2026-10-21,45,95.90,79.00,16.9,USD
2026-09-06,DEL,BOM,2026-10-21,45,95.90,79.00,16.9,USD
2026-09-06,DEL,BOM,2026-10-21,45,95.90,79.00,16.9,USD
2026-09-06,DEL,BOM,2026-10-21,45,95.90,79.00,16.9,USD
2026-09-06,DEL,BOM,2026-10-21,45,95.90,79.00,16.9,USD
2026-09-06,DEL,BOM,2026-10-21,45,95.90,79.00,16.9,USD
2026-09-06,DEL,BOM,2026-10-21,45,95.90,79.00,16.9,USD
2026-09-06,DEL,BOM,2026-10-21,45,95.90,79.00,16.9,USD
2026-09-06,DEL,BOM,2026-10-21,45,95.90,79.00,16.9,USD
2026-09-06,DEL,BOM,2026-10-21,45,95.90,79.00,16.9,USD
2026-09-06,DEL,BOM,2026-10-21,45,95.90,79.00,16.9,USD
2026-09-06,DEL,BLR,2026-09-07,1,87.10,73.81,13.29,USD
2026-09-06,DEL,BLR,2026-09-07,1,90.51,76.70,13.81,USD
2026-09-06,DEL,BLR,2026-09-07,1,90.52,76.71,13.81,USD
2026-09-06,DEL,BLR,2026-09-07,1,110.80,87.00,23.8,USD
2026-09-06,DEL,BLR,2026-09-07,1,110.80,87.00,23.8,USD
2026-09-06,DEL,BLR,2026-09-07,1,110.80,87.00,23.8,USD
2026-09-06,DEL,BLR,2026-09-07,1,111.90,93.00,18.9,USD
2026-09-06,DEL,BLR,2026-09-07,1,113.00,94.00,19,USD
2026-09-06,DEL,BLR,2026-09-07,1,113.00,94.00,19,USD
2026-09-06,DEL,BLR,2026-09-07,1,113.00,94.00,19,USD
2026-09-06,DEL,BLR,2026-09-07,1,116.10,97.00,19.1,USD
2026-09-06,DEL,BLR,2026-09-07,1,118.10,94.00,24.1,USD
2026-09-06,DEL,BLR,2026-09-07,1,118.10,94.00,24.1,USD
2026-09-06,DEL,BLR,2026-09-07,1,118.20,99.00,19.2,USD
2026-09-06,DEL,BLR,2026-09-07,1,118.20,99.00,19.2,USD
2026-09-06,DEL,BLR,2026-09-07,1,119.20,95.00,24.2,USD
2026-09-06,DEL,BLR,2026-09-07,1,119.20,95.00,24.2,USD
2026-09-06,DEL,BLR,2026-09-07,1,119.20,95.00,24.2,USD
2026-09-06,DEL,BLR,2026-09-07,1,119.30,100.00,19.3,USD
2026-09-06,DEL,BLR,2026-09-07,1,119.30,100.00,19.3,USD
2026-09-06,DEL,BLR,2026-09-13,7,89.31,75.69,13.62,USD
2026-09-06,DEL,BLR,2026-09-13,7,90.93,77.06,13.87,USD
2026-09-06,DEL,BLR,2026-09-13,7,92.61,78.48,14.13,USD
2026-09-06,DEL,BLR,2026-09-13,7,110.80,87.00,23.8,USD
2026-09-06,DEL,BLR,2026-09-13,7,110.80,87.00,23.8,USD
2026-09-06,DEL,BLR,2026-09-13,7,110.80,87.00,23.8,USD
2026-09-06,DEL,BLR,2026-09-13,7,111.90,93.00,18.9,USD
2026-09-06,DEL,BLR,2026-09-13,7,113.00,94.00,19,USD
2026-09-06,DEL,BLR,2026-09-13,7,113.00,94.00,19,USD
2026-09-06,DEL,BLR,2026-09-13,7,113.00,94.00,19,USD
2026-09-06,DEL,BLR,2026-09-13,7,116.10,97.00,19.1,USD
2026-09-06,DEL,BLR,2026-09-13,7,117.20,98.00,19.2,USD
2026-09-06,DEL,BLR,2026-09-13,7,118.10,94.00,24.1,USD
2026-09-06,DEL,BLR,2026-09-13,7,118.10,94.00,24.1,USD
2026-09-06,DEL,BLR,2026-09-13,7,118.10,94.00,24.1,USD
2026-09-06,DEL,BLR,2026-09-13,7,119.20,95.00,24.2,USD
2026-09-06,DEL,BLR,2026-09-13,7,119.20,95.00,24.2,USD
2026-09-06,DEL,BLR,2026-09-13,7,119.20,95.00,24.2,USD
2026-09-06,DEL,BLR,2026-09-13,7,119.30,100.00,19.3,USD
2026-09-06,DEL,BLR,2026-09-13,7,119.30,100.00,19.3,USD
2026-09-06,DEL,BLR,2026-09-21,15,88.69,75.16,13.53,USD
2026-09-06,DEL,BLR,2026-09-21,15,88.87,75.31,13.56,USD
2026-09-06,DEL,BLR,2026-09-21,15,91.04,77.15,13.89,USD
2026-09-06,DEL,BLR,2026-09-21,15,110.80,87.00,23.8,USD
2026-09-06,DEL,BLR,2026-09-21,15,110.80,87.00,23.8,USD
2026-09-06,DEL,BLR,2026-09-21,15,110.80,87.00,23.8,USD
2026-09-06,DEL,BLR,2026-09-21,15,111.90,93.00,18.9,USD
2026-09-06,DEL,BLR,2026-09-21,15,113.00,94.00,19,USD
2026-09-06,DEL,BLR,2026-09-21,15,113.00,94.00,19,USD
2026-09-06,DEL,BLR,2026-09-21,15,113.00,94.00,19,USD
2026-09-06,DEL,BLR,2026-09-21,15,113.00,94.00,19,USD
2026-09-06,DEL,BLR,2026-09-21,15,113.00,94.00,19,USD
2026-09-06,DEL,BLR,2026-09-21,15,113.00,94.00,19,USD
2026-09-06,DEL,BLR,2026-09-21,15,116.10,97.00,19.1,USD
2026-09-06,DEL,BLR,2026-09-21,15,118.10,94.00,24.1,USD
2026-09-06,DEL,BLR,2026-09-21,15,119.20,95.00,24.2,USD
2026-09-06,DEL,BLR,2026-09-21,15,119.20,95.00,24.2,USD
2026-09-06,DEL,BLR,2026-09-21,15,119.20,95.00,24.2,USD
2026-09-06,DEL,BLR,2026-09-21,15,119.30,100.00,19.3,USD
2026-09-06,DEL,BLR,2026-09-21,15,119.30,100.00,19.3,USD
2026-09-06,DEL,BLR,2026-10-06,30,88.48,74.98,13.50,USD
2026-09-06,DEL,BLR,2026-10-06,30,89.08,75.49,13.59,USD
2026-09-06,DEL,BLR,2026-10-06,30,90.40,76.61,13.79,USD
2026-09-06,DEL,BLR,2026-10-06,30,113.00,94.00,19,USD
2026-09-06,DEL,BLR,2026-10-06,30,113.00,94.00,19,USD
2026-09-06,DEL,BLR,2026-10-06,30,113.00,94.00,19,USD
2026-09-06,DEL,BLR,2026-10-06,30,113.00,94.00,19,USD
2026-09-06,DEL,BLR,2026-10-06,30,113.00,94.00,19,USD
2026-09-06,DEL,BLR,2026-10-06,30,113.00,94.00,19,USD
2026-09-06,DEL,BLR,2026-10-06,30,113.00,94.00,19,USD
2026-09-06,DEL,BLR,2026-10-06,30,115.10,96.00,19.1,USD
2026-09-06,DEL,BLR,2026-10-06,30,115.10,96.00,19.1,USD
2026-09-06,DEL,BLR,2026-10-06,30,116.00,92.00,24,USD
2026-09-06,DEL,BLR,2026-10-06,30,116.10,97.00,19.1,USD
2026-09-06,DEL,BLR,2026-10-06,30,117.10,93.00,24.1,USD
2026-09-06,DEL,BLR,2026-10-06,30,118.20,99.00,19.2,USD
2026-09-06,DEL,BLR,2026-10-06,30,119.30,100.00,19.3,USD
2026-09-06,DEL,BLR,2026-10-06,30,119.30,100.00,19.3,USD
2026-09-06,DEL,BLR,2026-10-06,30,119.30,100.00,19.3,USD
2026-09-06,DEL,BLR,2026-10-06,30,119.30,100.00,19.3,USD
2026-09-06,DEL,BLR,2026-10-21,45,86.99,73.72,13.27,USD
2026-09-06,DEL,BLR,2026-10-21,45,87.39,74.06,13.33,USD
2026-09-06,DEL,BLR,2026-10-21,45,90.97,77.09,13.88,USD
2026-09-06,DEL,BLR,2026-10-21,45,113.00,94.00,19,USD
2026-09-06,DEL,BLR,2026-10-21,45,113.00,94.00,19,USD
2026-09-06,DEL,BLR,2026-10-21,45,113.00,94.00,19,USD
2026-09-06,DEL,BLR,2026-10-21,45,113.00,94.00,19,USD
2026-09-06,DEL,BLR,2026-10-21,45,113.00,94.00,19,USD
2026-09-06,DEL,BLR,2026-10-21,45,113.00,94.00,19,USD
2026-09-06,DEL,BLR,2026-10-21,45,116.00,92.00,24,USD
2026-09-06,DEL,BLR,2026-10-21,45,117.10,93.00,24.1,USD
2026-09-06,DEL,BLR,2026-10-21,45,119.30,100.00,19.3,USD
2026-09-06,DEL,BLR,2026-10-21,45,119.30,100.00,19.3,USD
2026-09-06,DEL,BLR,2026-10-21,45,119.30,100.00,19.3,USD
2026-09-06,DEL,BLR,2026-10-21,45,119.30,100.00,19.3,USD
2026-09-06,DEL,BLR,2026-10-21,45,119.30,100.00,19.3,USD
2026-09-06,DEL,BLR,2026-10-21,45,119.30,100.00,19.3,USD
2026-09-06,DEL,BLR,2026-10-21,45,119.30,100.00,19.3,USD
2026-09-06,DEL,BLR,2026-10-21,45,119.30,100.00,19.3,USD
2026-09-06,DEL,BLR,2026-10-21,45,120.30,101.00,19.3,USD
2026-09-06,BOM,BLR,2026-09-07,1,58.23,49.35,8.88,USD
2026-09-06,BOM,BLR,2026-09-07,1,58.64,49.69,8.95,USD
2026-09-06,BOM,BLR,2026-09-07,1,83.20,65.00,18.2,USD
2026-09-06,BOM,BLR,2026-09-07,1,83.20,65.00,18.2,USD
2026-09-06,BOM,BLR,2026-09-07,1,88.50,70.00,18.5,USD
2026-09-06,BOM,BLR,2026-09-07,1,90.60,72.00,18.6,USD
2026-09-06,BOM,BLR,2026-09-07,1,92.70,74.00,18.7,USD
2026-09-06,BOM,BLR,2026-09-07,1,92.70,74.00,18.7,USD
2026-09-06,BOM,BLR,2026-09-07,1,92.90,78.00,14.9,USD
2026-09-06,BOM,BLR,2026-09-07,1,97.10,82.00,15.1,USD
2026-09-06,BOM,BLR,2026-09-07,1,97.10,82.00,15.1,USD
2026-09-06,BOM,BLR,2026-09-07,1,97.10,82.00,15.1,USD
2026-09-06,BOM,BLR,2026-09-07,1,97.90,79.00,18.9,USD
2026-09-06,BOM,BLR,2026-09-07,1,98.20,83.00,15.2,USD
2026-09-06,BOM,BLR,2026-09-07,1,100.30,85.00,15.3,USD
2026-09-06,BOM,BLR,2026-09-07,1,100.30,85.00,15.3,USD
2026-09-06,BOM,BLR,2026-09-07,1,100.30,85.00,15.3,USD
2026-09-06,BOM,BLR,2026-09-07,1,100.30,85.00,15.3,USD
2026-09-06,BOM,BLR,2026-09-07,1,100.30,85.00,15.3,USD
2026-09-06,BOM,BLR,2026-09-07,1,101.10,82.00,19.1,USD
2026-09-06,BOM,BLR,2026-09-13,7,58.58,49.64,8.94,USD
2026-09-06,BOM,BLR,2026-09-13,7,60.18,51.00,9.18,USD
2026-09-06,BOM,BLR,2026-09-13,7,78.00,60.00,18,USD
2026-09-06,BOM,BLR,2026-09-13,7,78.00,60.00,18,USD
2026-09-06,BOM,BLR,2026-09-13,7,83.20,65.00,18.2,USD
2026-09-06,BOM,BLR,2026-09-13,7,83.20,65.00,18.2,USD
2026-09-06,BOM,BLR,2026-09-13,7,87.70,73.00,14.7,USD
2026-09-06,BOM,BLR,2026-09-13,7,87.70,73.00,14.7,USD
2026-09-06,BOM,BLR,2026-09-13,7,87.70,73.00,14.7,USD
2026-09-06,BOM,BLR,2026-09-13,7,90.80,76.00,14.8,USD
2026-09-06,BOM,BLR,2026-09-13,7,91.60,73.00,18.6,USD
2026-09-06,BOM,BLR,2026-09-13,7,91.60,73.00,18.6,USD
2026-09-06,BOM,BLR,2026-09-13,7,92.90,78.00,14.9,USD
2026-09-06,BOM,BLR,2026-09-13,7,94.00,79.00,15,USD
2026-09-06,BOM,BLR,2026-09-13,7,94.00,79.00,15,USD
2026-09-06,BOM,BLR,2026-09-13,7,94.00,79.00,15,USD
2026-09-06,BOM,BLR,2026-09-13,7,95.00,80.00,15,USD
2026-09-06,BOM,BLR,2026-09-13,7,97.10,82.00,15.1,USD
2026-09-06,BOM,BLR,2026-09-13,7,98.20,83.00,15.2,USD
2026-09-06,BOM,BLR,2026-09-13,7,100.30,85.00,15.3,USD
2026-09-06,BOM,BLR,2026-09-21,15,58.21,49.33,8.88,USD
2026-09-06,BOM,BLR,2026-09-21,15,60.32,51.12,9.20,USD
2026-09-06,BOM,BLR,2026-09-21,15,78.00,60.00,18,USD
2026-09-06,BOM,BLR,2026-09-21,15,78.00,60.00,18,USD
2026-09-06,BOM,BLR,2026-09-21,15,83.20,65.00,18.2,USD
2026-09-06,BOM,BLR,2026-09-21,15,83.20,65.00,18.2,USD
2026-09-06,BOM,BLR,2026-09-21,15,88.50,70.00,18.5,USD
2026-09-06,BOM,BLR,2026-09-21,15,91.60,73.00,18.6,USD
2026-09-06,BOM,BLR,2026-09-21,15,91.60,73.00,18.6,USD
2026-09-06,BOM,BLR,2026-09-21,15,92.90,78.00,14.9,USD
2026-09-06,BOM,BLR,2026-09-21,15,97.10,82.00,15.1,USD
2026-09-06,BOM,BLR,2026-09-21,15,97.10,82.00,15.1,USD
2026-09-06,BOM,BLR,2026-09-21,15,97.10,82.00,15.1,USD
2026-09-06,BOM,BLR,2026-09-21,15,97.90,79.00,18.9,USD
2026-09-06,BOM,BLR,2026-09-21,15,98.20,83.00,15.2,USD
2026-09-06,BOM,BLR,2026-09-21,15,99.00,80.00,19,USD
2026-09-06,BOM,BLR,2026-09-21,15,100.30,85.00,15.3,USD
2026-09-06,BOM,BLR,2026-09-21,15,100.30,85.00,15.3,USD
2026-09-06,BOM,BLR,2026-09-21,15,100.30,85.00,15.3,USD
2026-09-06,BOM,BLR,2026-09-21,15,100.30,85.00,15.3,USD
2026-09-06,BOM,BLR,2026-10-06,30,58.15,49.28,8.87,USD
2026-09-06,BOM,BLR,2026-10-06,30,58.38,49.47,8.91,USD
2026-09-06,BOM,BLR,2026-10-06,30,92.70,74.00,18.7,USD
2026-09-06,BOM,BLR,2026-10-06,30,92.70,74.00,18.7,USD
2026-09-06,BOM,BLR,2026-10-06,30,92.90,78.00,14.9,USD
2026-09-06,BOM,BLR,2026-10-06,30,92.90,78.00,14.9,USD
2026-09-06,BOM,BLR,2026-10-06,30,92.90,78.00,14.9,USD
2026-09-06,BOM,BLR,2026-10-06,30,92.90,78.00,14.9,USD
2026-09-06,BOM,BLR,2026-10-06,30,95.00,80.00,15,USD
2026-09-06,BOM,BLR,2026-10-06,30,97.10,82.00,15.1,USD
2026-09-06,BOM,BLR,2026-10-06,30,98.20,83.00,15.2,USD
2026-09-06,BOM,BLR,2026-10-06,30,98.20,83.00,15.2,USD
2026-09-06,BOM,BLR,2026-10-06,30,98.20,83.00,15.2,USD
2026-09-06,BOM,BLR,2026-10-06,30,98.20,83.00,15.2,USD
2026-09-06,BOM,BLR,2026-10-06,30,100.30,85.00,15.3,USD
2026-09-06,BOM,BLR,2026-10-06,30,101.10,82.00,19.1,USD
2026-09-06,BOM,BLR,2026-10-06,30,101.10,82.00,19.1,USD
2026-09-06,BOM,BLR,2026-10-06,30,101.30,86.00,15.3,USD
2026-09-06,BOM,BLR,2026-10-06,30,103.40,88.00,15.4,USD
2026-09-06,BOM,BLR,2026-10-06,30,106.30,87.00,19.3,USD
2026-09-06,BOM,BLR,2026-10-21,45,57.96,49.12,8.84,USD
2026-09-06,BOM,BLR,2026-10-21,45,58.01,49.16,8.85,USD
2026-09-06,BOM,BLR,2026-10-21,45,87.70,73.00,14.7,USD
2026-09-06,BOM,BLR,2026-10-21,45,87.70,73.00,14.7,USD
2026-09-06,BOM,BLR,2026-10-21,45,87.70,73.00,14.7,USD
2026-09-06,BOM,BLR,2026-10-21,45,87.70,73.00,14.7,USD
2026-09-06,BOM,BLR,2026-10-21,45,90.80,76.00,14.8,USD
2026-09-06,BOM,BLR,2026-10-21,45,91.90,77.00,14.9,USD
2026-09-06,BOM,BLR,2026-10-21,45,92.70,74.00,18.7,USD
2026-09-06,BOM,BLR,2026-10-21,45,92.70,74.00,18.7,USD
2026-09-06,BOM,BLR,2026-10-21,45,94.00,79.00,15,USD
2026-09-06,BOM,BLR,2026-10-21,45,94.00,79.00,15,USD
2026-09-06,BOM,BLR,2026-10-21,45,94.00,79.00,15,USD
2026-09-06,BOM,BLR,2026-10-21,45,94.00,79.00,15,USD
2026-09-06,BOM,BLR,2026-10-21,45,97.10,82.00,15.1,USD
2026-09-06,BOM,BLR,2026-10-21,45,97.10,82.00,15.1,USD
2026-09-06,BOM,BLR,2026-10-21,45,97.10,82.00,15.1,USD
2026-09-06,BOM,BLR,2026-10-21,45,97.10,82.00,15.1,USD
2026-09-06,BOM,BLR,2026-10-21,45,97.10,82.00,15.1,USD
2026-09-06,BOM,BLR,2026-10-21,45,100.30,85.00,15.3,USD
2026-09-06,DEL,HYD,2026-09-07,1,74.84,63.42,11.42,USD
2026-09-06,DEL,HYD,2026-09-07,1,75.66,64.12,11.54,USD
2026-09-06,DEL,HYD,2026-09-07,1,76.52,64.85,11.67,USD
2026-09-06,DEL,HYD,2026-09-07,1,84.50,69.00,15.5,USD
2026-09-06,DEL,HYD,2026-09-07,1,84.50,69.00,15.5,USD
2026-09-06,DEL,HYD,2026-09-07,1,84.50,69.00,15.5,USD
2026-09-06,DEL,HYD,2026-09-07,1,84.50,69.00,15.5,USD
2026-09-06,DEL,HYD,2026-09-07,1,84.50,69.00,15.5,USD
2026-09-06,DEL,HYD,2026-09-07,1,84.50,69.00,15.5,USD
2026-09-06,DEL,HYD,2026-09-07,1,84.50,69.00,15.5,USD
2026-09-06,DEL,HYD,2026-09-07,1,84.50,69.00,15.5,USD
2026-09-06,DEL,HYD,2026-09-07,1,84.50,69.00,15.5,USD
2026-09-06,DEL,HYD,2026-09-07,1,84.50,69.00,15.5,USD
2026-09-06,DEL,HYD,2026-09-07,1,84.50,69.00,15.5,USD
2026-09-06,DEL,HYD,2026-09-07,1,90.80,75.00,15.8,USD
2026-09-06,DEL,HYD,2026-09-07,1,90.80,75.00,15.8,USD
2026-09-06,DEL,HYD,2026-09-07,1,90.80,75.00,15.8,USD
2026-09-06,DEL,HYD,2026-09-07,1,90.80,75.00,15.8,USD
2026-09-06,DEL,HYD,2026-09-07,1,90.80,75.00,15.8,USD
2026-09-06,DEL,HYD,2026-09-07,1,90.80,75.00,15.8,USD
2026-09-06,DEL,HYD,2026-09-13,7,72.30,61.27,11.03,USD
2026-09-06,DEL,HYD,2026-09-13,7,72.89,61.77,11.12,USD
2026-09-06,DEL,HYD,2026-09-13,7,76.42,64.76,11.66,USD
2026-09-06,DEL,HYD,2026-09-13,7,84.50,69.00,15.5,USD
2026-09-06,DEL,HYD,2026-09-13,7,84.50,69.00,15.5,USD
2026-09-06,DEL,HYD,2026-09-13,7,84.50,69.00,15.5,USD
2026-09-06,DEL,HYD,2026-09-13,7,84.50,69.00,15.5,USD
2026-09-06,DEL,HYD,2026-09-13,7,84.50,69.00,15.5,USD
2026-09-06,DEL,HYD,2026-09-13,7,84.50,69.00,15.5,USD
2026-09-06,DEL,HYD,2026-09-13,7,84.50,69.00,15.5,USD
2026-09-06,DEL,HYD,2026-09-13,7,84.50,69.00,15.5,USD
2026-09-06,DEL,HYD,2026-09-13,7,84.50,69.00,15.5,USD
2026-09-06,DEL,HYD,2026-09-13,7,84.50,69.00,15.5,USD
2026-09-06,DEL,HYD,2026-09-13,7,89.80,74.00,15.8,USD
2026-09-06,DEL,HYD,2026-09-13,7,90.80,75.00,15.8,USD
2026-09-06,DEL,HYD,2026-09-13,7,90.80,75.00,15.8,USD
2026-09-06,DEL,HYD,2026-09-13,7,90.80,75.00,15.8,USD
2026-09-06,DEL,HYD,2026-09-13,7,90.80,75.00,15.8,USD
2026-09-06,DEL,HYD,2026-09-13,7,90.80,75.00,15.8,USD
2026-09-06,DEL,HYD,2026-09-13,7,90.80,75.00,15.8,USD
2026-09-06,DEL,HYD,2026-09-21,15,73.17,62.01,11.16,USD
2026-09-06,DEL,HYD,2026-09-21,15,74.32,62.98,11.34,USD
2026-09-06,DEL,HYD,2026-09-21,15,76.16,64.54,11.62,USD
2026-09-06,DEL,HYD,2026-09-21,15,84.50,69.00,15.5,USD
2026-09-06,DEL,HYD,2026-09-21,15,84.50,69.00,15.5,USD
2026-09-06,DEL,HYD,2026-09-21,15,84.50,69.00,15.5,USD
2026-09-06,DEL,HYD,2026-09-21,15,84.50,69.00,15.5,USD
2026-09-06,DEL,HYD,2026-09-21,15,84.50,69.00,15.5,USD
2026-09-06,DEL,HYD,2026-09-21,15,84.50,69.00,15.5,USD
2026-09-06,DEL,HYD,2026-09-21,15,84.50,69.00,15.5,USD
2026-09-06,DEL,HYD,2026-09-21,15,84.50,69.00,15.5,USD
2026-09-06,DEL,HYD,2026-09-21,15,84.50,69.00,15.5,USD
2026-09-06,DEL,HYD,2026-09-21,15,84.50,69.00,15.5,USD
2026-09-06,DEL,HYD,2026-09-21,15,84.50,69.00,15.5,USD
2026-09-06,DEL,HYD,2026-09-21,15,90.80,75.00,15.8,USD
2026-09-06,DEL,HYD,2026-09-21,15,90.80,75.00,15.8,USD
2026-09-06,DEL,HYD,2026-09-21,15,90.80,75.00,15.8,USD
2026-09-06,DEL,HYD,2026-09-21,15,90.80,75.00,15.8,USD
2026-09-06,DEL,HYD,2026-09-21,15,90.80,75.00,15.8,USD
2026-09-06,DEL,HYD,2026-09-21,15,90.80,75.00,15.8,USD
2026-09-06,DEL,HYD,2026-10-06,30,73.92,62.64,11.28,USD
2026-09-06,DEL,HYD,2026-10-06,30,74.66,63.27,11.39,USD
2026-09-06,DEL,HYD,2026-10-06,30,75.81,64.25,11.56,USD
2026-09-06,DEL,HYD,2026-10-06,30,101.30,85.00,16.3,USD
2026-09-06,DEL,HYD,2026-10-06,30,101.30,85.00,16.3,USD
2026-09-06,DEL,HYD,2026-10-06,30,101.30,85.00,16.3,USD
2026-09-06,DEL,HYD,2026-10-06,30,101.30,85.00,16.3,USD
2026-09-06,DEL,HYD,2026-10-06,30,101.30,85.00,16.3,USD
2026-09-06,DEL,HYD,2026-10-06,30,101.30,85.00,16.3,USD
2026-09-06,DEL,HYD,2026-10-06,30,101.30,85.00,16.3,USD
2026-09-06,DEL,HYD,2026-10-06,30,101.30,85.00,16.3,USD
2026-09-06,DEL,HYD,2026-10-06,30,101.30,85.00,16.3,USD
2026-09-06,DEL,HYD,2026-10-06,30,102.40,86.00,16.4,USD
2026-09-06,DEL,HYD,2026-10-06,30,104.50,88.00,16.5,USD
2026-09-06,DEL,HYD,2026-10-06,30,106.60,90.00,16.6,USD
2026-09-06,DEL,HYD,2026-10-06,30,106.60,90.00,16.6,USD
2026-09-06,DEL,HYD,2026-10-06,30,106.60,90.00,16.6,USD
2026-09-06,DEL,HYD,2026-10-06,30,106.60,90.00,16.6,USD
2026-09-06,DEL,HYD,2026-10-06,30,106.60,90.00,16.6,USD
2026-09-06,DEL,HYD,2026-10-06,30,106.60,90.00,16.6,USD
2026-09-06,DEL,HYD,2026-10-21,45,73.30,62.12,11.18,USD
2026-09-06,DEL,HYD,2026-10-21,45,73.73,62.48,11.25,USD
2026-09-06,DEL,HYD,2026-10-21,45,73.98,62.69,11.29,USD
2026-09-06,DEL,HYD,2026-10-21,45,101.30,85.00,16.3,USD
2026-09-06,DEL,HYD,2026-10-21,45,101.30,85.00,16.3,USD
2026-09-06,DEL,HYD,2026-10-21,45,101.30,85.00,16.3,USD
2026-09-06,DEL,HYD,2026-10-21,45,101.30,85.00,16.3,USD
2026-09-06,DEL,HYD,2026-10-21,45,101.30,85.00,16.3,USD
2026-09-06,DEL,HYD,2026-10-21,45,101.30,85.00,16.3,USD
2026-09-06,DEL,HYD,2026-10-21,45,101.30,85.00,16.3,USD
2026-09-06,DEL,HYD,2026-10-21,45,101.30,85.00,16.3,USD
2026-09-06,DEL,HYD,2026-10-21,45,101.30,85.00,16.3,USD
2026-09-06,DEL,HYD,2026-10-21,45,102.40,86.00,16.4,USD
2026-09-06,DEL,HYD,2026-10-21,45,104.50,88.00,16.5,USD
2026-09-06,DEL,HYD,2026-10-21,45,106.60,90.00,16.6,USD
2026-09-06,DEL,HYD,2026-10-21,45,106.60,90.00,16.6,USD
2026-09-06,DEL,HYD,2026-10-21,45,106.60,90.00,16.6,USD
2026-09-06,DEL,HYD,2026-10-21,45,106.60,90.00,16.6,USD
2026-09-06,DEL,HYD,2026-10-21,45,106.60,90.00,16.6,USD
2026-09-06,DEL,HYD,2026-10-21,45,106.60,90.00,16.6,USD
2026-09-06,BOM,CCU,2026-09-07,1,86.95,73.69,13.26,USD
2026-09-06,BOM,CCU,2026-09-07,1,96.80,78.00,18.8,USD
2026-09-06,BOM,CCU,2026-09-07,1,96.80,78.00,18.8,USD
2026-09-06,BOM,CCU,2026-09-07,1,96.80,78.00,18.8,USD
2026-09-06,BOM,CCU,2026-09-07,1,96.80,78.00,18.8,USD
2026-09-06,BOM,CCU,2026-09-07,1,102.00,83.00,19,USD
2026-09-06,BOM,CCU,2026-09-07,1,102.00,83.00,19,USD
2026-09-06,BOM,CCU,2026-09-07,1,102.00,83.00,19,USD
2026-09-06,BOM,CCU,2026-09-07,1,102.00,83.00,19,USD
2026-09-06,BOM,CCU,2026-09-07,1,103.90,80.00,23.9,USD
2026-09-06,BOM,CCU,2026-09-07,1,108.10,84.00,24.1,USD
2026-09-06,BOM,CCU,2026-09-07,1,113.60,94.00,19.6,USD
2026-09-06,BOM,CCU,2026-09-07,1,113.60,94.00,19.6,USD
2026-09-06,BOM,CCU,2026-09-07,1,113.60,94.00,19.6,USD
2026-09-06,BOM,CCU,2026-09-07,1,113.60,94.00,19.6,USD
2026-09-06,BOM,CCU,2026-09-07,1,117.60,93.00,24.6,USD
2026-09-06,BOM,CCU,2026-09-07,1,144.60,118.00,26.6,USD
2026-09-06,BOM,CCU,2026-09-07,1,145.60,119.00,26.6,USD
2026-09-06,BOM,CCU,2026-09-07,1,146.70,120.00,26.7,USD
2026-09-06,BOM,CCU,2026-09-07,1,155.10,128.00,27.1,USD
2026-09-06,BOM,CCU,2026-09-13,7,88.41,74.92,13.49,USD
2026-09-06,BOM,CCU,2026-09-13,7,96.80,78.00,18.8,USD
2026-09-06,BOM,CCU,2026-09-13,7,96.80,78.00,18.8,USD
2026-09-06,BOM,CCU,2026-09-13,7,96.80,78.00,18.8,USD
2026-09-06,BOM,CCU,2026-09-13,7,96.80,78.00,18.8,USD
2026-09-06,BOM,CCU,2026-09-13,7,97.60,74.00,23.6,USD
2026-09-06,BOM,CCU,2026-09-13,7,101.80,78.00,23.8,USD
2026-09-06,BOM,CCU,2026-09-13,7,102.00,83.00,19,USD
2026-09-06,BOM,CCU,2026-09-13,7,102.00,83.00,19,USD
2026-09-06,BOM,CCU,2026-09-13,7,102.00,83.00,19,USD
2026-09-06,BOM,CCU,2026-09-13,7,102.00,83.00,19,USD
2026-09-06,BOM,CCU,2026-09-13,7,111.30,87.00,24.3,USD
2026-09-06,BOM,CCU,2026-09-13,7,113.60,94.00,19.6,USD
2026-09-06,BOM,CCU,2026-09-13,7,113.60,94.00,19.6,USD
2026-09-06,BOM,CCU,2026-09-13,7,113.60,94.00,19.6,USD
2026-09-06,BOM,CCU,2026-09-13,7,113.60,94.00,19.6,USD
2026-09-06,BOM,CCU,2026-09-13,7,144.60,118.00,26.6,USD
2026-09-06,BOM,CCU,2026-09-13,7,145.60,119.00,26.6,USD
2026-09-06,BOM,CCU,2026-09-13,7,146.70,120.00,26.7,USD
2026-09-06,BOM,CCU,2026-09-13,7,151.40,124.00,27.4,USD
2026-09-06,BOM,CCU,2026-09-21,15,89.06,75.47,13.59,USD
2026-09-06,BOM,CCU,2026-09-21,15,96.60,73.00,23.6,USD
2026-09-06,BOM,CCU,2026-09-21,15,96.80,78.00,18.8,USD
2026-09-06,BOM,CCU,2026-09-21,15,96.80,78.00,18.8,USD
2026-09-06,BOM,CCU,2026-09-21,15,96.80,78.00,18.8,USD
2026-09-06,BOM,CCU,2026-09-21,15,96.80,78.00,18.8,USD
2026-09-06,BOM,CCU,2026-09-21,15,100.80,77.00,23.8,USD
2026-09-06,BOM,CCU,2026-09-21,15,102.00,83.00,19,USD
2026-09-06,BOM,CCU,2026-09-21,15,102.00,83.00,19,USD
2026-09-06,BOM,CCU,2026-09-21,15,102.00,83.00,19,USD
2026-09-06,BOM,CCU,2026-09-21,15,102.00,83.00,19,USD
2026-09-06,BOM,CCU,2026-09-21,15,110.20,86.00,24.2,USD
2026-09-06,BOM,CCU,2026-09-21,15,113.60,94.00,19.6,USD
2026-09-06,BOM,CCU,2026-09-21,15,113.60,94.00,19.6,USD
2026-09-06,BOM,CCU,2026-09-21,15,113.60,94.00,19.6,USD
2026-09-06,BOM,CCU,2026-09-21,15,113.60,94.00,19.6,USD
2026-09-06,BOM,CCU,2026-09-21,15,144.60,118.00,26.6,USD
2026-09-06,BOM,CCU,2026-09-21,15,145.60,119.00,26.6,USD
2026-09-06,BOM,CCU,2026-09-21,15,146.70,120.00,26.7,USD
2026-09-06,BOM,CCU,2026-09-21,15,155.10,128.00,27.1,USD
2026-09-06,BOM,CCU,2026-10-06,30,85.62,72.56,13.06,USD
2026-09-06,BOM,CCU,2026-10-06,30,112.50,93.00,19.5,USD
2026-09-06,BOM,CCU,2026-10-06,30,112.50,93.00,19.5,USD
2026-09-06,BOM,CCU,2026-10-06,30,112.50,93.00,19.5,USD
2026-09-06,BOM,CCU,2026-10-06,30,116.70,97.00,19.7,USD
2026-09-06,BOM,CCU,2026-10-06,30,117.80,98.00,19.8,USD
2026-09-06,BOM,CCU,2026-10-06,30,117.80,98.00,19.8,USD
2026-09-06,BOM,CCU,2026-10-06,30,117.80,98.00,19.8,USD
2026-09-06,BOM,CCU,2026-10-06,30,117.80,98.00,19.8,USD
2026-09-06,BOM,CCU,2026-10-06,30,123.00,103.00,20,USD
2026-09-06,BOM,CCU,2026-10-06,30,124.10,104.00,20.1,USD
2026-09-06,BOM,CCU,2026-10-06,30,129.30,109.00,20.3,USD
2026-09-06,BOM,CCU,2026-10-06,30,129.30,109.00,20.3,USD
2026-09-06,BOM,CCU,2026-10-06,30,129.30,109.00,20.3,USD
2026-09-06,BOM,CCU,2026-10-06,30,134.60,114.00,20.6,USD
2026-09-06,BOM,CCU,2026-10-06,30,134.60,114.00,20.6,USD
2026-09-06,BOM,CCU,2026-10-06,30,144.60,118.00,26.6,USD
2026-09-06,BOM,CCU,2026-10-06,30,144.60,118.00,26.6,USD
2026-09-06,BOM,CCU,2026-10-06,30,155.10,128.00,27.1,USD
2026-09-06,BOM,CCU,2026-10-06,30,155.10,128.00,27.1,USD
2026-09-06,BOM,CCU,2026-10-21,45,90.10,76.36,13.74,USD
2026-09-06,BOM,CCU,2026-10-21,45,112.50,93.00,19.5,USD
2026-09-06,BOM,CCU,2026-10-21,45,117.80,98.00,19.8,USD
2026-09-06,BOM,CCU,2026-10-21,45,119.90,100.00,19.9,USD
2026-09-06,BOM,CCU,2026-10-21,45,123.00,103.00,20,USD
2026-09-06,BOM,CCU,2026-10-21,45,123.00,103.00,20,USD
2026-09-06,BOM,CCU,2026-10-21,45,125.10,105.00,20.1,USD
2026-09-06,BOM,CCU,2026-10-21,45,128.30,108.00,20.3,USD
2026-09-06,BOM,CCU,2026-10-21,45,128.30,108.00,20.3,USD
2026-09-06,BOM,CCU,2026-10-21,45,129.30,109.00,20.3,USD
2026-09-06,BOM,CCU,2026-10-21,45,133.50,113.00,20.5,USD
2026-09-06,BOM,CCU,2026-10-21,45,137.70,117.00,20.7,USD
2026-09-06,BOM,CCU,2026-10-21,45,139.80,119.00,20.8,USD
2026-09-06,BOM,CCU,2026-10-21,45,140.90,120.00,20.9,USD
2026-09-06,BOM,CCU,2026-10-21,45,140.90,120.00,20.9,USD
2026-09-06,BOM,CCU,2026-10-21,45,144.60,118.00,26.6,USD
2026-09-06,BOM,CCU,2026-10-21,45,147.70,121.00,26.7,USD
2026-09-06,BOM,CCU,2026-10-21,45,152.40,131.00,21.4,USD
2026-09-06,BOM,CCU,2026-10-21,45,154.00,127.00,27,USD
2026-09-06,BOM,CCU,2026-10-21,45,154.50,127.00,27.5,USD
2026-09-07,DEL,BOM,2026-09-08,1,68.62,58.15,10.47,USD
2026-09-07,DEL,BOM,2026-09-08,1,68.75,58.26,10.49,USD
2026-09-07,DEL,BOM,2026-09-08,1,68.95,58.43,10.52,USD
2026-09-07,DEL,BOM,2026-09-08,1,76.00,60.00,16,USD
2026-09-07,DEL,BOM,2026-09-08,1,79.10,63.00,16.1,USD
2026-09-07,DEL,BOM,2026-09-08,1,81.20,65.00,16.2,USD
2026-09-07,DEL,BOM,2026-09-08,1,83.30,67.00,16.3,USD
2026-09-07,DEL,BOM,2026-09-08,1,86.50,70.00,16.5,USD
2026-09-07,DEL,BOM,2026-09-08,1,86.50,70.00,16.5,USD
2026-09-07,DEL,BOM,2026-09-08,1,86.50,70.00,16.5,USD
2026-09-07,DEL,BOM,2026-09-08,1,86.50,70.00,16.5,USD
2026-09-07,DEL,BOM,2026-09-08,1,86.50,70.00,16.5,USD
2026-09-07,DEL,BOM,2026-09-08,1,86.50,70.00,16.5,USD
2026-09-07,DEL,BOM,2026-09-08,1,86.50,70.00,16.5,USD
2026-09-07,DEL,BOM,2026-09-08,1,86.50,70.00,16.5,USD
2026-09-07,DEL,BOM,2026-09-08,1,86.50,70.00,16.5,USD
2026-09-07,DEL,BOM,2026-09-08,1,86.50,70.00,16.5,USD
2026-09-07,DEL,BOM,2026-09-08,1,86.50,70.00,16.5,USD
2026-09-07,DEL,BOM,2026-09-08,1,86.50,70.00,16.5,USD
2026-09-07,DEL,BOM,2026-09-08,1,86.50,70.00,16.5,USD
2026-09-07,DEL,BOM,2026-09-14,7,68.39,57.96,10.43,USD
2026-09-07,DEL,BOM,2026-09-14,7,69.10,58.56,10.54,USD
2026-09-07,DEL,BOM,2026-09-14,7,70.72,59.93,10.79,USD
2026-09-07,DEL,BOM,2026-09-14,7,79.10,63.00,16.1,USD
2026-09-07,DEL,BOM,2026-09-14,7,82.30,66.00,16.3,USD
2026-09-07,DEL,BOM,2026-09-14,7,83.30,67.00,16.3,USD
2026-09-07,DEL,BOM,2026-09-14,7,86.50,70.00,16.5,USD
2026-09-07,DEL,BOM,2026-09-14,7,86.50,70.00,16.5,USD
2026-09-07,DEL,BOM,2026-09-14,7,86.50,70.00,16.5,USD
2026-09-07,DEL,BOM,2026-09-14,7,86.50,70.00,16.5,USD
2026-09-07,DEL,BOM,2026-09-14,7,86.50,70.00,16.5,USD
2026-09-07,DEL,BOM,2026-09-14,7,86.50,70.00,16.5,USD
2026-09-07,DEL,BOM,2026-09-14,7,86.50,70.00,16.5,USD
2026-09-07,DEL,BOM,2026-09-14,7,86.50,70.00,16.5,USD
2026-09-07,DEL,BOM,2026-09-14,7,86.50,70.00,16.5,USD
2026-09-07,DEL,BOM,2026-09-14,7,86.50,70.00,16.5,USD
2026-09-07,DEL,BOM,2026-09-14,7,86.50,70.00,16.5,USD
2026-09-07,DEL,BOM,2026-09-14,7,86.50,70.00,16.5,USD
2026-09-07,DEL,BOM,2026-09-14,7,88.60,72.00,16.6,USD
2026-09-07,DEL,BOM,2026-09-14,7,88.60,72.00,16.6,USD
2026-09-07,DEL,BOM,2026-09-22,15,68.23,57.82,10.41,USD
2026-09-07,DEL,BOM,2026-09-22,15,68.54,58.08,10.46,USD
2026-09-07,DEL,BOM,2026-09-22,15,70.40,59.66,10.74,USD
2026-09-07,DEL,BOM,2026-09-22,15,76.00,60.00,16,USD
2026-09-07,DEL,BOM,2026-09-22,15,76.00,60.00,16,USD
2026-09-07,DEL,BOM,2026-09-22,15,81.20,65.00,16.2,USD
2026-09-07,DEL,BOM,2026-09-22,15,81.20,65.00,16.2,USD
2026-09-07,DEL,BOM,2026-09-22,15,86.50,70.00,16.5,USD
2026-09-07,DEL,BOM,2026-09-22,15,86.50,70.00,16.5,USD
2026-09-07,DEL,BOM,2026-09-22,15,86.50,70.00,16.5,USD
2026-09-07,DEL,BOM,2026-09-22,15,86.50,70.00,16.5,USD
2026-09-07,DEL,BOM,2026-09-22,15,86.50,70.00,16.5,USD
2026-09-07,DEL,BOM,2026-09-22,15,86.50,70.00,16.5,USD
2026-09-07,DEL,BOM,2026-09-22,15,86.50,70.00,16.5,USD
2026-09-07,DEL,BOM,2026-09-22,15,86.50,70.00,16.5,USD
2026-09-07,DEL,BOM,2026-09-22,15,86.50,70.00,16.5,USD
2026-09-07,DEL,BOM,2026-09-22,15,86.50,70.00,16.5,USD
2026-09-07,DEL,BOM,2026-09-22,15,86.50,70.00,16.5,USD
2026-09-07,DEL,BOM,2026-09-22,15,86.50,70.00,16.5,USD
2026-09-07,DEL,BOM,2026-09-22,15,86.50,70.00,16.5,USD
2026-09-07,DEL,BOM,2026-10-07,30,68.56,58.10,10.46,USD
2026-09-07,DEL,BOM,2026-10-07,30,69.22,58.66,10.56,USD
2026-09-07,DEL,BOM,2026-10-07,30,69.89,59.23,10.66,USD
2026-09-07,DEL,BOM,2026-10-07,30,81.20,65.00,16.2,USD
2026-09-07,DEL,BOM,2026-10-07,30,81.20,65.00,16.2,USD
2026-09-07,DEL,BOM,2026-10-07,30,85.40,69.00,16.4,USD
2026-09-07,DEL,BOM,2026-10-07,30,85.40,69.00,16.4,USD
2026-09-07,DEL,BOM,2026-10-07,30,94.90,78.00,16.9,USD
2026-09-07,DEL,BOM,2026-10-07,30,94.90,78.00,16.9,USD
2026-09-07,DEL,BOM,2026-10-07,30,95.90,79.00,16.9,USD
2026-09-07,DEL,BOM,2026-10-07,30,95.90,79.00,16.9,USD
2026-09-07,DEL,BOM,2026-10-07,30,95.90,79.00,16.9,USD
2026-09-07,DEL,BOM,2026-10-07,30,95.90,79.00,16.9,USD
2026-09-07,DEL,BOM,2026-10-07,30,95.90,79.00,16.9,USD
2026-09-07,DEL,BOM,2026-10-07,30,95.90,79.00,16.9,USD
2026-09-07,DEL,BOM,2026-10-07,30,95.90,79.00,16.9,USD
2026-09-07,DEL,BOM,2026-10-07,30,95.90,79.00,16.9,USD
2026-09-07,DEL,BOM,2026-10-07,30,95.90,79.00,16.9,USD
2026-09-07,DEL,BOM,2026-10-07,30,95.90,79.00,16.9,USD
2026-09-07,DEL,BOM,2026-10-07,30,95.90,79.00,16.9,USD
2026-09-07,DEL,BOM,2026-10-22,45,68.68,58.20,10.48,USD
2026-09-07,DEL,BOM,2026-10-22,45,70.88,60.07,10.81,USD
2026-09-07,DEL,BOM,2026-10-22,45,71.08,60.24,10.84,USD
2026-09-07,DEL,BOM,2026-10-22,45,81.20,65.00,16.2,USD
2026-09-07,DEL,BOM,2026-10-22,45,81.20,65.00,16.2,USD
2026-09-07,DEL,BOM,2026-10-22,45,85.40,69.00,16.4,USD
2026-09-07,DEL,BOM,2026-10-22,45,85.40,69.00,16.4,USD
2026-09-07,DEL,BOM,2026-10-22,45,94.90,78.00,16.9,USD
2026-09-07,DEL,BOM,2026-10-22,45,94.90,78.00,16.9,USD
2026-09-07,DEL,BOM,2026-10-22,45,95.90,79.00,16.9,USD
2026-09-07,DEL,BOM,2026-10-22,45,95.90,79.00,16.9,USD
2026-09-07,DEL,BOM,2026-10-22,45,95.90,79.00,16.9,USD
2026-09-07,DEL,BOM,2026-10-22,45,95.90,79.00,16.9,USD
2026-09-07,DEL,BOM,2026-10-22,45,95.90,79.00,16.9,USD
2026-09-07,DEL,BOM,2026-10-22,45,95.90,79.00,16.9,USD
2026-09-07,DEL,BOM,2026-10-22,45,95.90,79.00,16.9,USD
2026-09-07,DEL,BOM,2026-10-22,45,95.90,79.00,16.9,USD
2026-09-07,DEL,BOM,2026-10-22,45,98.00,81.00,17,USD
2026-09-07,DEL,BOM,2026-10-22,45,99.10,82.00,17.1,USD
2026-09-07,DEL,BOM,2026-10-22,45,99.10,82.00,17.1,USD
2026-09-07,DEL,BLR,2026-09-08,1,91.28,77.36,13.92,USD
2026-09-07,DEL,BLR,2026-09-08,1,91.53,77.57,13.96,USD
2026-09-07,DEL,BLR,2026-09-08,1,91.87,77.86,14.01,USD
2026-09-07,DEL,BLR,2026-09-08,1,110.80,87.00,23.8,USD
2026-09-07,DEL,BLR,2026-09-08,1,110.80,87.00,23.8,USD
2026-09-07,DEL,BLR,2026-09-08,1,110.80,87.00,23.8,USD
2026-09-07,DEL,BLR,2026-09-08,1,111.90,93.00,18.9,USD
2026-09-07,DEL,BLR,2026-09-08,1,113.00,94.00,19,USD
2026-09-07,DEL,BLR,2026-09-08,1,113.00,94.00,19,USD
2026-09-07,DEL,BLR,2026-09-08,1,113.00,94.00,19,USD
2026-09-07,DEL,BLR,2026-09-08,1,113.00,94.00,19,USD
2026-09-07,DEL,BLR,2026-09-08,1,113.00,94.00,19,USD
2026-09-07,DEL,BLR,2026-09-08,1,113.00,94.00,19,USD
2026-09-07,DEL,BLR,2026-09-08,1,116.10,97.00,19.1,USD
2026-09-07,DEL,BLR,2026-09-08,1,117.20,98.00,19.2,USD
2026-09-07,DEL,BLR,2026-09-08,1,118.10,94.00,24.1,USD
2026-09-07,DEL,BLR,2026-09-08,1,118.10,94.00,24.1,USD
2026-09-07,DEL,BLR,2026-09-08,1,119.20,95.00,24.2,USD
2026-09-07,DEL,BLR,2026-09-08,1,119.20,95.00,24.2,USD
2026-09-07,DEL,BLR,2026-09-08,1,119.20,95.00,24.2,USD
2026-09-07,DEL,BLR,2026-09-14,7,86.89,73.64,13.25,USD
2026-09-07,DEL,BLR,2026-09-14,7,88.80,75.25,13.55,USD
2026-09-07,DEL,BLR,2026-09-14,7,89.37,75.74,13.63,USD
2026-09-07,DEL,BLR,2026-09-14,7,110.80,87.00,23.8,USD
2026-09-07,DEL,BLR,2026-09-14,7,110.80,87.00,23.8,USD
2026-09-07,DEL,BLR,2026-09-14,7,110.80,87.00,23.8,USD
2026-09-07,DEL,BLR,2026-09-14,7,111.90,93.00,18.9,USD
2026-09-07,DEL,BLR,2026-09-14,7,113.00,94.00,19,USD
2026-09-07,DEL,BLR,2026-09-14,7,113.00,94.00,19,USD
2026-09-07,DEL,BLR,2026-09-14,7,113.00,94.00,19,USD
2026-09-07,DEL,BLR,2026-09-14,7,113.00,94.00,19,USD
2026-09-07,DEL,BLR,2026-09-14,7,113.00,94.00,19,USD
2026-09-07,DEL,BLR,2026-09-14,7,116.10,97.00,19.1,USD
2026-09-07,DEL,BLR,2026-09-14,7,116.10,97.00,19.1,USD
2026-09-07,DEL,BLR,2026-09-14,7,118.10,94.00,24.1,USD
2026-09-07,DEL,BLR,2026-09-14,7,119.20,95.00,24.2,USD
2026-09-07,DEL,BLR,2026-09-14,7,119.20,95.00,24.2,USD
2026-09-07,DEL,BLR,2026-09-14,7,119.20,95.00,24.2,USD
2026-09-07,DEL,BLR,2026-09-14,7,119.30,100.00,19.3,USD
2026-09-07,DEL,BLR,2026-09-14,7,119.30,100.00,19.3,USD
2026-09-07,DEL,BLR,2026-09-22,15,89.99,76.26,13.73,USD
2026-09-07,DEL,BLR,2026-09-22,15,90.73,76.89,13.84,USD
2026-09-07,DEL,BLR,2026-09-22,15,92.17,78.11,14.06,USD
2026-09-07,DEL,BLR,2026-09-22,15,110.80,87.00,23.8,USD
2026-09-07,DEL,BLR,2026-09-22,15,110.80,87.00,23.8,USD
2026-09-07,DEL,BLR,2026-09-22,15,110.80,87.00,23.8,USD
2026-09-07,DEL,BLR,2026-09-22,15,111.90,93.00,18.9,USD
2026-09-07,DEL,BLR,2026-09-22,15,113.00,94.00,19,USD
2026-09-07,DEL,BLR,2026-09-22,15,113.00,94.00,19,USD
2026-09-07,DEL,BLR,2026-09-22,15,113.00,94.00,19,USD
2026-09-07,DEL,BLR,2026-09-22,15,113.00,94.00,19,USD
2026-09-07,DEL,BLR,2026-09-22,15,113.00,94.00,19,USD
2026-09-07,DEL,BLR,2026-09-22,15,113.00,94.00,19,USD
2026-09-07,DEL,BLR,2026-09-22,15,116.10,97.00,19.1,USD
2026-09-07,DEL,BLR,2026-09-22,15,116.10,97.00,19.1,USD
2026-09-07,DEL,BLR,2026-09-22,15,118.10,94.00,24.1,USD
2026-09-07,DEL,BLR,2026-09-22,15,119.20,95.00,24.2,USD
2026-09-07,DEL,BLR,2026-09-22,15,119.20,95.00,24.2,USD
2026-09-07,DEL,BLR,2026-09-22,15,119.20,95.00,24.2,USD
2026-09-07,DEL,BLR,2026-09-22,15,119.30,100.00,19.3,USD
2026-09-07,DEL,BLR,2026-10-07,30,87.91,74.50,13.41,USD
2026-09-07,DEL,BLR,2026-10-07,30,88.53,75.03,13.50,USD
2026-09-07,DEL,BLR,2026-10-07,30,89.02,75.44,13.58,USD
2026-09-07,DEL,BLR,2026-10-07,30,113.00,94.00,19,USD
2026-09-07,DEL,BLR,2026-10-07,30,113.00,94.00,19,USD
2026-09-07,DEL,BLR,2026-10-07,30,113.00,94.00,19,USD
2026-09-07,DEL,BLR,2026-10-07,30,113.00,94.00,19,USD
2026-09-07,DEL,BLR,2026-10-07,30,113.00,94.00,19,USD
2026-09-07,DEL,BLR,2026-10-07,30,113.00,94.00,19,USD
2026-09-07,DEL,BLR,2026-10-07,30,113.00,94.00,19,USD
2026-09-07,DEL,BLR,2026-10-07,30,113.00,94.00,19,USD
2026-09-07,DEL,BLR,2026-10-07,30,116.00,92.00,24,USD
2026-09-07,DEL,BLR,2026-10-07,30,116.10,97.00,19.1,USD
2026-09-07,DEL,BLR,2026-10-07,30,117.10,93.00,24.1,USD
2026-09-07,DEL,BLR,2026-10-07,30,118.20,99.00,19.2,USD
2026-09-07,DEL,BLR,2026-10-07,30,118.20,99.00,19.2,USD
2026-09-07,DEL,BLR,2026-10-07,30,119.30,100.00,19.3,USD
2026-09-07,DEL,BLR,2026-10-07,30,119.30,100.00,19.3,USD
2026-09-07,DEL,BLR,2026-10-07,30,119.30,100.00,19.3,USD
2026-09-07,DEL,BLR,2026-10-07,30,119.30,100.00,19.3,USD
2026-09-07,DEL,BLR,2026-10-22,45,89.65,75.97,13.68,USD
2026-09-07,DEL,BLR,2026-10-22,45,91.82,77.81,14.01,USD
2026-09-07,DEL,BLR,2026-10-22,45,92.06,78.02,14.04,USD
2026-09-07,DEL,BLR,2026-10-22,45,110.80,87.00,23.8,USD
2026-09-07,DEL,BLR,2026-10-22,45,110.80,87.00,23.8,USD
2026-09-07,DEL,BLR,2026-10-22,45,113.00,94.00,19,USD
2026-09-07,DEL,BLR,2026-10-22,45,113.00,94.00,19,USD
2026-09-07,DEL,BLR,2026-10-22,45,113.00,94.00,19,USD
2026-09-07,DEL,BLR,2026-10-22,45,113.00,94.00,19,USD
2026-09-07,DEL,BLR,2026-10-22,45,113.00,94.00,19,USD
2026-09-07,DEL,BLR,2026-10-22,45,113.00,94.00,19,USD
2026-09-07,DEL,BLR,2026-10-22,45,113.00,94.00,19,USD
2026-09-07,DEL,BLR,2026-10-22,45,116.00,92.00,24,USD
2026-09-07,DEL,BLR,2026-10-22,45,116.10,97.00,19.1,USD
2026-09-07,DEL,BLR,2026-10-22,45,116.10,97.00,19.1,USD
2026-09-07,DEL,BLR,2026-10-22,45,116.10,97.00,19.1,USD
2026-09-07,DEL,BLR,2026-10-22,45,117.10,93.00,24.1,USD
2026-09-07,DEL,BLR,2026-10-22,45,119.20,95.00,24.2,USD
2026-09-07,DEL,BLR,2026-10-22,45,119.20,95.00,24.2,USD
2026-09-07,DEL,BLR,2026-10-22,45,119.30,100.00,19.3,USD
2026-09-07,BOM,BLR,2026-09-08,1,59.56,50.47,9.09,USD
2026-09-07,BOM,BLR,2026-09-08,1,59.59,50.50,9.09,USD
2026-09-07,BOM,BLR,2026-09-08,1,79.00,61.00,18,USD
2026-09-07,BOM,BLR,2026-09-08,1,79.00,61.00,18,USD
2026-09-07,BOM,BLR,2026-09-08,1,84.30,66.00,18.3,USD
2026-09-07,BOM,BLR,2026-09-08,1,84.30,66.00,18.3,USD
2026-09-07,BOM,BLR,2026-09-08,1,88.50,70.00,18.5,USD
2026-09-07,BOM,BLR,2026-09-08,1,88.50,70.00,18.5,USD
2026-09-07,BOM,BLR,2026-09-08,1,92.70,74.00,18.7,USD
2026-09-07,BOM,BLR,2026-09-08,1,92.70,74.00,18.7,USD
2026-09-07,BOM,BLR,2026-09-08,1,92.90,78.00,14.9,USD
2026-09-07,BOM,BLR,2026-09-08,1,92.90,78.00,14.9,USD
2026-09-07,BOM,BLR,2026-09-08,1,92.90,78.00,14.9,USD
2026-09-07,BOM,BLR,2026-09-08,1,92.90,78.00,14.9,USD
2026-09-07,BOM,BLR,2026-09-08,1,92.90,78.00,14.9,USD
2026-09-07,BOM,BLR,2026-09-08,1,95.00,80.00,15,USD
2026-09-07,BOM,BLR,2026-09-08,1,95.00,80.00,15,USD
2026-09-07,BOM,BLR,2026-09-08,1,97.90,79.00,18.9,USD
2026-09-07,BOM,BLR,2026-09-08,1,97.90,79.00,18.9,USD
2026-09-07,BOM,BLR,2026-09-08,1,98.20,83.00,15.2,USD
2026-09-07,BOM,BLR,2026-09-14,7,59.33,50.28,9.05,USD
2026-09-07,BOM,BLR,2026-09-14,7,59.85,50.72,9.13,USD
2026-09-07,BOM,BLR,2026-09-14,7,78.00,60.00,18,USD
2026-09-07,BOM,BLR,2026-09-14,7,78.00,60.00,18,USD
2026-09-07,BOM,BLR,2026-09-14,7,83.20,65.00,18.2,USD
2026-09-07,BOM,BLR,2026-09-14,7,83.20,65.00,18.2,USD
2026-09-07,BOM,BLR,2026-09-14,7,88.50,70.00,18.5,USD
2026-09-07,BOM,BLR,2026-09-14,7,91.60,73.00,18.6,USD
2026-09-07,BOM,BLR,2026-09-14,7,91.60,73.00,18.6,USD
2026-09-07,BOM,BLR,2026-09-14,7,92.90,78.00,14.9,USD
2026-09-07,BOM,BLR,2026-09-14,7,94.80,76.00,18.8,USD
2026-09-07,BOM,BLR,2026-09-14,7,97.10,82.00,15.1,USD
2026-09-07,BOM,BLR,2026-09-14,7,97.10,82.00,15.1,USD
2026-09-07,BOM,BLR,2026-09-14,7,97.10,82.00,15.1,USD
2026-09-07,BOM,BLR,2026-09-14,7,97.90,79.00,18.9,USD
2026-09-07,BOM,BLR,2026-09-14,7,98.20,83.00,15.2,USD
2026-09-07,BOM,BLR,2026-09-14,7,99.20,84.00,15.2,USD
2026-09-07,BOM,BLR,2026-09-14,7,100.30,85.00,15.3,USD
2026-09-07,BOM,BLR,2026-09-14,7,100.30,85.00,15.3,USD
2026-09-07,BOM,BLR,2026-09-14,7,100.30,85.00,15.3,USD
2026-09-07,BOM,BLR,2026-09-22,15,57.82,49.00,8.82,USD
2026-09-07,BOM,BLR,2026-09-22,15,58.76,49.80,8.96,USD
2026-09-07,BOM,BLR,2026-09-22,15,78.00,60.00,18,USD
2026-09-07,BOM,BLR,2026-09-22,15,78.00,60.00,18,USD
2026-09-07,BOM,BLR,2026-09-22,15,83.20,65.00,18.2,USD
2026-09-07,BOM,BLR,2026-09-22,15,83.20,65.00,18.2,USD
2026-09-07,BOM,BLR,2026-09-22,15,88.50,70.00,18.5,USD
2026-09-07,BOM,BLR,2026-09-22,15,91.60,73.00,18.6,USD
2026-09-07,BOM,BLR,2026-09-22,15,91.60,73.00,18.6,USD
2026-09-07,BOM,BLR,2026-09-22,15,92.90,78.00,14.9,USD
2026-09-07,BOM,BLR,2026-09-22,15,92.90,78.00,14.9,USD
2026-09-07,BOM,BLR,2026-09-22,15,92.90,78.00,14.9,USD
2026-09-07,BOM,BLR,2026-09-22,15,92.90,78.00,14.9,USD
2026-09-07,BOM,BLR,2026-09-22,15,92.90,78.00,14.9,USD
2026-09-07,BOM,BLR,2026-09-22,15,94.80,76.00,18.8,USD
2026-09-07,BOM,BLR,2026-09-22,15,95.00,80.00,15,USD
2026-09-07,BOM,BLR,2026-09-22,15,95.00,80.00,15,USD
2026-09-07,BOM,BLR,2026-09-22,15,97.90,79.00,18.9,USD
2026-09-07,BOM,BLR,2026-09-22,15,98.20,83.00,15.2,USD
2026-09-07,BOM,BLR,2026-09-22,15,98.20,83.00,15.2,USD
2026-09-07,BOM,BLR,2026-10-07,30,57.92,49.08,8.84,USD
2026-09-07,BOM,BLR,2026-10-07,30,60.54,51.31,9.23,USD
2026-09-07,BOM,BLR,2026-10-07,30,87.70,73.00,14.7,USD
2026-09-07,BOM,BLR,2026-10-07,30,87.70,73.00,14.7,USD
2026-09-07,BOM,BLR,2026-10-07,30,87.70,73.00,14.7,USD
2026-09-07,BOM,BLR,2026-10-07,30,87.70,73.00,14.7,USD
2026-09-07,BOM,BLR,2026-10-07,30,90.80,76.00,14.8,USD
2026-09-07,BOM,BLR,2026-10-07,30,91.90,77.00,14.9,USD
2026-09-07,BOM,BLR,2026-10-07,30,92.70,74.00,18.7,USD
2026-09-07,BOM,BLR,2026-10-07,30,92.70,74.00,18.7,USD
2026-09-07,BOM,BLR,2026-10-07,30,94.00,79.00,15,USD
2026-09-07,BOM,BLR,2026-10-07,30,94.00,79.00,15,USD
2026-09-07,BOM,BLR,2026-10-07,30,94.00,79.00,15,USD
2026-09-07,BOM,BLR,2026-10-07,30,94.00,79.00,15,USD
2026-09-07,BOM,BLR,2026-10-07,30,97.10,82.00,15.1,USD
2026-09-07,BOM,BLR,2026-10-07,30,97.10,82.00,15.1,USD
2026-09-07,BOM,BLR,2026-10-07,30,97.10,82.00,15.1,USD
2026-09-07,BOM,BLR,2026-10-07,30,97.10,82.00,15.1,USD
2026-09-07,BOM,BLR,2026-10-07,30,100.30,85.00,15.3,USD
2026-09-07,BOM,BLR,2026-10-07,30,100.30,85.00,15.3,USD
2026-09-07,BOM,BLR,2026-10-22,45,59.72,50.61,9.11,USD
2026-09-07,BOM,BLR,2026-10-22,45,60.11,50.94,9.17,USD
2026-09-07,BOM,BLR,2026-10-22,45,87.70,73.00,14.7,USD
2026-09-07,BOM,BLR,2026-10-22,45,87.70,73.00,14.7,USD
2026-09-07,BOM,BLR,2026-10-22,45,87.70,73.00,14.7,USD
2026-09-07,BOM,BLR,2026-10-22,45,87.70,73.00,14.7,USD
2026-09-07,BOM,BLR,2026-10-22,45,90.80,76.00,14.8,USD
2026-09-07,BOM,BLR,2026-10-22,45,92.70,74.00,18.7,USD
2026-09-07,BOM,BLR,2026-10-22,45,92.70,74.00,18.7,USD
2026-09-07,BOM,BLR,2026-10-22,45,92.90,78.00,14.9,USD
2026-09-07,BOM,BLR,2026-10-22,45,94.00,79.00,15,USD
2026-09-07,BOM,BLR,2026-10-22,45,94.00,79.00,15,USD
2026-09-07,BOM,BLR,2026-10-22,45,94.00,79.00,15,USD
2026-09-07,BOM,BLR,2026-10-22,45,94.00,79.00,15,USD
2026-09-07,BOM,BLR,2026-10-22,45,97.10,82.00,15.1,USD
2026-09-07,BOM,BLR,2026-10-22,45,98.20,83.00,15.2,USD
2026-09-07,BOM,BLR,2026-10-22,45,100.30,85.00,15.3,USD
2026-09-07,BOM,BLR,2026-10-22,45,101.10,82.00,19.1,USD
2026-09-07,BOM,BLR,2026-10-22,45,101.10,82.00,19.1,USD
2026-09-07,BOM,BLR,2026-10-22,45,104.50,89.00,15.5,USD
2026-09-07,DEL,HYD,2026-09-08,1,72.42,61.37,11.05,USD
2026-09-07,DEL,HYD,2026-09-08,1,72.84,61.73,11.11,USD
2026-09-07,DEL,HYD,2026-09-08,1,73.61,62.38,11.23,USD
2026-09-07,DEL,HYD,2026-09-08,1,84.50,69.00,15.5,USD
2026-09-07,DEL,HYD,2026-09-08,1,84.50,69.00,15.5,USD
2026-09-07,DEL,HYD,2026-09-08,1,84.50,69.00,15.5,USD
2026-09-07,DEL,HYD,2026-09-08,1,84.50,69.00,15.5,USD
2026-09-07,DEL,HYD,2026-09-08,1,84.50,69.00,15.5,USD
2026-09-07,DEL,HYD,2026-09-08,1,84.50,69.00,15.5,USD
2026-09-07,DEL,HYD,2026-09-08,1,84.50,69.00,15.5,USD
2026-09-07,DEL,HYD,2026-09-08,1,84.50,69.00,15.5,USD
2026-09-07,DEL,HYD,2026-09-08,1,84.50,69.00,15.5,USD
2026-09-07,DEL,HYD,2026-09-08,1,84.50,69.00,15.5,USD
2026-09-07,DEL,HYD,2026-09-08,1,84.50,69.00,15.5,USD
2026-09-07,DEL,HYD,2026-09-08,1,87.70,72.00,15.7,USD
2026-09-07,DEL,HYD,2026-09-08,1,90.80,75.00,15.8,USD
2026-09-07,DEL,HYD,2026-09-08,1,90.80,75.00,15.8,USD
2026-09-07,DEL,HYD,2026-09-08,1,90.80,75.00,15.8,USD
2026-09-07,DEL,HYD,2026-09-08,1,90.80,75.00,15.8,USD
2026-09-07,DEL,HYD,2026-09-08,1,90.80,75.00,15.8,USD
2026-09-07,DEL,HYD,2026-09-14,7,72.61,61.53,11.08,USD
2026-09-07,DEL,HYD,2026-09-14,7,75.16,63.69,11.47,USD
2026-09-07,DEL,HYD,2026-09-14,7,76.29,64.65,11.64,USD
2026-09-07,DEL,HYD,2026-09-14,7,84.50,69.00,15.5,USD
2026-09-07,DEL,HYD,2026-09-14,7,84.50,69.00,15.5,USD
2026-09-07,DEL,HYD,2026-09-14,7,84.50,69.00,15.5,USD
2026-09-07,DEL,HYD,2026-09-14,7,84.50,69.00,15.5,USD
2026-09-07,DEL,HYD,2026-09-14,7,84.50,69.00,15.5,USD
2026-09-07,DEL,HYD,2026-09-14,7,84.50,69.00,15.5,USD
2026-09-07,DEL,HYD,2026-09-14,7,84.50,69.00,15.5,USD
2026-09-07,DEL,HYD,2026-09-14,7,84.50,69.00,15.5,USD
2026-09-07,DEL,HYD,2026-09-14,7,84.50,69.00,15.5,USD
2026-09-07,DEL,HYD,2026-09-14,7,84.50,69.00,15.5,USD
2026-09-07,DEL,HYD,2026-09-14,7,87.70,72.00,15.7,USD
2026-09-07,DEL,HYD,2026-09-14,7,90.80,75.00,15.8,USD
2026-09-07,DEL,HYD,2026-09-14,7,90.80,75.00,15.8,USD
2026-09-07,DEL,HYD,2026-09-14,7,90.80,75.00,15.8,USD
2026-09-07,DEL,HYD,2026-09-14,7,90.80,75.00,15.8,USD
2026-09-07,DEL,HYD,2026-09-14,7,90.80,75.00,15.8,USD
2026-09-07,DEL,HYD,2026-09-14,7,90.80,75.00,15.8,USD
2026-09-07,DEL,HYD,2026-09-22,15,73.33,62.14,11.19,USD
2026-09-07,DEL,HYD,2026-09-22,15,73.52,62.31,11.21,USD
2026-09-07,DEL,HYD,2026-09-22,15,73.56,62.34,11.22,USD
2026-09-07,DEL,HYD,2026-09-22,15,84.50,69.00,15.5,USD
2026-09-07,DEL,HYD,2026-09-22,15,84.50,69.00,15.5,USD
2026-09-07,DEL,HYD,2026-09-22,15,84.50,69.00,15.5,USD
2026-09-07,DEL,HYD,2026-09-22,15,84.50,69.00,15.5,USD
2026-09-07,DEL,HYD,2026-09-22,15,84.50,69.00,15.5,USD
2026-09-07,DEL,HYD,2026-09-22,15,84.50,69.00,15.5,USD
2026-09-07,DEL,HYD,2026-09-22,15,84.50,69.00,15.5,USD
2026-09-07,DEL,HYD,2026-09-22,15,84.50,69.00,15.5,USD
2026-09-07,DEL,HYD,2026-09-22,15,84.50,69.00,15.5,USD
2026-09-07,DEL,HYD,2026-09-22,15,84.50,69.00,15.5,USD
2026-09-07,DEL,HYD,2026-09-22,15,84.50,69.00,15.5,USD
2026-09-07,DEL,HYD,2026-09-22,15,84.50,69.00,15.5,USD
2026-09-07,DEL,HYD,2026-09-22,15,90.80,75.00,15.8,USD
2026-09-07,DEL,HYD,2026-09-22,15,90.80,75.00,15.8,USD
2026-09-07,DEL,HYD,2026-09-22,15,90.80,75.00,15.8,USD
2026-09-07,DEL,HYD,2026-09-22,15,90.80,75.00,15.8,USD
2026-09-07,DEL,HYD,2026-09-22,15,90.80,75.00,15.8,USD
2026-09-07,DEL,HYD,2026-10-07,30,74.12,62.81,11.31,USD
2026-09-07,DEL,HYD,2026-10-07,30,74.46,63.10,11.36,USD
2026-09-07,DEL,HYD,2026-10-07,30,74.83,63.42,11.41,USD
2026-09-07,DEL,HYD,2026-10-07,30,101.30,85.00,16.3,USD
2026-09-07,DEL,HYD,2026-10-07,30,101.30,85.00,16.3,USD
2026-09-07,DEL,HYD,2026-10-07,30,101.30,85.00,16.3,USD
2026-09-07,DEL,HYD,2026-10-07,30,101.30,85.00,16.3,USD
2026-09-07,DEL,HYD,2026-10-07,30,101.30,85.00,16.3,USD
2026-09-07,DEL,HYD,2026-10-07,30,101.30,85.00,16.3,USD
2026-09-07,DEL,HYD,2026-10-07,30,101.30,85.00,16.3,USD
2026-09-07,DEL,HYD,2026-10-07,30,101.30,85.00,16.3,USD
2026-09-07,DEL,HYD,2026-10-07,30,101.30,85.00,16.3,USD
2026-09-07,DEL,HYD,2026-10-07,30,102.40,86.00,16.4,USD
2026-09-07,DEL,HYD,2026-10-07,30,104.50,88.00,16.5,USD
2026-09-07,DEL,HYD,2026-10-07,30,106.60,90.00,16.6,USD
2026-09-07,DEL,HYD,2026-10-07,30,106.60,90.00,16.6,USD
2026-09-07,DEL,HYD,2026-10-07,30,106.60,90.00,16.6,USD
2026-09-07,DEL,HYD,2026-10-07,30,106.60,90.00,16.6,USD
2026-09-07,DEL,HYD,2026-10-07,30,106.60,90.00,16.6,USD
2026-09-07,DEL,HYD,2026-10-07,30,106.60,90.00,16.6,USD
2026-09-07,DEL,HYD,2026-10-22,45,73.99,62.70,11.29,USD
2026-09-07,DEL,HYD,2026-10-22,45,75.57,64.04,11.53,USD
2026-09-07,DEL,HYD,2026-10-22,45,75.71,64.16,11.55,USD
2026-09-07,DEL,HYD,2026-10-22,45,101.30,85.00,16.3,USD
2026-09-07,DEL,HYD,2026-10-22,45,101.30,85.00,16.3,USD
2026-09-07,DEL,HYD,2026-10-22,45,101.30,85.00,16.3,USD
2026-09-07,DEL,HYD,2026-10-22,45,101.30,85.00,16.3,USD
2026-09-07,DEL,HYD,2026-10-22,45,101.30,85.00,16.3,USD
2026-09-07,DEL,HYD,2026-10-22,45,101.30,85.00,16.3,USD
2026-09-07,DEL,HYD,2026-10-22,45,101.30,85.00,16.3,USD
2026-09-07,DEL,HYD,2026-10-22,45,101.30,85.00,16.3,USD
2026-09-07,DEL,HYD,2026-10-22,45,102.40,86.00,16.4,USD
2026-09-07,DEL,HYD,2026-10-22,45,102.40,86.00,16.4,USD
2026-09-07,DEL,HYD,2026-10-22,45,104.50,88.00,16.5,USD
2026-09-07,DEL,HYD,2026-10-22,45,105.50,89.00,16.5,USD
2026-09-07,DEL,HYD,2026-10-22,45,106.60,90.00,16.6,USD
2026-09-07,DEL,HYD,2026-10-22,45,106.60,90.00,16.6,USD
2026-09-07,DEL,HYD,2026-10-22,45,106.60,90.00,16.6,USD
2026-09-07,DEL,HYD,2026-10-22,45,106.60,90.00,16.6,USD
2026-09-07,DEL,HYD,2026-10-22,45,106.60,90.00,16.6,USD
2026-09-07,BOM,CCU,2026-09-08,1,90.56,76.75,13.81,USD
2026-09-07,BOM,CCU,2026-09-08,1,96.80,78.00,18.8,USD
2026-09-07,BOM,CCU,2026-09-08,1,96.80,78.00,18.8,USD
2026-09-07,BOM,CCU,2026-09-08,1,96.80,78.00,18.8,USD
2026-09-07,BOM,CCU,2026-09-08,1,96.80,78.00,18.8,USD
2026-09-07,BOM,CCU,2026-09-08,1,97.60,74.00,23.6,USD
2026-09-07,BOM,CCU,2026-09-08,1,101.80,78.00,23.8,USD
2026-09-07,BOM,CCU,2026-09-08,1,102.00,83.00,19,USD
2026-09-07,BOM,CCU,2026-09-08,1,102.00,83.00,19,USD
2026-09-07,BOM,CCU,2026-09-08,1,102.00,83.00,19,USD
2026-09-07,BOM,CCU,2026-09-08,1,102.00,83.00,19,USD
2026-09-07,BOM,CCU,2026-09-08,1,111.30,87.00,24.3,USD
2026-09-07,BOM,CCU,2026-09-08,1,113.60,94.00,19.6,USD
2026-09-07,BOM,CCU,2026-09-08,1,113.60,94.00,19.6,USD
2026-09-07,BOM,CCU,2026-09-08,1,113.60,94.00,19.6,USD
2026-09-07,BOM,CCU,2026-09-08,1,113.60,94.00,19.6,USD
2026-09-07,BOM,CCU,2026-09-08,1,144.60,118.00,26.6,USD
2026-09-07,BOM,CCU,2026-09-08,1,144.60,118.00,26.6,USD
2026-09-07,BOM,CCU,2026-09-08,1,145.60,119.00,26.6,USD
2026-09-07,BOM,CCU,2026-09-08,1,155.10,128.00,27.1,USD
2026-09-07,BOM,CCU,2026-09-14,7,88.28,74.81,13.47,USD
2026-09-07,BOM,CCU,2026-09-14,7,96.60,73.00,23.6,USD
2026-09-07,BOM,CCU,2026-09-14,7,96.80,78.00,18.8,USD
2026-09-07,BOM,CCU,2026-09-14,7,96.80,78.00,18.8,USD
2026-09-07,BOM,CCU,2026-09-14,7,96.80,78.00,18.8,USD
2026-09-07,BOM,CCU,2026-09-14,7,96.80,78.00,18.8,USD
2026-09-07,BOM,CCU,2026-09-14,7,100.80,77.00,23.8,USD
2026-09-07,BOM,CCU,2026-09-14,7,102.00,83.00,19,USD
2026-09-07,BOM,CCU,2026-09-14,7,102.00,83.00,19,USD
2026-09-07,BOM,CCU,2026-09-14,7,102.00,83.00,19,USD
2026-09-07,BOM,CCU,2026-09-14,7,102.00,83.00,19,USD
2026-09-07,BOM,CCU,2026-09-14,7,110.20,86.00,24.2,USD
2026-09-07,BOM,CCU,2026-09-14,7,113.60,94.00,19.6,USD
2026-09-07,BOM,CCU,2026-09-14,7,113.60,94.00,19.6,USD
2026-09-07,BOM,CCU,2026-09-14,7,113.60,94.00,19.6,USD
2026-09-07,BOM,CCU,2026-09-14,7,113.60,94.00,19.6,USD
2026-09-07,BOM,CCU,2026-09-14,7,144.60,118.00,26.6,USD
2026-09-07,BOM,CCU,2026-09-14,7,145.60,119.00,26.6,USD
2026-09-07,BOM,CCU,2026-09-14,7,146.70,120.00,26.7,USD
2026-09-07,BOM,CCU,2026-09-14,7,155.10,128.00,27.1,USD
2026-09-07,BOM,CCU,2026-09-22,15,89.07,75.48,13.59,USD
2026-09-07,BOM,CCU,2026-09-22,15,96.60,73.00,23.6,USD
2026-09-07,BOM,CCU,2026-09-22,15,96.80,78.00,18.8,USD
2026-09-07,BOM,CCU,2026-09-22,15,96.80,78.00,18.8,USD
2026-09-07,BOM,CCU,2026-09-22,15,96.80,78.00,18.8,USD
2026-09-07,BOM,CCU,2026-09-22,15,96.80,78.00,18.8,USD
2026-09-07,BOM,CCU,2026-09-22,15,100.80,77.00,23.8,USD
2026-09-07,BOM,CCU,2026-09-22,15,102.00,83.00,19,USD
2026-09-07,BOM,CCU,2026-09-22,15,102.00,83.00,19,USD
2026-09-07,BOM,CCU,2026-09-22,15,102.00,83.00,19,USD
2026-09-07,BOM,CCU,2026-09-22,15,102.00,83.00,19,USD
2026-09-07,BOM,CCU,2026-09-22,15,110.20,86.00,24.2,USD
2026-09-07,BOM,CCU,2026-09-22,15,113.60,94.00,19.6,USD
2026-09-07,BOM,CCU,2026-09-22,15,113.60,94.00,19.6,USD
2026-09-07,BOM,CCU,2026-09-22,15,113.60,94.00,19.6,USD
2026-09-07,BOM,CCU,2026-09-22,15,113.60,94.00,19.6,USD
2026-09-07,BOM,CCU,2026-09-22,15,144.60,118.00,26.6,USD
2026-09-07,BOM,CCU,2026-09-22,15,144.60,118.00,26.6,USD
2026-09-07,BOM,CCU,2026-09-22,15,145.60,119.00,26.6,USD
2026-09-07,BOM,CCU,2026-09-22,15,155.10,128.00,27.1,USD
2026-09-07,BOM,CCU,2026-10-07,30,87.12,73.83,13.29,USD
2026-09-07,BOM,CCU,2026-10-07,30,112.50,93.00,19.5,USD
2026-09-07,BOM,CCU,2026-10-07,30,117.80,98.00,19.8,USD
2026-09-07,BOM,CCU,2026-10-07,30,117.80,98.00,19.8,USD
2026-09-07,BOM,CCU,2026-10-07,30,117.80,98.00,19.8,USD
2026-09-07,BOM,CCU,2026-10-07,30,123.00,103.00,20,USD
2026-09-07,BOM,CCU,2026-10-07,30,124.10,104.00,20.1,USD
2026-09-07,BOM,CCU,2026-10-07,30,124.10,104.00,20.1,USD
2026-09-07,BOM,CCU,2026-10-07,30,128.30,108.00,20.3,USD
2026-09-07,BOM,CCU,2026-10-07,30,128.30,108.00,20.3,USD
2026-09-07,BOM,CCU,2026-10-07,30,129.30,109.00,20.3,USD
2026-09-07,BOM,CCU,2026-10-07,30,134.60,114.00,20.6,USD
2026-09-07,BOM,CCU,2026-10-07,30,134.60,114.00,20.6,USD
2026-09-07,BOM,CCU,2026-10-07,30,134.60,114.00,20.6,USD
2026-09-07,BOM,CCU,2026-10-07,30,140.90,120.00,20.9,USD
2026-09-07,BOM,CCU,2026-10-07,30,144.60,118.00,26.6,USD
2026-09-07,BOM,CCU,2026-10-07,30,144.60,118.00,26.6,USD
2026-09-07,BOM,CCU,2026-10-07,30,146.10,125.00,21.1,USD
2026-09-07,BOM,CCU,2026-10-07,30,147.70,121.00,26.7,USD
2026-09-07,BOM,CCU,2026-10-07,30,154.50,127.00,27.5,USD
2026-09-07,BOM,CCU,2026-10-22,45,90.46,76.66,13.80,USD
2026-09-07,BOM,CCU,2026-10-22,45,112.50,93.00,19.5,USD
2026-09-07,BOM,CCU,2026-10-22,45,117.80,98.00,19.8,USD
2026-09-07,BOM,CCU,2026-10-22,45,119.90,100.00,19.9,USD
2026-09-07,BOM,CCU,2026-10-22,45,123.00,103.00,20,USD
2026-09-07,BOM,CCU,2026-10-22,45,123.00,103.00,20,USD
2026-09-07,BOM,CCU,2026-10-22,45,125.10,105.00,20.1,USD
2026-09-07,BOM,CCU,2026-10-22,45,128.30,108.00,20.3,USD
2026-09-07,BOM,CCU,2026-10-22,45,128.30,108.00,20.3,USD
2026-09-07,BOM,CCU,2026-10-22,45,129.30,109.00,20.3,USD
2026-09-07,BOM,CCU,2026-10-22,45,132.50,112.00,20.5,USD
2026-09-07,BOM,CCU,2026-10-22,45,137.70,117.00,20.7,USD
2026-09-07,BOM,CCU,2026-10-22,45,138.80,118.00,20.8,USD
2026-09-07,BOM,CCU,2026-10-22,45,140.90,120.00,20.9,USD
2026-09-07,BOM,CCU,2026-10-22,45,140.90,120.00,20.9,USD
2026-09-07,BOM,CCU,2026-10-22,45,144.60,118.00,26.6,USD
2026-09-07,BOM,CCU,2026-10-22,45,147.70,121.00,26.7,USD
2026-09-07,BOM,CCU,2026-10-22,45,150.90,124.00,26.9,USD
2026-09-07,BOM,CCU,2026-10-22,45,151.40,130.00,21.4,USD
2026-09-07,BOM,CCU,2026-10-22,45,154.50,127.00,27.5,USD
2026-09-08,DEL,BOM,2026-09-09,1,68.19,57.79,10.40,USD
2026-09-08,DEL,BOM,2026-09-09,1,69.10,58.56,10.54,USD
2026-09-08,DEL,BOM,2026-09-09,1,69.87,59.21,10.66,USD
2026-09-08,DEL,BOM,2026-09-09,1,76.00,60.00,16,USD
2026-09-08,DEL,BOM,2026-09-09,1,79.10,63.00,16.1,USD
2026-09-08,DEL,BOM,2026-09-09,1,81.20,65.00,16.2,USD
2026-09-08,DEL,BOM,2026-09-09,1,83.30,67.00,16.3,USD
2026-09-08,DEL,BOM,2026-09-09,1,86.50,70.00,16.5,USD
2026-09-08,DEL,BOM,2026-09-09,1,86.50,70.00,16.5,USD
2026-09-08,DEL,BOM,2026-09-09,1,86.50,70.00,16.5,USD
2026-09-08,DEL,BOM,2026-09-09,1,86.50,70.00,16.5,USD
2026-09-08,DEL,BOM,2026-09-09,1,86.50,70.00,16.5,USD
2026-09-08,DEL,BOM,2026-09-09,1,86.50,70.00,16.5,USD
2026-09-08,DEL,BOM,2026-09-09,1,86.50,70.00,16.5,USD
2026-09-08,DEL,BOM,2026-09-09,1,86.50,70.00,16.5,USD
2026-09-08,DEL,BOM,2026-09-09,1,86.50,70.00,16.5,USD
2026-09-08,DEL,BOM,2026-09-09,1,86.50,70.00,16.5,USD
2026-09-08,DEL,BOM,2026-09-09,1,86.50,70.00,16.5,USD
2026-09-08,DEL,BOM,2026-09-09,1,86.50,70.00,16.5,USD
2026-09-08,DEL,BOM,2026-09-09,1,86.50,70.00,16.5,USD
2026-09-08,DEL,BOM,2026-09-15,7,68.75,58.26,10.49,USD
2026-09-08,DEL,BOM,2026-09-15,7,69.53,58.92,10.61,USD
2026-09-08,DEL,BOM,2026-09-15,7,71.75,60.81,10.94,USD
2026-09-08,DEL,BOM,2026-09-15,7,82.30,66.00,16.3,USD
2026-09-08,DEL,BOM,2026-09-15,7,86.50,70.00,16.5,USD
2026-09-08,DEL,BOM,2026-09-15,7,86.50,70.00,16.5,USD
2026-09-08,DEL,BOM,2026-09-15,7,86.50,70.00,16.5,USD
2026-09-08,DEL,BOM,2026-09-15,7,86.50,70.00,16.5,USD
2026-09-08,DEL,BOM,2026-09-15,7,86.50,70.00,16.5,USD
2026-09-08,DEL,BOM,2026-09-15,7,86.50,70.00,16.5,USD
2026-09-08,DEL,BOM,2026-09-15,7,86.50,70.00,16.5,USD
2026-09-08,DEL,BOM,2026-09-15,7,86.50,70.00,16.5,USD
2026-09-08,DEL,BOM,2026-09-15,7,86.50,70.00,16.5,USD
2026-09-08,DEL,BOM,2026-09-15,7,86.50,70.00,16.5,USD
2026-09-08,DEL,BOM,2026-09-15,7,86.50,70.00,16.5,USD
2026-09-08,DEL,BOM,2026-09-15,7,86.50,70.00,16.5,USD
2026-09-08,DEL,BOM,2026-09-15,7,86.50,70.00,16.5,USD
2026-09-08,DEL,BOM,2026-09-15,7,86.50,70.00,16.5,USD
2026-09-08,DEL,BOM,2026-09-15,7,86.50,70.00,16.5,USD
2026-09-08,DEL,BOM,2026-09-15,7,86.50,70.00,16.5,USD
2026-09-08,DEL,BOM,2026-09-23,15,69.10,58.56,10.54,USD
2026-09-08,DEL,BOM,2026-09-23,15,69.27,58.70,10.57,USD
2026-09-08,DEL,BOM,2026-09-23,15,69.91,59.25,10.66,USD
2026-09-08,DEL,BOM,2026-09-23,15,76.00,60.00,16,USD
2026-09-08,DEL,BOM,2026-09-23,15,81.20,65.00,16.2,USD
2026-09-08,DEL,BOM,2026-09-23,15,82.30,66.00,16.3,USD
2026-09-08,DEL,BOM,2026-09-23,15,86.50,70.00,16.5,USD
2026-09-08,DEL,BOM,2026-09-23,15,86.50,70.00,16.5,USD
2026-09-08,DEL,BOM,2026-09-23,15,86.50,70.00,16.5,USD
2026-09-08,DEL,BOM,2026-09-23,15,86.50,70.00,16.5,USD
2026-09-08,DEL,BOM,2026-09-23,15,86.50,70.00,16.5,USD
2026-09-08,DEL,BOM,2026-09-23,15,86.50,70.00,16.5,USD
2026-09-08,DEL,BOM,2026-09-23,15,86.50,70.00,16.5,USD
2026-09-08,DEL,BOM,2026-09-23,15,86.50,70.00,16.5,USD
2026-09-08,DEL,BOM,2026-09-23,15,86.50,70.00,16.5,USD
2026-09-08,DEL,BOM,2026-09-23,15,86.50,70.00,16.5,USD
2026-09-08,DEL,BOM,2026-09-23,15,86.50,70.00,16.5,USD
2026-09-08,DEL,BOM,2026-09-23,15,86.50,70.00,16.5,USD
2026-09-08,DEL,BOM,2026-09-23,15,86.50,70.00,16.5,USD
2026-09-08,DEL,BOM,2026-09-23,15,86.50,70.00,16.5,USD
2026-09-08,DEL,BOM,2026-10-08,30,68.14,57.75,10.39,USD
2026-09-08,DEL,BOM,2026-10-08,30,70.05,59.36,10.69,USD
2026-09-08,DEL,BOM,2026-10-08,30,70.92,60.10,10.82,USD
2026-09-08,DEL,BOM,2026-10-08,30,81.20,65.00,16.2,USD
2026-09-08,DEL,BOM,2026-10-08,30,81.20,65.00,16.2,USD
2026-09-08,DEL,BOM,2026-10-08,30,85.40,69.00,16.4,USD
2026-09-08,DEL,BOM,2026-10-08,30,85.40,69.00,16.4,USD
2026-09-08,DEL,BOM,2026-10-08,30,94.90,78.00,16.9,USD
2026-09-08,DEL,BOM,2026-10-08,30,94.90,78.00,16.9,USD
2026-09-08,DEL,BOM,2026-10-08,30,95.90,79.00,16.9,USD
2026-09-08,DEL,BOM,2026-10-08,30,95.90,79.00,16.9,USD
2026-09-08,DEL,BOM,2026-10-08,30,95.90,79.00,16.9,USD
2026-09-08,DEL,BOM,2026-10-08,30,95.90,79.00,16.9,USD
2026-09-08,DEL,BOM,2026-10-08,30,95.90,79.00,16.9,USD
2026-09-08,DEL,BOM,2026-10-08,30,95.90,79.00,16.9,USD
2026-09-08,DEL,BOM,2026-10-08,30,95.90,79.00,16.9,USD
2026-09-08,DEL,BOM,2026-10-08,30,95.90,79.00,16.9,USD
2026-09-08,DEL,BOM,2026-10-08,30,95.90,79.00,16.9,USD
2026-09-08,DEL,BOM,2026-10-08,30,95.90,79.00,16.9,USD
2026-09-08,DEL,BOM,2026-10-08,30,95.90,79.00,16.9,USD
2026-09-08,DEL,BOM,2026-10-23,45,68.55,58.09,10.46,USD
2026-09-08,DEL,BOM,2026-10-23,45,68.84,58.34,10.50,USD
2026-09-08,DEL,BOM,2026-10-23,45,71.17,60.31,10.86,USD
2026-09-08,DEL,BOM,2026-10-23,45,81.20,65.00,16.2,USD
2026-09-08,DEL,BOM,2026-10-23,45,81.20,65.00,16.2,USD
2026-09-08,DEL,BOM,2026-10-23,45,85.40,69.00,16.4,USD
2026-09-08,DEL,BOM,2026-10-23,45,85.40,69.00,16.4,USD
2026-09-08,DEL,BOM,2026-10-23,45,94.90,78.00,16.9,USD
2026-09-08,DEL,BOM,2026-10-23,45,94.90,78.00,16.9,USD
2026-09-08,DEL,BOM,2026-10-23,45,95.90,79.00,16.9,USD
2026-09-08,DEL,BOM,2026-10-23,45,95.90,79.00,16.9,USD
2026-09-08,DEL,BOM,2026-10-23,45,95.90,79.00,16.9,USD
2026-09-08,DEL,BOM,2026-10-23,45,95.90,79.00,16.9,USD
2026-09-08,DEL,BOM,2026-10-23,45,95.90,79.00,16.9,USD
2026-09-08,DEL,BOM,2026-10-23,45,95.90,79.00,16.9,USD
2026-09-08,DEL,BOM,2026-10-23,45,95.90,79.00,16.9,USD
2026-09-08,DEL,BOM,2026-10-23,45,99.10,82.00,17.1,USD
2026-09-08,DEL,BOM,2026-10-23,45,99.10,82.00,17.1,USD
2026-09-08,DEL,BOM,2026-10-23,45,99.10,82.00,17.1,USD
2026-09-08,DEL,BOM,2026-10-23,45,99.10,82.00,17.1,USD
2026-09-08,DEL,BLR,2026-09-09,1,87.95,74.53,13.42,USD
2026-09-08,DEL,BLR,2026-09-09,1,88.01,74.58,13.43,USD
2026-09-08,DEL,BLR,2026-09-09,1,91.20,77.29,13.91,USD
2026-09-08,DEL,BLR,2026-09-09,1,110.80,87.00,23.8,USD
2026-09-08,DEL,BLR,2026-09-09,1,110.80,87.00,23.8,USD
2026-09-08,DEL,BLR,2026-09-09,1,110.80,87.00,23.8,USD
2026-09-08,DEL,BLR,2026-09-09,1,111.90,93.00,18.9,USD
2026-09-08,DEL,BLR,2026-09-09,1,113.00,94.00,19,USD
2026-09-08,DEL,BLR,2026-09-09,1,113.00,94.00,19,USD
2026-09-08,DEL,BLR,2026-09-09,1,113.00,94.00,19,USD
2026-09-08,DEL,BLR,2026-09-09,1,113.00,94.00,19,USD
2026-09-08,DEL,BLR,2026-09-09,1,116.10,97.00,19.1,USD
2026-09-08,DEL,BLR,2026-09-09,1,116.10,97.00,19.1,USD
2026-09-08,DEL,BLR,2026-09-09,1,116.10,97.00,19.1,USD
2026-09-08,DEL,BLR,2026-09-09,1,118.10,94.00,24.1,USD
2026-09-08,DEL,BLR,2026-09-09,1,118.10,94.00,24.1,USD
2026-09-08,DEL,BLR,2026-09-09,1,118.10,94.00,24.1,USD
2026-09-08,DEL,BLR,2026-09-09,1,119.20,95.00,24.2,USD
2026-09-08,DEL,BLR,2026-09-09,1,119.20,95.00,24.2,USD
2026-09-08,DEL,BLR,2026-09-09,1,119.20,95.00,24.2,USD
2026-09-08,DEL,BLR,2026-09-15,7,88.00,74.58,13.42,USD
2026-09-08,DEL,BLR,2026-09-15,7,89.68,76.00,13.68,USD
2026-09-08,DEL,BLR,2026-09-15,7,91.02,77.14,13.88,USD
2026-09-08,DEL,BLR,2026-09-15,7,110.80,87.00,23.8,USD
2026-09-08,DEL,BLR,2026-09-15,7,111.90,93.00,18.9,USD
2026-09-08,DEL,BLR,2026-09-15,7,113.00,94.00,19,USD
2026-09-08,DEL,BLR,2026-09-15,7,113.00,94.00,19,USD
2026-09-08,DEL,BLR,2026-09-15,7,113.00,94.00,19,USD
2026-09-08,DEL,BLR,2026-09-15,7,113.00,94.00,19,USD
2026-09-08,DEL,BLR,2026-09-15,7,113.00,94.00,19,USD
2026-09-08,DEL,BLR,2026-09-15,7,115.00,91.00,24,USD
2026-09-08,DEL,BLR,2026-09-15,7,115.00,91.00,24,USD
2026-09-08,DEL,BLR,2026-09-15,7,116.10,97.00,19.1,USD
2026-09-08,DEL,BLR,2026-09-15,7,119.20,95.00,24.2,USD
2026-09-08,DEL,BLR,2026-09-15,7,119.30,100.00,19.3,USD
2026-09-08,DEL,BLR,2026-09-15,7,119.30,100.00,19.3,USD
2026-09-08,DEL,BLR,2026-09-15,7,119.30,100.00,19.3,USD
2026-09-08,DEL,BLR,2026-09-15,7,119.30,100.00,19.3,USD
2026-09-08,DEL,BLR,2026-09-15,7,119.30,100.00,19.3,USD
2026-09-08,DEL,BLR,2026-09-15,7,124.40,100.00,24.4,USD
2026-09-08,DEL,BLR,2026-09-23,15,89.13,75.53,13.60,USD
2026-09-08,DEL,BLR,2026-09-23,15,90.19,76.43,13.76,USD
2026-09-08,DEL,BLR,2026-09-23,15,92.41,78.31,14.10,USD
2026-09-08,DEL,BLR,2026-09-23,15,110.80,87.00,23.8,USD
2026-09-08,DEL,BLR,2026-09-23,15,110.80,87.00,23.8,USD
2026-09-08,DEL,BLR,2026-09-23,15,110.80,87.00,23.8,USD
2026-09-08,DEL,BLR,2026-09-23,15,113.00,94.00,19,USD
2026-09-08,DEL,BLR,2026-09-23,15,113.00,94.00,19,USD
2026-09-08,DEL,BLR,2026-09-23,15,113.00,94.00,19,USD
2026-09-08,DEL,BLR,2026-09-23,15,113.00,94.00,19,USD
2026-09-08,DEL,BLR,2026-09-23,15,113.00,94.00,19,USD
2026-09-08,DEL,BLR,2026-09-23,15,113.00,94.00,19,USD
2026-09-08,DEL,BLR,2026-09-23,15,116.10,97.00,19.1,USD
2026-09-08,DEL,BLR,2026-09-23,15,116.10,97.00,19.1,USD
2026-09-08,DEL,BLR,2026-09-23,15,118.10,94.00,24.1,USD
2026-09-08,DEL,BLR,2026-09-23,15,119.20,95.00,24.2,USD
2026-09-08,DEL,BLR,2026-09-23,15,119.20,95.00,24.2,USD
2026-09-08,DEL,BLR,2026-09-23,15,119.20,95.00,24.2,USD
2026-09-08,DEL,BLR,2026-09-23,15,119.30,100.00,19.3,USD
2026-09-08,DEL,BLR,2026-09-23,15,119.30,100.00,19.3,USD
2026-09-08,DEL,BLR,2026-10-08,30,88.94,75.37,13.57,USD
2026-09-08,DEL,BLR,2026-10-08,30,90.92,77.05,13.87,USD
2026-09-08,DEL,BLR,2026-10-08,30,91.89,77.87,14.02,USD
2026-09-08,DEL,BLR,2026-10-08,30,113.00,94.00,19,USD
2026-09-08,DEL,BLR,2026-10-08,30,113.00,94.00,19,USD
2026-09-08,DEL,BLR,2026-10-08,30,113.00,94.00,19,USD
2026-09-08,DEL,BLR,2026-10-08,30,113.00,94.00,19,USD
2026-09-08,DEL,BLR,2026-10-08,30,113.00,94.00,19,USD
2026-09-08,DEL,BLR,2026-10-08,30,113.00,94.00,19,USD
2026-09-08,DEL,BLR,2026-10-08,30,113.00,94.00,19,USD
2026-09-08,DEL,BLR,2026-10-08,30,113.00,94.00,19,USD
2026-09-08,DEL,BLR,2026-10-08,30,113.00,94.00,19,USD
2026-09-08,DEL,BLR,2026-10-08,30,113.00,94.00,19,USD
2026-09-08,DEL,BLR,2026-10-08,30,115.10,96.00,19.1,USD
2026-09-08,DEL,BLR,2026-10-08,30,116.00,92.00,24,USD
2026-09-08,DEL,BLR,2026-10-08,30,116.10,97.00,19.1,USD
2026-09-08,DEL,BLR,2026-10-08,30,116.10,97.00,19.1,USD
2026-09-08,DEL,BLR,2026-10-08,30,117.10,93.00,24.1,USD
2026-09-08,DEL,BLR,2026-10-08,30,118.20,99.00,19.2,USD
2026-09-08,DEL,BLR,2026-10-08,30,119.30,100.00,19.3,USD
2026-09-08,DEL,BLR,2026-10-23,45,88.29,74.82,13.47,USD
2026-09-08,DEL,BLR,2026-10-23,45,90.25,76.48,13.77,USD
2026-09-08,DEL,BLR,2026-10-23,45,90.43,76.64,13.79,USD
2026-09-08,DEL,BLR,2026-10-23,45,110.80,87.00,23.8,USD
2026-09-08,DEL,BLR,2026-10-23,45,110.80,87.00,23.8,USD
2026-09-08,DEL,BLR,2026-10-23,45,113.00,94.00,19,USD
2026-09-08,DEL,BLR,2026-10-23,45,113.00,94.00,19,USD
2026-09-08,DEL,BLR,2026-10-23,45,113.00,94.00,19,USD
2026-09-08,DEL,BLR,2026-10-23,45,113.00,94.00,19,USD
2026-09-08,DEL,BLR,2026-10-23,45,113.00,94.00,19,USD
2026-09-08,DEL,BLR,2026-10-23,45,113.00,94.00,19,USD
2026-09-08,DEL,BLR,2026-10-23,45,116.00,92.00,24,USD
2026-09-08,DEL,BLR,2026-10-23,45,116.10,97.00,19.1,USD
2026-09-08,DEL,BLR,2026-10-23,45,116.10,97.00,19.1,USD
2026-09-08,DEL,BLR,2026-10-23,45,117.10,93.00,24.1,USD
2026-09-08,DEL,BLR,2026-10-23,45,119.20,95.00,24.2,USD
2026-09-08,DEL,BLR,2026-10-23,45,119.20,95.00,24.2,USD
2026-09-08,DEL,BLR,2026-10-23,45,119.30,100.00,19.3,USD
2026-09-08,DEL,BLR,2026-10-23,45,119.30,100.00,19.3,USD
2026-09-08,DEL,BLR,2026-10-23,45,119.30,100.00,19.3,USD
2026-09-08,BOM,BLR,2026-09-09,1,59.66,50.56,9.10,USD
2026-09-08,BOM,BLR,2026-09-09,1,60.02,50.86,9.16,USD
2026-09-08,BOM,BLR,2026-09-09,1,79.00,61.00,18,USD
2026-09-08,BOM,BLR,2026-09-09,1,79.00,61.00,18,USD
2026-09-08,BOM,BLR,2026-09-09,1,84.30,66.00,18.3,USD
2026-09-08,BOM,BLR,2026-09-09,1,84.30,66.00,18.3,USD
2026-09-08,BOM,BLR,2026-09-09,1,87.70,73.00,14.7,USD
2026-09-08,BOM,BLR,2026-09-09,1,87.70,73.00,14.7,USD
2026-09-08,BOM,BLR,2026-09-09,1,87.70,73.00,14.7,USD
2026-09-08,BOM,BLR,2026-09-09,1,87.70,73.00,14.7,USD
2026-09-08,BOM,BLR,2026-09-09,1,88.50,70.00,18.5,USD
2026-09-08,BOM,BLR,2026-09-09,1,90.80,76.00,14.8,USD
2026-09-08,BOM,BLR,2026-09-09,1,90.80,76.00,14.8,USD
2026-09-08,BOM,BLR,2026-09-09,1,91.90,77.00,14.9,USD
2026-09-08,BOM,BLR,2026-09-09,1,92.70,74.00,18.7,USD
2026-09-08,BOM,BLR,2026-09-09,1,92.70,74.00,18.7,USD
2026-09-08,BOM,BLR,2026-09-09,1,94.00,79.00,15,USD
2026-09-08,BOM,BLR,2026-09-09,1,94.00,79.00,15,USD
2026-09-08,BOM,BLR,2026-09-09,1,94.00,79.00,15,USD
2026-09-08,BOM,BLR,2026-09-09,1,94.00,79.00,15,USD
2026-09-08,BOM,BLR,2026-09-15,7,59.02,50.02,9.00,USD
2026-09-08,BOM,BLR,2026-09-15,7,60.60,51.36,9.24,USD
2026-09-08,BOM,BLR,2026-09-15,7,78.00,60.00,18,USD
2026-09-08,BOM,BLR,2026-09-15,7,78.00,60.00,18,USD
2026-09-08,BOM,BLR,2026-09-15,7,83.20,65.00,18.2,USD
2026-09-08,BOM,BLR,2026-09-15,7,83.20,65.00,18.2,USD
2026-09-08,BOM,BLR,2026-09-15,7,88.50,70.00,18.5,USD
2026-09-08,BOM,BLR,2026-09-15,7,90.60,72.00,18.6,USD
2026-09-08,BOM,BLR,2026-09-15,7,91.60,73.00,18.6,USD
2026-09-08,BOM,BLR,2026-09-15,7,91.60,73.00,18.6,USD
2026-09-08,BOM,BLR,2026-09-15,7,92.90,78.00,14.9,USD
2026-09-08,BOM,BLR,2026-09-15,7,92.90,78.00,14.9,USD
2026-09-08,BOM,BLR,2026-09-15,7,92.90,78.00,14.9,USD
2026-09-08,BOM,BLR,2026-09-15,7,92.90,78.00,14.9,USD
2026-09-08,BOM,BLR,2026-09-15,7,92.90,78.00,14.9,USD
2026-09-08,BOM,BLR,2026-09-15,7,95.00,80.00,15,USD
2026-09-08,BOM,BLR,2026-09-15,7,95.00,80.00,15,USD
2026-09-08,BOM,BLR,2026-09-15,7,97.90,79.00,18.9,USD
2026-09-08,BOM,BLR,2026-09-15,7,98.20,83.00,15.2,USD
2026-09-08,BOM,BLR,2026-09-15,7,98.20,83.00,15.2,USD
2026-09-08,BOM,BLR,2026-09-23,15,58.16,49.29,8.87,USD
2026-09-08,BOM,BLR,2026-09-23,15,59.14,50.12,9.02,USD
2026-09-08,BOM,BLR,2026-09-23,15,78.00,60.00,18,USD
2026-09-08,BOM,BLR,2026-09-23,15,78.00,60.00,18,USD
2026-09-08,BOM,BLR,2026-09-23,15,83.20,65.00,18.2,USD
2026-09-08,BOM,BLR,2026-09-23,15,83.20,65.00,18.2,USD
2026-09-08,BOM,BLR,2026-09-23,15,87.70,73.00,14.7,USD
2026-09-08,BOM,BLR,2026-09-23,15,87.70,73.00,14.7,USD
2026-09-08,BOM,BLR,2026-09-23,15,87.70,73.00,14.7,USD
2026-09-08,BOM,BLR,2026-09-23,15,87.70,73.00,14.7,USD
2026-09-08,BOM,BLR,2026-09-23,15,90.80,76.00,14.8,USD
2026-09-08,BOM,BLR,2026-09-23,15,90.80,76.00,14.8,USD
2026-09-08,BOM,BLR,2026-09-23,15,91.60,73.00,18.6,USD
2026-09-08,BOM,BLR,2026-09-23,15,91.60,73.00,18.6,USD
2026-09-08,BOM,BLR,2026-09-23,15,91.90,77.00,14.9,USD
2026-09-08,BOM,BLR,2026-09-23,15,94.00,79.00,15,USD
2026-09-08,BOM,BLR,2026-09-23,15,94.00,79.00,15,USD
2026-09-08,BOM,BLR,2026-09-23,15,94.00,79.00,15,USD
2026-09-08,BOM,BLR,2026-09-23,15,94.00,79.00,15,USD
2026-09-08,BOM,BLR,2026-09-23,15,94.80,76.00,18.8,USD
2026-09-08,BOM,BLR,2026-10-08,30,58.06,49.20,8.86,USD
2026-09-08,BOM,BLR,2026-10-08,30,59.15,50.13,9.02,USD
2026-09-08,BOM,BLR,2026-10-08,30,87.70,73.00,14.7,USD
2026-09-08,BOM,BLR,2026-10-08,30,87.70,73.00,14.7,USD
2026-09-08,BOM,BLR,2026-10-08,30,87.70,73.00,14.7,USD
2026-09-08,BOM,BLR,2026-10-08,30,92.70,74.00,18.7,USD
2026-09-08,BOM,BLR,2026-10-08,30,92.70,74.00,18.7,USD
2026-09-08,BOM,BLR,2026-10-08,30,92.90,78.00,14.9,USD
2026-09-08,BOM,BLR,2026-10-08,30,92.90,78.00,14.9,USD
2026-09-08,BOM,BLR,2026-10-08,30,94.00,79.00,15,USD
2026-09-08,BOM,BLR,2026-10-08,30,94.00,79.00,15,USD
2026-09-08,BOM,BLR,2026-10-08,30,94.00,79.00,15,USD
2026-09-08,BOM,BLR,2026-10-08,30,95.00,80.00,15,USD
2026-09-08,BOM,BLR,2026-10-08,30,98.20,83.00,15.2,USD
2026-09-08,BOM,BLR,2026-10-08,30,98.20,83.00,15.2,USD
2026-09-08,BOM,BLR,2026-10-08,30,100.30,85.00,15.3,USD
2026-09-08,BOM,BLR,2026-10-08,30,101.10,82.00,19.1,USD
2026-09-08,BOM,BLR,2026-10-08,30,101.10,82.00,19.1,USD
2026-09-08,BOM,BLR,2026-10-08,30,101.30,86.00,15.3,USD
2026-09-08,BOM,BLR,2026-10-08,30,104.50,89.00,15.5,USD
2026-09-08,BOM,BLR,2026-10-23,45,57.92,49.08,8.84,USD
2026-09-08,BOM,BLR,2026-10-23,45,57.99,49.14,8.85,USD
2026-09-08,BOM,BLR,2026-10-23,45,87.70,73.00,14.7,USD
2026-09-08,BOM,BLR,2026-10-23,45,92.70,74.00,18.7,USD
2026-09-08,BOM,BLR,2026-10-23,45,92.70,74.00,18.7,USD
2026-09-08,BOM,BLR,2026-10-23,45,92.90,78.00,14.9,USD
2026-09-08,BOM,BLR,2026-10-23,45,94.00,79.00,15,USD
2026-09-08,BOM,BLR,2026-10-23,45,97.10,82.00,15.1,USD
2026-09-08,BOM,BLR,2026-10-23,45,98.20,83.00,15.2,USD
2026-09-08,BOM,BLR,2026-10-23,45,101.10,82.00,19.1,USD
2026-09-08,BOM,BLR,2026-10-23,45,101.10,82.00,19.1,USD
2026-09-08,BOM,BLR,2026-10-23,45,101.30,86.00,15.3,USD
2026-09-08,BOM,BLR,2026-10-23,45,101.30,86.00,15.3,USD
2026-09-08,BOM,BLR,2026-10-23,45,103.40,88.00,15.4,USD
2026-09-08,BOM,BLR,2026-10-23,45,104.50,89.00,15.5,USD
2026-09-08,BOM,BLR,2026-10-23,45,105.50,90.00,15.5,USD
2026-09-08,BOM,BLR,2026-10-23,45,105.50,90.00,15.5,USD
2026-09-08,BOM,BLR,2026-10-23,45,107.60,92.00,15.6,USD
2026-09-08,BOM,BLR,2026-10-23,45,107.60,92.00,15.6,USD
2026-09-08,BOM,BLR,2026-10-23,45,108.70,93.00,15.7,USD
2026-09-08,DEL,HYD,2026-09-09,1,73.04,61.90,11.14,USD
2026-09-08,DEL,HYD,2026-09-09,1,75.54,64.02,11.52,USD
2026-09-08,DEL,HYD,2026-09-09,1,76.02,64.42,11.60,USD
2026-09-08,DEL,HYD,2026-09-09,1,84.50,69.00,15.5,USD
2026-09-08,DEL,HYD,2026-09-09,1,84.50,69.00,15.5,USD
2026-09-08,DEL,HYD,2026-09-09,1,84.50,69.00,15.5,USD
2026-09-08,DEL,HYD,2026-09-09,1,84.50,69.00,15.5,USD
2026-09-08,DEL,HYD,2026-09-09,1,84.50,69.00,15.5,USD
2026-09-08,DEL,HYD,2026-09-09,1,84.50,69.00,15.5,USD
2026-09-08,DEL,HYD,2026-09-09,1,84.50,69.00,15.5,USD
2026-09-08,DEL,HYD,2026-09-09,1,84.50,69.00,15.5,USD
2026-09-08,DEL,HYD,2026-09-09,1,84.50,69.00,15.5,USD
2026-09-08,DEL,HYD,2026-09-09,1,84.50,69.00,15.5,USD
2026-09-08,DEL,HYD,2026-09-09,1,84.50,69.00,15.5,USD
2026-09-08,DEL,HYD,2026-09-09,1,90.80,75.00,15.8,USD
2026-09-08,DEL,HYD,2026-09-09,1,90.80,75.00,15.8,USD
2026-09-08,DEL,HYD,2026-09-09,1,90.80,75.00,15.8,USD
2026-09-08,DEL,HYD,2026-09-09,1,90.80,75.00,15.8,USD
2026-09-08,DEL,HYD,2026-09-09,1,90.80,75.00,15.8,USD
2026-09-08,DEL,HYD,2026-09-09,1,90.80,75.00,15.8,USD
2026-09-08,DEL,HYD,2026-09-15,7,74.63,63.25,11.38,USD
2026-09-08,DEL,HYD,2026-09-15,7,75.04,63.59,11.45,USD
2026-09-08,DEL,HYD,2026-09-15,7,75.82,64.25,11.57,USD
2026-09-08,DEL,HYD,2026-09-15,7,84.50,69.00,15.5,USD
2026-09-08,DEL,HYD,2026-09-15,7,84.50,69.00,15.5,USD
2026-09-08,DEL,HYD,2026-09-15,7,84.50,69.00,15.5,USD
2026-09-08,DEL,HYD,2026-09-15,7,84.50,69.00,15.5,USD
2026-09-08,DEL,HYD,2026-09-15,7,84.50,69.00,15.5,USD
2026-09-08,DEL,HYD,2026-09-15,7,84.50,69.00,15.5,USD
2026-09-08,DEL,HYD,2026-09-15,7,84.50,69.00,15.5,USD
2026-09-08,DEL,HYD,2026-09-15,7,84.50,69.00,15.5,USD
2026-09-08,DEL,HYD,2026-09-15,7,84.50,69.00,15.5,USD
2026-09-08,DEL,HYD,2026-09-15,7,84.50,69.00,15.5,USD
2026-09-08,DEL,HYD,2026-09-15,7,84.50,69.00,15.5,USD
2026-09-08,DEL,HYD,2026-09-15,7,87.70,72.00,15.7,USD
2026-09-08,DEL,HYD,2026-09-15,7,90.80,75.00,15.8,USD
2026-09-08,DEL,HYD,2026-09-15,7,90.80,75.00,15.8,USD
2026-09-08,DEL,HYD,2026-09-15,7,90.80,75.00,15.8,USD
2026-09-08,DEL,HYD,2026-09-15,7,90.80,75.00,15.8,USD
2026-09-08,DEL,HYD,2026-09-15,7,90.80,75.00,15.8,USD
2026-09-08,DEL,HYD,2026-09-23,15,73.25,62.08,11.17,USD
2026-09-08,DEL,HYD,2026-09-23,15,73.35,62.16,11.19,USD
2026-09-08,DEL,HYD,2026-09-23,15,74.21,62.89,11.32,USD
2026-09-08,DEL,HYD,2026-09-23,15,84.50,69.00,15.5,USD
2026-09-08,DEL,HYD,2026-09-23,15,84.50,69.00,15.5,USD
2026-09-08,DEL,HYD,2026-09-23,15,84.50,69.00,15.5,USD
2026-09-08,DEL,HYD,2026-09-23,15,84.50,69.00,15.5,USD
2026-09-08,DEL,HYD,2026-09-23,15,84.50,69.00,15.5,USD
2026-09-08,DEL,HYD,2026-09-23,15,84.50,69.00,15.5,USD
2026-09-08,DEL,HYD,2026-09-23,15,84.50,69.00,15.5,USD
2026-09-08,DEL,HYD,2026-09-23,15,84.50,69.00,15.5,USD
2026-09-08,DEL,HYD,2026-09-23,15,84.50,69.00,15.5,USD
2026-09-08,DEL,HYD,2026-09-23,15,84.50,69.00,15.5,USD
2026-09-08,DEL,HYD,2026-09-23,15,84.50,69.00,15.5,USD
2026-09-08,DEL,HYD,2026-09-23,15,87.70,72.00,15.7,USD
2026-09-08,DEL,HYD,2026-09-23,15,90.80,75.00,15.8,USD
2026-09-08,DEL,HYD,2026-09-23,15,90.80,75.00,15.8,USD
2026-09-08,DEL,HYD,2026-09-23,15,90.80,75.00,15.8,USD
2026-09-08,DEL,HYD,2026-09-23,15,90.80,75.00,15.8,USD
2026-09-08,DEL,HYD,2026-09-23,15,90.80,75.00,15.8,USD
2026-09-08,DEL,HYD,2026-10-08,30,72.69,61.60,11.09,USD
2026-09-08,DEL,HYD,2026-10-08,30,75.12,63.66,11.46,USD
2026-09-08,DEL,HYD,2026-10-08,30,76.48,64.81,11.67,USD
2026-09-08,DEL,HYD,2026-10-08,30,101.30,85.00,16.3,USD
2026-09-08,DEL,HYD,2026-10-08,30,101.30,85.00,16.3,USD
2026-09-08,DEL,HYD,2026-10-08,30,101.30,85.00,16.3,USD
2026-09-08,DEL,HYD,2026-10-08,30,101.30,85.00,16.3,USD
2026-09-08,DEL,HYD,2026-10-08,30,101.30,85.00,16.3,USD
2026-09-08,DEL,HYD,2026-10-08,30,101.30,85.00,16.3,USD
2026-09-08,DEL,HYD,2026-10-08,30,101.30,85.00,16.3,USD
2026-09-08,DEL,HYD,2026-10-08,30,101.30,85.00,16.3,USD
2026-09-08,DEL,HYD,2026-10-08,30,101.30,85.00,16.3,USD
2026-09-08,DEL,HYD,2026-10-08,30,102.40,86.00,16.4,USD
2026-09-08,DEL,HYD,2026-10-08,30,104.50,88.00,16.5,USD
2026-09-08,DEL,HYD,2026-10-08,30,105.50,89.00,16.5,USD
2026-09-08,DEL,HYD,2026-10-08,30,106.60,90.00,16.6,USD
2026-09-08,DEL,HYD,2026-10-08,30,106.60,90.00,16.6,USD
2026-09-08,DEL,HYD,2026-10-08,30,106.60,90.00,16.6,USD
2026-09-08,DEL,HYD,2026-10-08,30,106.60,90.00,16.6,USD
2026-09-08,DEL,HYD,2026-10-08,30,106.60,90.00,16.6,USD
2026-09-08,DEL,HYD,2026-10-23,45,72.39,61.35,11.04,USD
2026-09-08,DEL,HYD,2026-10-23,45,73.39,62.19,11.20,USD
2026-09-08,DEL,HYD,2026-10-23,45,75.87,64.30,11.57,USD
2026-09-08,DEL,HYD,2026-10-23,45,101.30,85.00,16.3,USD
2026-09-08,DEL,HYD,2026-10-23,45,101.30,85.00,16.3,USD
2026-09-08,DEL,HYD,2026-10-23,45,101.30,85.00,16.3,USD
2026-09-08,DEL,HYD,2026-10-23,45,101.30,85.00,16.3,USD
2026-09-08,DEL,HYD,2026-10-23,45,101.30,85.00,16.3,USD
2026-09-08,DEL,HYD,2026-10-23,45,101.30,85.00,16.3,USD
2026-09-08,DEL,HYD,2026-10-23,45,101.30,85.00,16.3,USD
2026-09-08,DEL,HYD,2026-10-23,45,102.40,86.00,16.4,USD
2026-09-08,DEL,HYD,2026-10-23,45,103.40,87.00,16.4,USD
2026-09-08,DEL,HYD,2026-10-23,45,104.50,88.00,16.5,USD
2026-09-08,DEL,HYD,2026-10-23,45,106.60,90.00,16.6,USD
2026-09-08,DEL,HYD,2026-10-23,45,106.60,90.00,16.6,USD
2026-09-08,DEL,HYD,2026-10-23,45,106.60,90.00,16.6,USD
2026-09-08,DEL,HYD,2026-10-23,45,106.60,90.00,16.6,USD
2026-09-08,DEL,HYD,2026-10-23,45,106.60,90.00,16.6,USD
2026-09-08,DEL,HYD,2026-10-23,45,106.60,90.00,16.6,USD
2026-09-08,DEL,HYD,2026-10-23,45,106.60,90.00,16.6,USD
2026-09-08,BOM,CCU,2026-09-09,1,89.80,76.10,13.70,USD
2026-09-08,BOM,CCU,2026-09-09,1,96.80,78.00,18.8,USD
2026-09-08,BOM,CCU,2026-09-09,1,96.80,78.00,18.8,USD
2026-09-08,BOM,CCU,2026-09-09,1,96.80,78.00,18.8,USD
2026-09-08,BOM,CCU,2026-09-09,1,96.80,78.00,18.8,USD
2026-09-08,BOM,CCU,2026-09-09,1,97.60,74.00,23.6,USD
2026-09-08,BOM,CCU,2026-09-09,1,101.80,78.00,23.8,USD
2026-09-08,BOM,CCU,2026-09-09,1,102.00,83.00,19,USD
2026-09-08,BOM,CCU,2026-09-09,1,102.00,83.00,19,USD
2026-09-08,BOM,CCU,2026-09-09,1,102.00,83.00,19,USD
2026-09-08,BOM,CCU,2026-09-09,1,102.00,83.00,19,USD
2026-09-08,BOM,CCU,2026-09-09,1,111.30,87.00,24.3,USD
2026-09-08,BOM,CCU,2026-09-09,1,113.60,94.00,19.6,USD
2026-09-08,BOM,CCU,2026-09-09,1,113.60,94.00,19.6,USD
2026-09-08,BOM,CCU,2026-09-09,1,113.60,94.00,19.6,USD
2026-09-08,BOM,CCU,2026-09-09,1,113.60,94.00,19.6,USD
2026-09-08,BOM,CCU,2026-09-09,1,144.60,118.00,26.6,USD
2026-09-08,BOM,CCU,2026-09-09,1,144.60,118.00,26.6,USD
2026-09-08,BOM,CCU,2026-09-09,1,145.60,119.00,26.6,USD
2026-09-08,BOM,CCU,2026-09-09,1,151.40,124.00,27.4,USD
2026-09-08,BOM,CCU,2026-09-15,7,88.29,74.82,13.47,USD
2026-09-08,BOM,CCU,2026-09-15,7,96.60,73.00,23.6,USD
2026-09-08,BOM,CCU,2026-09-15,7,96.80,78.00,18.8,USD
2026-09-08,BOM,CCU,2026-09-15,7,96.80,78.00,18.8,USD
2026-09-08,BOM,CCU,2026-09-15,7,96.80,78.00,18.8,USD
2026-09-08,BOM,CCU,2026-09-15,7,96.80,78.00,18.8,USD
2026-09-08,BOM,CCU,2026-09-15,7,100.80,77.00,23.8,USD
2026-09-08,BOM,CCU,2026-09-15,7,102.00,83.00,19,USD
2026-09-08,BOM,CCU,2026-09-15,7,102.00,83.00,19,USD
2026-09-08,BOM,CCU,2026-09-15,7,102.00,83.00,19,USD
2026-09-08,BOM,CCU,2026-09-15,7,102.00,83.00,19,USD
2026-09-08,BOM,CCU,2026-09-15,7,110.20,86.00,24.2,USD
2026-09-08,BOM,CCU,2026-09-15,7,113.60,94.00,19.6,USD
2026-09-08,BOM,CCU,2026-09-15,7,113.60,94.00,19.6,USD
2026-09-08,BOM,CCU,2026-09-15,7,113.60,94.00,19.6,USD
2026-09-08,BOM,CCU,2026-09-15,7,113.60,94.00,19.6,USD
2026-09-08,BOM,CCU,2026-09-15,7,144.60,118.00,26.6,USD
2026-09-08,BOM,CCU,2026-09-15,7,144.60,118.00,26.6,USD
2026-09-08,BOM,CCU,2026-09-15,7,145.60,119.00,26.6,USD
2026-09-08,BOM,CCU,2026-09-15,7,155.10,128.00,27.1,USD
2026-09-08,BOM,CCU,2026-09-23,15,88.78,75.24,13.54,USD
2026-09-08,BOM,CCU,2026-09-23,15,96.60,73.00,23.6,USD
2026-09-08,BOM,CCU,2026-09-23,15,96.80,78.00,18.8,USD
2026-09-08,BOM,CCU,2026-09-23,15,96.80,78.00,18.8,USD
2026-09-08,BOM,CCU,2026-09-23,15,96.80,78.00,18.8,USD
2026-09-08,BOM,CCU,2026-09-23,15,96.80,78.00,18.8,USD
2026-09-08,BOM,CCU,2026-09-23,15,100.80,77.00,23.8,USD
2026-09-08,BOM,CCU,2026-09-23,15,102.00,83.00,19,USD
2026-09-08,BOM,CCU,2026-09-23,15,102.00,83.00,19,USD
2026-09-08,BOM,CCU,2026-09-23,15,102.00,83.00,19,USD
2026-09-08,BOM,CCU,2026-09-23,15,102.00,83.00,19,USD
2026-09-08,BOM,CCU,2026-09-23,15,110.20,86.00,24.2,USD
2026-09-08,BOM,CCU,2026-09-23,15,113.60,94.00,19.6,USD
2026-09-08,BOM,CCU,2026-09-23,15,113.60,94.00,19.6,USD
2026-09-08,BOM,CCU,2026-09-23,15,113.60,94.00,19.6,USD
2026-09-08,BOM,CCU,2026-09-23,15,113.60,94.00,19.6,USD
2026-09-08,BOM,CCU,2026-09-23,15,144.60,118.00,26.6,USD
2026-09-08,BOM,CCU,2026-09-23,15,144.60,118.00,26.6,USD
2026-09-08,BOM,CCU,2026-09-23,15,145.60,119.00,26.6,USD
2026-09-08,BOM,CCU,2026-09-23,15,151.40,124.00,27.4,USD
2026-09-08,BOM,CCU,2026-10-08,30,89.87,76.16,13.71,USD
2026-09-08,BOM,CCU,2026-10-08,30,112.50,93.00,19.5,USD
2026-09-08,BOM,CCU,2026-10-08,30,117.80,98.00,19.8,USD
2026-09-08,BOM,CCU,2026-10-08,30,117.80,98.00,19.8,USD
2026-09-08,BOM,CCU,2026-10-08,30,117.80,98.00,19.8,USD
2026-09-08,BOM,CCU,2026-10-08,30,123.00,103.00,20,USD
2026-09-08,BOM,CCU,2026-10-08,30,124.10,104.00,20.1,USD
2026-09-08,BOM,CCU,2026-10-08,30,124.10,104.00,20.1,USD
2026-09-08,BOM,CCU,2026-10-08,30,127.20,107.00,20.2,USD
2026-09-08,BOM,CCU,2026-10-08,30,128.30,108.00,20.3,USD
2026-09-08,BOM,CCU,2026-10-08,30,129.30,109.00,20.3,USD
2026-09-08,BOM,CCU,2026-10-08,30,133.50,113.00,20.5,USD
2026-09-08,BOM,CCU,2026-10-08,30,134.60,114.00,20.6,USD
2026-09-08,BOM,CCU,2026-10-08,30,134.60,114.00,20.6,USD
2026-09-08,BOM,CCU,2026-10-08,30,140.90,120.00,20.9,USD
2026-09-08,BOM,CCU,2026-10-08,30,144.60,118.00,26.6,USD
2026-09-08,BOM,CCU,2026-10-08,30,145.10,124.00,21.1,USD
2026-09-08,BOM,CCU,2026-10-08,30,146.70,120.00,26.7,USD
2026-09-08,BOM,CCU,2026-10-08,30,147.70,121.00,26.7,USD
2026-09-08,BOM,CCU,2026-10-08,30,154.50,127.00,27.5,USD
2026-09-08,BOM,CCU,2026-10-23,45,90.57,76.75,13.82,USD
2026-09-08,BOM,CCU,2026-10-23,45,112.50,93.00,19.5,USD
2026-09-08,BOM,CCU,2026-10-23,45,117.80,98.00,19.8,USD
2026-09-08,BOM,CCU,2026-10-23,45,123.00,103.00,20,USD
2026-09-08,BOM,CCU,2026-10-23,45,123.00,103.00,20,USD
2026-09-08,BOM,CCU,2026-10-23,45,127.20,107.00,20.2,USD
2026-09-08,BOM,CCU,2026-10-23,45,128.30,108.00,20.3,USD
2026-09-08,BOM,CCU,2026-10-23,45,128.30,108.00,20.3,USD
2026-09-08,BOM,CCU,2026-10-23,45,128.30,108.00,20.3,USD
2026-09-08,BOM,CCU,2026-10-23,45,129.30,109.00,20.3,USD
2026-09-08,BOM,CCU,2026-10-23,45,133.50,113.00,20.5,USD
2026-09-08,BOM,CCU,2026-10-23,45,134.60,114.00,20.6,USD
2026-09-08,BOM,CCU,2026-10-23,45,140.90,120.00,20.9,USD
2026-09-08,BOM,CCU,2026-10-23,45,140.90,120.00,20.9,USD
2026-09-08,BOM,CCU,2026-10-23,45,144.60,118.00,26.6,USD
2026-09-08,BOM,CCU,2026-10-23,45,146.10,125.00,21.1,USD
2026-09-08,BOM,CCU,2026-10-23,45,146.10,125.00,21.1,USD
2026-09-08,BOM,CCU,2026-10-23,45,147.70,121.00,26.7,USD
2026-09-08,BOM,CCU,2026-10-23,45,148.80,122.00,26.8,USD
2026-09-08,BOM,CCU,2026-10-23,45,154.50,127.00,27.5,USD
2026-09-09,DEL,BOM,2026-09-10,1,67.92,57.56,10.36,USD
2026-09-09,DEL,BOM,2026-09-10,1,68.93,58.42,10.51,USD
2026-09-09,DEL,BOM,2026-09-10,1,69.34,58.76,10.58,USD
2026-09-09,DEL,BOM,2026-09-10,1,76.00,60.00,16,USD
2026-09-09,DEL,BOM,2026-09-10,1,81.20,65.00,16.2,USD
2026-09-09,DEL,BOM,2026-09-10,1,86.50,70.00,16.5,USD
2026-09-09,DEL,BOM,2026-09-10,1,86.50,70.00,16.5,USD
2026-09-09,DEL,BOM,2026-09-10,1,86.50,70.00,16.5,USD
2026-09-09,DEL,BOM,2026-09-10,1,86.50,70.00,16.5,USD
2026-09-09,DEL,BOM,2026-09-10,1,86.50,70.00,16.5,USD
2026-09-09,DEL,BOM,2026-09-10,1,86.50,70.00,16.5,USD
2026-09-09,DEL,BOM,2026-09-10,1,86.50,70.00,16.5,USD
2026-09-09,DEL,BOM,2026-09-10,1,86.50,70.00,16.5,USD
2026-09-09,DEL,BOM,2026-09-10,1,86.50,70.00,16.5,USD
2026-09-09,DEL,BOM,2026-09-10,1,86.50,70.00,16.5,USD
2026-09-09,DEL,BOM,2026-09-10,1,86.50,70.00,16.5,USD
2026-09-09,DEL,BOM,2026-09-10,1,86.50,70.00,16.5,USD
2026-09-09,DEL,BOM,2026-09-10,1,86.50,70.00,16.5,USD
2026-09-09,DEL,BOM,2026-09-10,1,86.50,70.00,16.5,USD
2026-09-09,DEL,BOM,2026-09-10,1,86.50,70.00,16.5,USD
2026-09-09,DEL,BOM,2026-09-16,7,68.98,58.46,10.52,USD
2026-09-09,DEL,BOM,2026-09-16,7,70.40,59.66,10.74,USD
2026-09-09,DEL,BOM,2026-09-16,7,71.33,60.45,10.88,USD
2026-09-09,DEL,BOM,2026-09-16,7,76.00,60.00,16,USD
2026-09-09,DEL,BOM,2026-09-16,7,81.20,65.00,16.2,USD
2026-09-09,DEL,BOM,2026-09-16,7,86.50,70.00,16.5,USD
2026-09-09,DEL,BOM,2026-09-16,7,86.50,70.00,16.5,USD
2026-09-09,DEL,BOM,2026-09-16,7,86.50,70.00,16.5,USD
2026-09-09,DEL,BOM,2026-09-16,7,86.50,70.00,16.5,USD
2026-09-09,DEL,BOM,2026-09-16,7,86.50,70.00,16.5,USD
2026-09-09,DEL,BOM,2026-09-16,7,86.50,70.00,16.5,USD
2026-09-09,DEL,BOM,2026-09-16,7,86.50,70.00,16.5,USD
2026-09-09,DEL,BOM,2026-09-16,7,86.50,70.00,16.5,USD
2026-09-09,DEL,BOM,2026-09-16,7,86.50,70.00,16.5,USD
2026-09-09,DEL,BOM,2026-09-16,7,86.50,70.00,16.5,USD
2026-09-09,DEL,BOM,2026-09-16,7,86.50,70.00,16.5,USD
2026-09-09,DEL,BOM,2026-09-16,7,86.50,70.00,16.5,USD
2026-09-09,DEL,BOM,2026-09-16,7,86.50,70.00,16.5,USD
2026-09-09,DEL,BOM,2026-09-16,7,86.50,70.00,16.5,USD
2026-09-09,DEL,BOM,2026-09-16,7,86.50,70.00,16.5,USD
2026-09-09,DEL,BOM,2026-09-24,15,68.53,58.08,10.45,USD
2026-09-09,DEL,BOM,2026-09-24,15,69.53,58.92,10.61,USD
2026-09-09,DEL,BOM,2026-09-24,15,70.85,60.04,10.81,USD
2026-09-09,DEL,BOM,2026-09-24,15,76.00,60.00,16,USD
2026-09-09,DEL,BOM,2026-09-24,15,79.10,63.00,16.1,USD
2026-09-09,DEL,BOM,2026-09-24,15,81.20,65.00,16.2,USD
2026-09-09,DEL,BOM,2026-09-24,15,83.30,67.00,16.3,USD
2026-09-09,DEL,BOM,2026-09-24,15,86.50,70.00,16.5,USD
2026-09-09,DEL,BOM,2026-09-24,15,86.50,70.00,16.5,USD
2026-09-09,DEL,BOM,2026-09-24,15,86.50,70.00,16.5,USD
2026-09-09,DEL,BOM,2026-09-24,15,86.50,70.00,16.5,USD
2026-09-09,DEL,BOM,2026-09-24,15,86.50,70.00,16.5,USD
2026-09-09,DEL,BOM,2026-09-24,15,86.50,70.00,16.5,USD
2026-09-09,DEL,BOM,2026-09-24,15,86.50,70.00,16.5,USD
2026-09-09,DEL,BOM,2026-09-24,15,86.50,70.00,16.5,USD
2026-09-09,DEL,BOM,2026-09-24,15,86.50,70.00,16.5,USD
2026-09-09,DEL,BOM,2026-09-24,15,86.50,70.00,16.5,USD
2026-09-09,DEL,BOM,2026-09-24,15,86.50,70.00,16.5,USD
2026-09-09,DEL,BOM,2026-09-24,15,86.50,70.00,16.5,USD
2026-09-09,DEL,BOM,2026-09-24,15,86.50,70.00,16.5,USD
2026-09-09,DEL,BOM,2026-10-09,30,69.04,58.51,10.53,USD
2026-09-09,DEL,BOM,2026-10-09,30,69.12,58.58,10.54,USD
2026-09-09,DEL,BOM,2026-10-09,30,71.74,60.80,10.94,USD
2026-09-09,DEL,BOM,2026-10-09,30,81.20,65.00,16.2,USD
2026-09-09,DEL,BOM,2026-10-09,30,81.20,65.00,16.2,USD
2026-09-09,DEL,BOM,2026-10-09,30,85.40,69.00,16.4,USD
2026-09-09,DEL,BOM,2026-10-09,30,85.40,69.00,16.4,USD
2026-09-09,DEL,BOM,2026-10-09,30,94.90,78.00,16.9,USD
2026-09-09,DEL,BOM,2026-10-09,30,94.90,78.00,16.9,USD
2026-09-09,DEL,BOM,2026-10-09,30,95.90,79.00,16.9,USD
2026-09-09,DEL,BOM,2026-10-09,30,95.90,79.00,16.9,USD
2026-09-09,DEL,BOM,2026-10-09,30,95.90,79.00,16.9,USD
2026-09-09,DEL,BOM,2026-10-09,30,95.90,79.00,16.9,USD
2026-09-09,DEL,BOM,2026-10-09,30,95.90,79.00,16.9,USD
2026-09-09,DEL,BOM,2026-10-09,30,95.90,79.00,16.9,USD
2026-09-09,DEL,BOM,2026-10-09,30,95.90,79.00,16.9,USD
2026-09-09,DEL,BOM,2026-10-09,30,95.90,79.00,16.9,USD
2026-09-09,DEL,BOM,2026-10-09,30,95.90,79.00,16.9,USD
2026-09-09,DEL,BOM,2026-10-09,30,95.90,79.00,16.9,USD
2026-09-09,DEL,BOM,2026-10-09,30,95.90,79.00,16.9,USD
2026-09-09,DEL,BOM,2026-10-24,45,68.18,57.78,10.40,USD
2026-09-09,DEL,BOM,2026-10-24,45,70.31,59.58,10.73,USD
2026-09-09,DEL,BOM,2026-10-24,45,70.87,60.06,10.81,USD
2026-09-09,DEL,BOM,2026-10-24,45,81.20,65.00,16.2,USD
2026-09-09,DEL,BOM,2026-10-24,45,81.20,65.00,16.2,USD
2026-09-09,DEL,BOM,2026-10-24,45,85.40,69.00,16.4,USD
2026-09-09,DEL,BOM,2026-10-24,45,85.40,69.00,16.4,USD
2026-09-09,DEL,BOM,2026-10-24,45,94.90,78.00,16.9,USD
2026-09-09,DEL,BOM,2026-10-24,45,94.90,78.00,16.9,USD
2026-09-09,DEL,BOM,2026-10-24,45,95.90,79.00,16.9,USD
2026-09-09,DEL,BOM,2026-10-24,45,95.90,79.00,16.9,USD
2026-09-09,DEL,BOM,2026-10-24,45,95.90,79.00,16.9,USD
2026-09-09,DEL,BOM,2026-10-24,45,95.90,79.00,16.9,USD
2026-09-09,DEL,BOM,2026-10-24,45,95.90,79.00,16.9,USD
2026-09-09,DEL,BOM,2026-10-24,45,95.90,79.00,16.9,USD
2026-09-09,DEL,BOM,2026-10-24,45,95.90,79.00,16.9,USD
2026-09-09,DEL,BOM,2026-10-24,45,95.90,79.00,16.9,USD
2026-09-09,DEL,BOM,2026-10-24,45,95.90,79.00,16.9,USD
2026-09-09,DEL,BOM,2026-10-24,45,99.10,82.00,17.1,USD
2026-09-09,DEL,BOM,2026-10-24,45,99.10,82.00,17.1,USD
2026-09-09,DEL,BLR,2026-09-10,1,88.97,75.40,13.57,USD
2026-09-09,DEL,BLR,2026-09-10,1,92.16,78.10,14.06,USD
2026-09-09,DEL,BLR,2026-09-10,1,92.57,78.45,14.12,USD
2026-09-09,DEL,BLR,2026-09-10,1,110.80,87.00,23.8,USD
2026-09-09,DEL,BLR,2026-09-10,1,110.80,87.00,23.8,USD
2026-09-09,DEL,BLR,2026-09-10,1,110.80,87.00,23.8,USD
2026-09-09,DEL,BLR,2026-09-10,1,111.90,93.00,18.9,USD
2026-09-09,DEL,BLR,2026-09-10,1,113.00,94.00,19,USD
2026-09-09,DEL,BLR,2026-09-10,1,113.00,94.00,19,USD
2026-09-09,DEL,BLR,2026-09-10,1,113.00,94.00,19,USD
2026-09-09,DEL,BLR,2026-09-10,1,113.00,94.00,19,USD
2026-09-09,DEL,BLR,2026-09-10,1,113.00,94.00,19,USD
2026-09-09,DEL,BLR,2026-09-10,1,113.00,94.00,19,USD
2026-09-09,DEL,BLR,2026-09-10,1,116.10,97.00,19.1,USD
2026-09-09,DEL,BLR,2026-09-10,1,116.10,97.00,19.1,USD
2026-09-09,DEL,BLR,2026-09-10,1,116.10,97.00,19.1,USD
2026-09-09,DEL,BLR,2026-09-10,1,118.10,94.00,24.1,USD
2026-09-09,DEL,BLR,2026-09-10,1,118.10,94.00,24.1,USD
2026-09-09,DEL,BLR,2026-09-10,1,119.20,95.00,24.2,USD
2026-09-09,DEL,BLR,2026-09-10,1,119.20,95.00,24.2,USD
2026-09-09,DEL,BLR,2026-09-16,7,87.63,74.26,13.37,USD
2026-09-09,DEL,BLR,2026-09-16,7,88.49,74.99,13.50,USD
2026-09-09,DEL,BLR,2026-09-16,7,90.67,76.84,13.83,USD
2026-09-09,DEL,BLR,2026-09-16,7,110.80,87.00,23.8,USD
2026-09-09,DEL,BLR,2026-09-16,7,110.80,87.00,23.8,USD
2026-09-09,DEL,BLR,2026-09-16,7,110.80,87.00,23.8,USD
2026-09-09,DEL,BLR,2026-09-16,7,111.90,93.00,18.9,USD
2026-09-09,DEL,BLR,2026-09-16,7,113.00,94.00,19,USD
2026-09-09,DEL,BLR,2026-09-16,7,113.00,94.00,19,USD
2026-09-09,DEL,BLR,2026-09-16,7,113.00,94.00,19,USD
2026-09-09,DEL,BLR,2026-09-16,7,113.00,94.00,19,USD
2026-09-09,DEL,BLR,2026-09-16,7,113.00,94.00,19,USD
2026-09-09,DEL,BLR,2026-09-16,7,113.00,94.00,19,USD
2026-09-09,DEL,BLR,2026-09-16,7,116.10,97.00,19.1,USD
2026-09-09,DEL,BLR,2026-09-16,7,118.10,94.00,24.1,USD
2026-09-09,DEL,BLR,2026-09-16,7,119.20,95.00,24.2,USD
2026-09-09,DEL,BLR,2026-09-16,7,119.20,95.00,24.2,USD
2026-09-09,DEL,BLR,2026-09-16,7,119.20,95.00,24.2,USD
2026-09-09,DEL,BLR,2026-09-16,7,119.30,100.00,19.3,USD
2026-09-09,DEL,BLR,2026-09-16,7,119.30,100.00,19.3,USD
2026-09-09,DEL,BLR,2026-09-24,15,88.05,74.62,13.43,USD
2026-09-09,DEL,BLR,2026-09-24,15,90.27,76.50,13.77,USD
2026-09-09,DEL,BLR,2026-09-24,15,92.70,78.56,14.14,USD
2026-09-09,DEL,BLR,2026-09-24,15,110.80,87.00,23.8,USD
2026-09-09,DEL,BLR,2026-09-24,15,110.80,87.00,23.8,USD
2026-09-09,DEL,BLR,2026-09-24,15,110.80,87.00,23.8,USD
2026-09-09,DEL,BLR,2026-09-24,15,111.90,93.00,18.9,USD
2026-09-09,DEL,BLR,2026-09-24,15,113.00,94.00,19,USD
2026-09-09,DEL,BLR,2026-09-24,15,113.00,94.00,19,USD
2026-09-09,DEL,BLR,2026-09-24,15,113.00,94.00,19,USD
2026-09-09,DEL,BLR,2026-09-24,15,113.00,94.00,19,USD
2026-09-09,DEL,BLR,2026-09-24,15,113.00,94.00,19,USD
2026-09-09,DEL,BLR,2026-09-24,15,113.00,94.00,19,USD
2026-09-09,DEL,BLR,2026-09-24,15,116.10,97.00,19.1,USD
2026-09-09,DEL,BLR,2026-09-24,15,116.10,97.00,19.1,USD
2026-09-09,DEL,BLR,2026-09-24,15,116.10,97.00,19.1,USD
2026-09-09,DEL,BLR,2026-09-24,15,116.10,97.00,19.1,USD
2026-09-09,DEL,BLR,2026-09-24,15,118.10,94.00,24.1,USD
2026-09-09,DEL,BLR,2026-09-24,15,119.20,95.00,24.2,USD
2026-09-09,DEL,BLR,2026-09-24,15,119.20,95.00,24.2,USD
2026-09-09,DEL,BLR,2026-10-09,30,88.02,74.59,13.43,USD
2026-09-09,DEL,BLR,2026-10-09,30,90.68,76.85,13.83,USD
2026-09-09,DEL,BLR,2026-10-09,30,92.25,78.18,14.07,USD
2026-09-09,DEL,BLR,2026-10-09,30,113.00,94.00,19,USD
2026-09-09,DEL,BLR,2026-10-09,30,113.00,94.00,19,USD
2026-09-09,DEL,BLR,2026-10-09,30,113.00,94.00,19,USD
2026-09-09,DEL,BLR,2026-10-09,30,113.00,94.00,19,USD
2026-09-09,DEL,BLR,2026-10-09,30,113.00,94.00,19,USD
2026-09-09,DEL,BLR,2026-10-09,30,113.00,94.00,19,USD
2026-09-09,DEL,BLR,2026-10-09,30,113.00,94.00,19,USD
2026-09-09,DEL,BLR,2026-10-09,30,113.00,94.00,19,USD
2026-09-09,DEL,BLR,2026-10-09,30,115.10,96.00,19.1,USD
2026-09-09,DEL,BLR,2026-10-09,30,116.00,92.00,24,USD
2026-09-09,DEL,BLR,2026-10-09,30,116.00,92.00,24,USD
2026-09-09,DEL,BLR,2026-10-09,30,116.10,97.00,19.1,USD
2026-09-09,DEL,BLR,2026-10-09,30,116.10,97.00,19.1,USD
2026-09-09,DEL,BLR,2026-10-09,30,116.10,97.00,19.1,USD
2026-09-09,DEL,BLR,2026-10-09,30,117.10,93.00,24.1,USD
2026-09-09,DEL,BLR,2026-10-09,30,118.20,99.00,19.2,USD
2026-09-09,DEL,BLR,2026-10-09,30,118.20,99.00,19.2,USD
2026-09-09,DEL,BLR,2026-10-24,45,87.95,74.53,13.42,USD
2026-09-09,DEL,BLR,2026-10-24,45,88.56,75.05,13.51,USD
2026-09-09,DEL,BLR,2026-10-24,45,91.75,77.75,14.00,USD
2026-09-09,DEL,BLR,2026-10-24,45,110.80,87.00,23.8,USD
2026-09-09,DEL,BLR,2026-10-24,45,113.00,94.00,19,USD
2026-09-09,DEL,BLR,2026-10-24,45,113.00,94.00,19,USD
2026-09-09,DEL,BLR,2026-10-24,45,113.00,94.00,19,USD
2026-09-09,DEL,BLR,2026-10-24,45,113.00,94.00,19,USD
2026-09-09,DEL,BLR,2026-10-24,45,113.00,94.00,19,USD
2026-09-09,DEL,BLR,2026-10-24,45,115.10,96.00,19.1,USD
2026-09-09,DEL,BLR,2026-10-24,45,116.00,92.00,24,USD
2026-09-09,DEL,BLR,2026-10-24,45,116.10,97.00,19.1,USD
2026-09-09,DEL,BLR,2026-10-24,45,117.10,93.00,24.1,USD
2026-09-09,DEL,BLR,2026-10-24,45,119.20,95.00,24.2,USD
2026-09-09,DEL,BLR,2026-10-24,45,119.30,100.00,19.3,USD
2026-09-09,DEL,BLR,2026-10-24,45,119.30,100.00,19.3,USD
2026-09-09,DEL,BLR,2026-10-24,45,119.30,100.00,19.3,USD
2026-09-09,DEL,BLR,2026-10-24,45,119.30,100.00,19.3,USD
2026-09-09,DEL,BLR,2026-10-24,45,119.30,100.00,19.3,USD
2026-09-09,DEL,BLR,2026-10-24,45,119.30,100.00,19.3,USD
2026-09-09,BOM,BLR,2026-09-10,1,59.40,50.34,9.06,USD
2026-09-09,BOM,BLR,2026-09-10,1,60.17,50.99,9.18,USD
2026-09-09,BOM,BLR,2026-09-10,1,79.00,61.00,18,USD
2026-09-09,BOM,BLR,2026-09-10,1,79.00,61.00,18,USD
2026-09-09,BOM,BLR,2026-09-10,1,84.30,66.00,18.3,USD
2026-09-09,BOM,BLR,2026-09-10,1,84.30,66.00,18.3,USD
2026-09-09,BOM,BLR,2026-09-10,1,87.70,73.00,14.7,USD
2026-09-09,BOM,BLR,2026-09-10,1,87.70,73.00,14.7,USD
2026-09-09,BOM,BLR,2026-09-10,1,87.70,73.00,14.7,USD
2026-09-09,BOM,BLR,2026-09-10,1,87.70,73.00,14.7,USD
2026-09-09,BOM,BLR,2026-09-10,1,90.80,76.00,14.8,USD
2026-09-09,BOM,BLR,2026-09-10,1,90.80,76.00,14.8,USD
2026-09-09,BOM,BLR,2026-09-10,1,92.70,74.00,18.7,USD
2026-09-09,BOM,BLR,2026-09-10,1,92.70,74.00,18.7,USD
2026-09-09,BOM,BLR,2026-09-10,1,92.90,78.00,14.9,USD
2026-09-09,BOM,BLR,2026-09-10,1,94.00,79.00,15,USD
2026-09-09,BOM,BLR,2026-09-10,1,94.00,79.00,15,USD
2026-09-09,BOM,BLR,2026-09-10,1,94.00,79.00,15,USD
2026-09-09,BOM,BLR,2026-09-10,1,94.00,79.00,15,USD
2026-09-09,BOM,BLR,2026-09-10,1,97.10,82.00,15.1,USD
2026-09-09,BOM,BLR,2026-09-16,7,58.95,49.96,8.99,USD
2026-09-09,BOM,BLR,2026-09-16,7,60.39,51.18,9.21,USD
2026-09-09,BOM,BLR,2026-09-16,7,78.00,60.00,18,USD
2026-09-09,BOM,BLR,2026-09-16,7,78.00,60.00,18,USD
2026-09-09,BOM,BLR,2026-09-16,7,83.20,65.00,18.2,USD
2026-09-09,BOM,BLR,2026-09-16,7,83.20,65.00,18.2,USD
2026-09-09,BOM,BLR,2026-09-16,7,84.00,63.00,21,USD
2026-09-09,BOM,BLR,2026-09-16,7,87.70,73.00,14.7,USD
2026-09-09,BOM,BLR,2026-09-16,7,87.70,73.00,14.7,USD
2026-09-09,BOM,BLR,2026-09-16,7,87.70,73.00,14.7,USD
2026-09-09,BOM,BLR,2026-09-16,7,87.70,73.00,14.7,USD
2026-09-09,BOM,BLR,2026-09-16,7,88.50,70.00,18.5,USD
2026-09-09,BOM,BLR,2026-09-16,7,89.20,68.00,21.2,USD
2026-09-09,BOM,BLR,2026-09-16,7,90.80,76.00,14.8,USD
2026-09-09,BOM,BLR,2026-09-16,7,90.80,76.00,14.8,USD
2026-09-09,BOM,BLR,2026-09-16,7,91.60,73.00,18.6,USD
2026-09-09,BOM,BLR,2026-09-16,7,91.60,73.00,18.6,USD
2026-09-09,BOM,BLR,2026-09-16,7,91.90,77.00,14.9,USD
2026-09-09,BOM,BLR,2026-09-16,7,94.00,79.00,15,USD
2026-09-09,BOM,BLR,2026-09-16,7,94.00,79.00,15,USD
2026-09-09,BOM,BLR,2026-09-24,15,57.76,48.95,8.81,USD
2026-09-09,BOM,BLR,2026-09-24,15,60.47,51.25,9.22,USD
2026-09-09,BOM,BLR,2026-09-24,15,78.00,60.00,18,USD
2026-09-09,BOM,BLR,2026-09-24,15,78.00,60.00,18,USD
2026-09-09,BOM,BLR,2026-09-24,15,83.20,65.00,18.2,USD
2026-09-09,BOM,BLR,2026-09-24,15,83.20,65.00,18.2,USD
2026-09-09,BOM,BLR,2026-09-24,15,87.70,73.00,14.7,USD
2026-09-09,BOM,BLR,2026-09-24,15,87.70,73.00,14.7,USD
2026-09-09,BOM,BLR,2026-09-24,15,87.70,73.00,14.7,USD
2026-09-09,BOM,BLR,2026-09-24,15,90.80,76.00,14.8,USD
2026-09-09,BOM,BLR,2026-09-24,15,90.80,76.00,14.8,USD
2026-09-09,BOM,BLR,2026-09-24,15,91.60,73.00,18.6,USD
2026-09-09,BOM,BLR,2026-09-24,15,91.60,73.00,18.6,USD
2026-09-09,BOM,BLR,2026-09-24,15,92.90,78.00,14.9,USD
2026-09-09,BOM,BLR,2026-09-24,15,92.90,78.00,14.9,USD
2026-09-09,BOM,BLR,2026-09-24,15,94.00,79.00,15,USD
2026-09-09,BOM,BLR,2026-09-24,15,94.00,79.00,15,USD
2026-09-09,BOM,BLR,2026-09-24,15,94.00,79.00,15,USD
2026-09-09,BOM,BLR,2026-09-24,15,97.10,82.00,15.1,USD
2026-09-09,BOM,BLR,2026-09-24,15,97.10,82.00,15.1,USD
2026-09-09,BOM,BLR,2026-10-09,30,58.68,49.73,8.95,USD
2026-09-09,BOM,BLR,2026-10-09,30,58.92,49.93,8.99,USD
2026-09-09,BOM,BLR,2026-10-09,30,87.70,73.00,14.7,USD
2026-09-09,BOM,BLR,2026-10-09,30,92.70,74.00,18.7,USD
2026-09-09,BOM,BLR,2026-10-09,30,92.70,74.00,18.7,USD
2026-09-09,BOM,BLR,2026-10-09,30,92.90,78.00,14.9,USD
2026-09-09,BOM,BLR,2026-10-09,30,92.90,78.00,14.9,USD
2026-09-09,BOM,BLR,2026-10-09,30,94.00,79.00,15,USD
2026-09-09,BOM,BLR,2026-10-09,30,98.20,83.00,15.2,USD
2026-09-09,BOM,BLR,2026-10-09,30,98.20,83.00,15.2,USD
2026-09-09,BOM,BLR,2026-10-09,30,100.30,85.00,15.3,USD
2026-09-09,BOM,BLR,2026-10-09,30,101.10,82.00,19.1,USD
2026-09-09,BOM,BLR,2026-10-09,30,101.10,82.00,19.1,USD
2026-09-09,BOM,BLR,2026-10-09,30,101.30,86.00,15.3,USD
2026-09-09,BOM,BLR,2026-10-09,30,101.30,86.00,15.3,USD
2026-09-09,BOM,BLR,2026-10-09,30,104.50,89.00,15.5,USD
2026-09-09,BOM,BLR,2026-10-09,30,105.50,90.00,15.5,USD
2026-09-09,BOM,BLR,2026-10-09,30,105.50,90.00,15.5,USD
2026-09-09,BOM,BLR,2026-10-09,30,106.60,91.00,15.6,USD
2026-09-09,BOM,BLR,2026-10-09,30,107.60,92.00,15.6,USD
2026-09-09,BOM,BLR,2026-10-24,45,58.30,49.41,8.89,USD
2026-09-09,BOM,BLR,2026-10-24,45,58.96,49.97,8.99,USD
2026-09-09,BOM,BLR,2026-10-24,45,92.70,74.00,18.7,USD
2026-09-09,BOM,BLR,2026-10-24,45,92.70,74.00,18.7,USD
2026-09-09,BOM,BLR,2026-10-24,45,92.90,78.00,14.9,USD
2026-09-09,BOM,BLR,2026-10-24,45,94.00,79.00,15,USD
2026-09-09,BOM,BLR,2026-10-24,45,97.10,82.00,15.1,USD
2026-09-09,BOM,BLR,2026-10-24,45,97.10,82.00,15.1,USD
2026-09-09,BOM,BLR,2026-10-24,45,98.20,83.00,15.2,USD
2026-09-09,BOM,BLR,2026-10-24,45,99.20,84.00,15.2,USD
2026-09-09,BOM,BLR,2026-10-24,45,100.30,85.00,15.3,USD
2026-09-09,BOM,BLR,2026-10-24,45,100.30,85.00,15.3,USD
2026-09-09,BOM,BLR,2026-10-24,45,101.10,82.00,19.1,USD
2026-09-09,BOM,BLR,2026-10-24,45,101.10,82.00,19.1,USD
2026-09-09,BOM,BLR,2026-10-24,45,103.40,88.00,15.4,USD
2026-09-09,BOM,BLR,2026-10-24,45,103.40,88.00,15.4,USD
2026-09-09,BOM,BLR,2026-10-24,45,105.50,90.00,15.5,USD
2026-09-09,BOM,BLR,2026-10-24,45,105.50,90.00,15.5,USD
2026-09-09,BOM,BLR,2026-10-24,45,105.50,90.00,15.5,USD
2026-09-09,BOM,BLR,2026-10-24,45,106.60,91.00,15.6,USD
2026-09-09,DEL,HYD,2026-09-10,1,74.63,63.25,11.38,USD
2026-09-09,DEL,HYD,2026-09-10,1,75.32,63.83,11.49,USD
2026-09-09,DEL,HYD,2026-09-10,1,76.43,64.77,11.66,USD
2026-09-09,DEL,HYD,2026-09-10,1,84.50,69.00,15.5,USD
2026-09-09,DEL,HYD,2026-09-10,1,84.50,69.00,15.5,USD
2026-09-09,DEL,HYD,2026-09-10,1,84.50,69.00,15.5,USD
2026-09-09,DEL,HYD,2026-09-10,1,84.50,69.00,15.5,USD
2026-09-09,DEL,HYD,2026-09-10,1,84.50,69.00,15.5,USD
2026-09-09,DEL,HYD,2026-09-10,1,84.50,69.00,15.5,USD
2026-09-09,DEL,HYD,2026-09-10,1,84.50,69.00,15.5,USD
2026-09-09,DEL,HYD,2026-09-10,1,84.50,69.00,15.5,USD
2026-09-09,DEL,HYD,2026-09-10,1,84.50,69.00,15.5,USD
2026-09-09,DEL,HYD,2026-09-10,1,84.50,69.00,15.5,USD
2026-09-09,DEL,HYD,2026-09-10,1,84.50,69.00,15.5,USD
2026-09-09,DEL,HYD,2026-09-10,1,87.70,72.00,15.7,USD
2026-09-09,DEL,HYD,2026-09-10,1,90.80,75.00,15.8,USD
2026-09-09,DEL,HYD,2026-09-10,1,90.80,75.00,15.8,USD
2026-09-09,DEL,HYD,2026-09-10,1,90.80,75.00,15.8,USD
2026-09-09,DEL,HYD,2026-09-10,1,90.80,75.00,15.8,USD
2026-09-09,DEL,HYD,2026-09-10,1,90.80,75.00,15.8,USD
2026-09-09,DEL,HYD,2026-09-16,7,72.34,61.31,11.03,USD
2026-09-09,DEL,HYD,2026-09-16,7,73.90,62.63,11.27,USD
2026-09-09,DEL,HYD,2026-09-16,7,75.31,63.82,11.49,USD
2026-09-09,DEL,HYD,2026-09-16,7,84.50,69.00,15.5,USD
2026-09-09,DEL,HYD,2026-09-16,7,84.50,69.00,15.5,USD
2026-09-09,DEL,HYD,2026-09-16,7,84.50,69.00,15.5,USD
2026-09-09,DEL,HYD,2026-09-16,7,84.50,69.00,15.5,USD
2026-09-09,DEL,HYD,2026-09-16,7,84.50,69.00,15.5,USD
2026-09-09,DEL,HYD,2026-09-16,7,84.50,69.00,15.5,USD
2026-09-09,DEL,HYD,2026-09-16,7,84.50,69.00,15.5,USD
2026-09-09,DEL,HYD,2026-09-16,7,84.50,69.00,15.5,USD
2026-09-09,DEL,HYD,2026-09-16,7,84.50,69.00,15.5,USD
2026-09-09,DEL,HYD,2026-09-16,7,84.50,69.00,15.5,USD
2026-09-09,DEL,HYD,2026-09-16,7,84.50,69.00,15.5,USD
2026-09-09,DEL,HYD,2026-09-16,7,87.70,72.00,15.7,USD
2026-09-09,DEL,HYD,2026-09-16,7,90.80,75.00,15.8,USD
2026-09-09,DEL,HYD,2026-09-16,7,90.80,75.00,15.8,USD
2026-09-09,DEL,HYD,2026-09-16,7,90.80,75.00,15.8,USD
2026-09-09,DEL,HYD,2026-09-16,7,90.80,75.00,15.8,USD
2026-09-09,DEL,HYD,2026-09-16,7,90.80,75.00,15.8,USD
2026-09-09,DEL,HYD,2026-09-24,15,73.62,62.39,11.23,USD
2026-09-09,DEL,HYD,2026-09-24,15,74.29,62.96,11.33,USD
2026-09-09,DEL,HYD,2026-09-24,15,74.47,63.11,11.36,USD
2026-09-09,DEL,HYD,2026-09-24,15,84.50,69.00,15.5,USD
2026-09-09,DEL,HYD,2026-09-24,15,84.50,69.00,15.5,USD
2026-09-09,DEL,HYD,2026-09-24,15,84.50,69.00,15.5,USD
2026-09-09,DEL,HYD,2026-09-24,15,84.50,69.00,15.5,USD
2026-09-09,DEL,HYD,2026-09-24,15,84.50,69.00,15.5,USD
2026-09-09,DEL,HYD,2026-09-24,15,84.50,69.00,15.5,USD
2026-09-09,DEL,HYD,2026-09-24,15,84.50,69.00,15.5,USD
2026-09-09,DEL,HYD,2026-09-24,15,84.50,69.00,15.5,USD
2026-09-09,DEL,HYD,2026-09-24,15,84.50,69.00,15.5,USD
2026-09-09,DEL,HYD,2026-09-24,15,84.50,69.00,15.5,USD
2026-09-09,DEL,HYD,2026-09-24,15,87.70,72.00,15.7,USD
2026-09-09,DEL,HYD,2026-09-24,15,87.70,72.00,15.7,USD
2026-09-09,DEL,HYD,2026-09-24,15,90.80,75.00,15.8,USD
2026-09-09,DEL,HYD,2026-09-24,15,90.80,75.00,15.8,USD
2026-09-09,DEL,HYD,2026-09-24,15,90.80,75.00,15.8,USD
2026-09-09,DEL,HYD,2026-09-24,15,90.80,75.00,15.8,USD
2026-09-09,DEL,HYD,2026-09-24,15,90.80,75.00,15.8,USD
2026-09-09,DEL,HYD,2026-10-09,30,72.89,61.77,11.12,USD
2026-09-09,DEL,HYD,2026-10-09,30,75.43,63.92,11.51,USD
2026-09-09,DEL,HYD,2026-10-09,30,75.79,64.23,11.56,USD
2026-09-09,DEL,HYD,2026-10-09,30,101.30,85.00,16.3,USD
2026-09-09,DEL,HYD,2026-10-09,30,101.30,85.00,16.3,USD
2026-09-09,DEL,HYD,2026-10-09,30,101.30,85.00,16.3,USD
2026-09-09,DEL,HYD,2026-10-09,30,101.30,85.00,16.3,USD
2026-09-09,DEL,HYD,2026-10-09,30,101.30,85.00,16.3,USD
2026-09-09,DEL,HYD,2026-10-09,30,101.30,85.00,16.3,USD
2026-09-09,DEL,HYD,2026-10-09,30,101.30,85.00,16.3,USD
2026-09-09,DEL,HYD,2026-10-09,30,101.30,85.00,16.3,USD
2026-09-09,DEL,HYD,2026-10-09,30,101.30,85.00,16.3,USD
2026-09-09,DEL,HYD,2026-10-09,30,102.40,86.00,16.4,USD
2026-09-09,DEL,HYD,2026-10-09,30,103.40,87.00,16.4,USD
2026-09-09,DEL,HYD,2026-10-09,30,104.50,88.00,16.5,USD
2026-09-09,DEL,HYD,2026-10-09,30,106.60,90.00,16.6,USD
2026-09-09,DEL,HYD,2026-10-09,30,106.60,90.00,16.6,USD
2026-09-09,DEL,HYD,2026-10-09,30,106.60,90.00,16.6,USD
2026-09-09,DEL,HYD,2026-10-09,30,106.60,90.00,16.6,USD
2026-09-09,DEL,HYD,2026-10-09,30,106.60,90.00,16.6,USD
2026-09-09,DEL,HYD,2026-10-24,45,73.21,62.04,11.17,USD
2026-09-09,DEL,HYD,2026-10-24,45,74.45,63.09,11.36,USD
2026-09-09,DEL,HYD,2026-10-24,45,76.13,64.52,11.61,USD
2026-09-09,DEL,HYD,2026-10-24,45,101.30,85.00,16.3,USD
2026-09-09,DEL,HYD,2026-10-24,45,101.30,85.00,16.3,USD
2026-09-09,DEL,HYD,2026-10-24,45,101.30,85.00,16.3,USD
2026-09-09,DEL,HYD,2026-10-24,45,101.30,85.00,16.3,USD
2026-09-09,DEL,HYD,2026-10-24,45,101.30,85.00,16.3,USD
2026-09-09,DEL,HYD,2026-10-24,45,101.30,85.00,16.3,USD
2026-09-09,DEL,HYD,2026-10-24,45,101.30,85.00,16.3,USD
2026-09-09,DEL,HYD,2026-10-24,45,101.30,85.00,16.3,USD
2026-09-09,DEL,HYD,2026-10-24,45,102.40,86.00,16.4,USD
2026-09-09,DEL,HYD,2026-10-24,45,104.50,88.00,16.5,USD
2026-09-09,DEL,HYD,2026-10-24,45,106.60,90.00,16.6,USD
2026-09-09,DEL,HYD,2026-10-24,45,106.60,90.00,16.6,USD
2026-09-09,DEL,HYD,2026-10-24,45,106.60,90.00,16.6,USD
2026-09-09,DEL,HYD,2026-10-24,45,106.60,90.00,16.6,USD
2026-09-09,DEL,HYD,2026-10-24,45,106.60,90.00,16.6,USD
2026-09-09,DEL,HYD,2026-10-24,45,106.60,90.00,16.6,USD
2026-09-09,DEL,HYD,2026-10-24,45,106.60,90.00,16.6,USD
2026-09-09,BOM,CCU,2026-09-10,1,85.39,72.36,13.03,USD
2026-09-09,BOM,CCU,2026-09-10,1,96.80,78.00,18.8,USD
2026-09-09,BOM,CCU,2026-09-10,1,96.80,78.00,18.8,USD
2026-09-09,BOM,CCU,2026-09-10,1,96.80,78.00,18.8,USD
2026-09-09,BOM,CCU,2026-09-10,1,96.80,78.00,18.8,USD
2026-09-09,BOM,CCU,2026-09-10,1,97.60,74.00,23.6,USD
2026-09-09,BOM,CCU,2026-09-10,1,101.80,78.00,23.8,USD
2026-09-09,BOM,CCU,2026-09-10,1,102.00,83.00,19,USD
2026-09-09,BOM,CCU,2026-09-10,1,102.00,83.00,19,USD
2026-09-09,BOM,CCU,2026-09-10,1,102.00,83.00,19,USD
2026-09-09,BOM,CCU,2026-09-10,1,102.00,83.00,19,USD
2026-09-09,BOM,CCU,2026-09-10,1,111.30,87.00,24.3,USD
2026-09-09,BOM,CCU,2026-09-10,1,113.60,94.00,19.6,USD
2026-09-09,BOM,CCU,2026-09-10,1,113.60,94.00,19.6,USD
2026-09-09,BOM,CCU,2026-09-10,1,113.60,94.00,19.6,USD
2026-09-09,BOM,CCU,2026-09-10,1,113.60,94.00,19.6,USD
2026-09-09,BOM,CCU,2026-09-10,1,144.60,118.00,26.6,USD
2026-09-09,BOM,CCU,2026-09-10,1,145.60,119.00,26.6,USD
2026-09-09,BOM,CCU,2026-09-10,1,146.70,120.00,26.7,USD
2026-09-09,BOM,CCU,2026-09-10,1,151.40,124.00,27.4,USD
2026-09-09,BOM,CCU,2026-09-16,7,89.93,76.21,13.72,USD
2026-09-09,BOM,CCU,2026-09-16,7,96.60,73.00,23.6,USD
2026-09-09,BOM,CCU,2026-09-16,7,96.80,78.00,18.8,USD
2026-09-09,BOM,CCU,2026-09-16,7,96.80,78.00,18.8,USD
2026-09-09,BOM,CCU,2026-09-16,7,96.80,78.00,18.8,USD
2026-09-09,BOM,CCU,2026-09-16,7,96.80,78.00,18.8,USD
2026-09-09,BOM,CCU,2026-09-16,7,100.80,77.00,23.8,USD
2026-09-09,BOM,CCU,2026-09-16,7,102.00,83.00,19,USD
2026-09-09,BOM,CCU,2026-09-16,7,102.00,83.00,19,USD
2026-09-09,BOM,CCU,2026-09-16,7,102.00,83.00,19,USD
2026-09-09,BOM,CCU,2026-09-16,7,102.00,83.00,19,USD
2026-09-09,BOM,CCU,2026-09-16,7,110.20,86.00,24.2,USD
2026-09-09,BOM,CCU,2026-09-16,7,113.60,94.00,19.6,USD
2026-09-09,BOM,CCU,2026-09-16,7,113.60,94.00,19.6,USD
2026-09-09,BOM,CCU,2026-09-16,7,113.60,94.00,19.6,USD
2026-09-09,BOM,CCU,2026-09-16,7,113.60,94.00,19.6,USD
2026-09-09,BOM,CCU,2026-09-16,7,144.60,118.00,26.6,USD
2026-09-09,BOM,CCU,2026-09-16,7,144.60,118.00,26.6,USD
2026-09-09,BOM,CCU,2026-09-16,7,151.40,124.00,27.4,USD
2026-09-09,BOM,CCU,2026-09-16,7,151.40,124.00,27.4,USD
2026-09-09,BOM,CCU,2026-09-24,15,85.74,72.66,13.08,USD
2026-09-09,BOM,CCU,2026-09-24,15,96.60,73.00,23.6,USD
2026-09-09,BOM,CCU,2026-09-24,15,96.80,78.00,18.8,USD
2026-09-09,BOM,CCU,2026-09-24,15,96.80,78.00,18.8,USD
2026-09-09,BOM,CCU,2026-09-24,15,96.80,78.00,18.8,USD
2026-09-09,BOM,CCU,2026-09-24,15,100.80,77.00,23.8,USD
2026-09-09,BOM,CCU,2026-09-24,15,102.00,83.00,19,USD
2026-09-09,BOM,CCU,2026-09-24,15,102.00,83.00,19,USD
2026-09-09,BOM,CCU,2026-09-24,15,102.00,83.00,19,USD
2026-09-09,BOM,CCU,2026-09-24,15,103.10,84.00,19.1,USD
2026-09-09,BOM,CCU,2026-09-24,15,108.30,89.00,19.3,USD
2026-09-09,BOM,CCU,2026-09-24,15,110.20,86.00,24.2,USD
2026-09-09,BOM,CCU,2026-09-24,15,113.60,94.00,19.6,USD
2026-09-09,BOM,CCU,2026-09-24,15,113.60,94.00,19.6,USD
2026-09-09,BOM,CCU,2026-09-24,15,113.60,94.00,19.6,USD
2026-09-09,BOM,CCU,2026-09-24,15,120.90,101.00,19.9,USD
2026-09-09,BOM,CCU,2026-09-24,15,144.60,118.00,26.6,USD
2026-09-09,BOM,CCU,2026-09-24,15,146.70,120.00,26.7,USD
2026-09-09,BOM,CCU,2026-09-24,15,151.40,124.00,27.4,USD
2026-09-09,BOM,CCU,2026-09-24,15,151.40,124.00,27.4,USD
2026-09-09,BOM,CCU,2026-10-09,30,90.89,77.03,13.86,USD
2026-09-09,BOM,CCU,2026-10-09,30,112.50,93.00,19.5,USD
2026-09-09,BOM,CCU,2026-10-09,30,117.80,98.00,19.8,USD
2026-09-09,BOM,CCU,2026-10-09,30,123.00,103.00,20,USD
2026-09-09,BOM,CCU,2026-10-09,30,123.00,103.00,20,USD
2026-09-09,BOM,CCU,2026-10-09,30,127.20,107.00,20.2,USD
2026-09-09,BOM,CCU,2026-10-09,30,128.30,108.00,20.3,USD
2026-09-09,BOM,CCU,2026-10-09,30,128.30,108.00,20.3,USD
2026-09-09,BOM,CCU,2026-10-09,30,128.30,108.00,20.3,USD
2026-09-09,BOM,CCU,2026-10-09,30,129.30,109.00,20.3,USD
2026-09-09,BOM,CCU,2026-10-09,30,133.50,113.00,20.5,USD
2026-09-09,BOM,CCU,2026-10-09,30,134.60,114.00,20.6,USD
2026-09-09,BOM,CCU,2026-10-09,30,140.90,120.00,20.9,USD
2026-09-09,BOM,CCU,2026-10-09,30,140.90,120.00,20.9,USD
2026-09-09,BOM,CCU,2026-10-09,30,144.60,118.00,26.6,USD
2026-09-09,BOM,CCU,2026-10-09,30,146.10,125.00,21.1,USD
2026-09-09,BOM,CCU,2026-10-09,30,146.10,125.00,21.1,USD
2026-09-09,BOM,CCU,2026-10-09,30,147.70,121.00,26.7,USD
2026-09-09,BOM,CCU,2026-10-09,30,148.80,122.00,26.8,USD
2026-09-09,BOM,CCU,2026-10-09,30,154.50,127.00,27.5,USD
2026-09-09,BOM,CCU,2026-10-24,45,87.45,74.11,13.34,USD
2026-09-09,BOM,CCU,2026-10-24,45,112.50,93.00,19.5,USD
2026-09-09,BOM,CCU,2026-10-24,45,117.80,98.00,19.8,USD
2026-09-09,BOM,CCU,2026-10-24,45,123.00,103.00,20,USD
2026-09-09,BOM,CCU,2026-10-24,45,123.00,103.00,20,USD
2026-09-09,BOM,CCU,2026-10-24,45,127.20,107.00,20.2,USD
2026-09-09,BOM,CCU,2026-10-24,45,128.30,108.00,20.3,USD
2026-09-09,BOM,CCU,2026-10-24,45,128.30,108.00,20.3,USD
2026-09-09,BOM,CCU,2026-10-24,45,129.30,109.00,20.3,USD
2026-09-09,BOM,CCU,2026-10-24,45,133.50,113.00,20.5,USD
2026-09-09,BOM,CCU,2026-10-24,45,133.50,113.00,20.5,USD
2026-09-09,BOM,CCU,2026-10-24,45,139.80,119.00,20.8,USD
2026-09-09,BOM,CCU,2026-10-24,45,140.90,120.00,20.9,USD
2026-09-09,BOM,CCU,2026-10-24,45,140.90,120.00,20.9,USD
2026-09-09,BOM,CCU,2026-10-24,45,144.60,118.00,26.6,USD
2026-09-09,BOM,CCU,2026-10-24,45,146.10,125.00,21.1,USD
2026-09-09,BOM,CCU,2026-10-24,45,147.70,121.00,26.7,USD
2026-09-09,BOM,CCU,2026-10-24,45,148.80,122.00,26.8,USD
2026-09-09,BOM,CCU,2026-10-24,45,152.40,131.00,21.4,USD
2026-09-09,BOM,CCU,2026-10-24,45,155.10,128.00,27.1,USD
